product_id,product_name,brand_name,primary_category,price_usd,rating,loves_count,num_ingredients,num_cmr_ingredients,has_cmr,cmr_ratio
P01018539,Master Mattes Liquid Eyeliner,MAKEUP BY MARIO,Makeup,24.0,3.8428,13625,19,0,0,0.0
P02318798,Master Metallics Eyeshadow Palette,MAKEUP BY MARIO,Makeup,50.0,3.4063,25738,85,0,0,0.0
P04456664,Master Eye Prep & Set,MAKEUP BY MARIO,Makeup,30.0,3.5946,29675,37,0,0,0.0
P04546871,Body Lava Body Luminizer,Fenty Beauty by Rihanna,Bath & Body,59.0,3.8327,161689,13,0,0,0.0
P04897543,Pro Filt'r Instant Retouch Primer,Fenty Beauty by Rihanna,Makeup,36.0,4.1127,159395,29,0,0,0.0
P05048798,Brow Harmony Pencil & Gel,Rare Beauty by Selena Gomez,Makeup,22.0,4.2179,39276,44,0,0,0.0
P0901,Pour Homme,Dolce&Gabbana,Fragrance,100.0,4.6557,3171,15,0,0,0.0
P0956,Pi Eau de Toilette,Givenchy,Fragrance,108.0,4.6642,6248,19,0,0,0.0
P102813,HYPNOSE WATERPROOF - Custom Volume Mascara,Lancôme,Makeup,33.0,3.949,7950,26,0,0,0.0
P104006,Blush/Bronzer Duo,NARS,Makeup,42.0,4.4884,74741,44,0,0,0.0
P107306,Renewing Eye Cream,Murad,Skincare,89.0,4.0316,13212,55,0,0,0.0
P107319,Cleansing And Softening Refillable Shower Oil With Almond Oil,L'Occitane,Bath & Body,29.0,4.3501,75358,35,0,0,0.0
P109906,Lip Glacé Lip Gloss,Laura Mercier,Makeup,29.0,4.552,52074,38,0,0,0.0
P109908,Translucent Loose Setting Powder,Laura Mercier,Makeup,43.0,4.5029,813497,19,0,0,0.0
P109911,Secret Brightening Powder for Under Eyes,Laura Mercier,Makeup,33.0,4.2645,95941,26,0,0,0.0
P109927,Eye Basics Primer,Laura Mercier,Makeup,28.0,4.3261,43762,29,0,0,0.0
P109931,Secret Camouflage Concealer,Laura Mercier,Makeup,38.0,4.1251,52239,30,0,0,0.0
P109936,Tinted Moisturizer Natural Skin Perfector Broad Spectrum SPF 30,Laura Mercier,Makeup,53.0,4.0333,193421,39,0,0,0.0
P109941,Kohl Eye Pencil,Laura Mercier,Makeup,28.0,4.3006,11419,17,0,0,0.0
P109943,Eyebrow Pencil,Laura Mercier,Makeup,28.0,4.2556,8875,17,0,0,0.0
P111902,"Lights, Camera, Lashes 4-in-1 Mascara",tarte,Makeup,25.0,4.1675,112414,19,0,0,0.0
P11487778,With Gratitude Dewy Lip Balm,Rare Beauty by Selena Gomez,Makeup,16.0,3.5823,148190,22,0,0,0.0
P114902,Goodbye Acne  Max Complexion Correction Pads,Peter Thomas Roth,Skincare,48.0,4.4199,56955,30,3,1,0.1
P117410,euphoria,Calvin Klein,Fragrance,93.0,4.5671,17410,27,0,0,0.0
P12045,Grape Water Moisturizing Face Mist,Caudalie,Skincare,12.0,4.4431,140024,3,0,0,0.0
P122626,Cream Shave,CLINIQUE,Men,23.0,4.4444,1029,25,0,0,0.0
P122635,Clinique Happy for Men,CLINIQUE,Fragrance,59.0,4.7976,3294,10,0,0,0.0
P122641,Clinique Happy,CLINIQUE,Fragrance,62.0,4.473,21297,12,0,0,0.0
P122651,Clarifying Lotion 1,CLINIQUE,Skincare,20.0,4.515,7569,16,3,1,0.1875
P122654,Deep Comfort Body Butter,CLINIQUE,Bath & Body,38.0,4.7107,10245,32,0,0,0.0
P122661,7 Day Face Scrub Cream Rinse-Off Formula,CLINIQUE,Skincare,26.0,4.5321,16656,26,0,0,0.0
P122665,Face Scrub,CLINIQUE,Men,25.0,4.7305,4621,17,3,1,0.17647058823529413
P122668,Blended Face Powder,CLINIQUE,Makeup,34.0,4.3629,19204,19,0,0,0.0
P122675,Naturally Gentle Eye Makeup Remover,CLINIQUE,Makeup,23.5,4.3597,5712,16,0,0,0.0
P122682,Aloe Shave Gel,CLINIQUE,Men,23.0,4.7368,1811,20,0,0,0.0
P122683,Oil Control Mattifying Moisturizer,CLINIQUE,Men,36.0,4.2083,2695,35,0,0,0.0
P122694,Line Smoothing Concealer,CLINIQUE,Makeup,26.0,4.0591,16986,30,0,0,0.0
P122699,Aromatics Elixir,CLINIQUE,Fragrance,88.0,4.3041,3347,23,0,0,0.0
P122718,Exfoliating Face Scrub,CLINIQUE,Skincare,26.0,4.6122,40899,15,3,1,0.2
P122727,Repairwear Anti-Gravity Eye Cream,CLINIQUE,Skincare,54.0,4.1702,11912,48,0,0,0.0
P122735,"Take The Day Off Makeup Remover For Lids, Lashes & Lips",CLINIQUE,Makeup,23.5,4.5075,89554,13,0,0,0.0
P122736,Superpowder Double Face Makeup Foundation,CLINIQUE,Makeup,37.0,4.3206,27481,23,0,0,0.0
P122739,Superbalm Lip Treatment,CLINIQUE,Makeup,19.0,4.2869,8487,26,0,0,0.0
P122740,Superbalanced Makeup Foundation,CLINIQUE,Makeup,34.0,4.1914,22746,35,0,0,0.0
P122748,Stay-Matte Sheer Pressed Powder,CLINIQUE,Makeup,37.0,4.3333,42543,23,0,0,0.0
P122749,Sparkle Skin Body Exfoliator,CLINIQUE,Bath & Body,34.0,4.3537,8514,17,3,1,0.17647058823529413
P122751,Almost Lipstick,CLINIQUE,Makeup,23.0,4.4177,214294,25,0,0,0.0
P122761,Exfoliating Tonic,CLINIQUE,Men,20.0,4.5417,3039,15,3,1,0.2
P122762,Rinse-Off Foaming Cleanser,CLINIQUE,Skincare,23.5,4.4933,17770,17,0,0,0.0
P122763,Rinse-Off Eye Makeup Solvent,CLINIQUE,Makeup,23.5,4.2505,8420,7,0,0,0.0
P122765,Quickliner For Eyes Eyeliner,CLINIQUE,Makeup,23.0,4.2676,22848,21,0,0,0.0
P122767,All About Lips,CLINIQUE,Skincare,28.0,4.0178,6581,37,3,1,0.08108108108108109
P122770,Post-Shave Soother,CLINIQUE,Men,27.0,4.7174,2860,23,0,0,0.0
P122772,Non-Streak Bronzer,CLINIQUE,Bath & Body,26.0,4.386,2018,12,0,0,0.0
P122774,All About Eyes Eye Cream,CLINIQUE,Skincare,37.0,4.0722,32398,35,0,0,0.0
P122782,Repairwear Intensive Lip Treatment,CLINIQUE,Skincare,31.5,4.2963,15182,73,0,0,0.0
P122806,Broad Spectrum SPF 21 Moisturizer,CLINIQUE,Men,36.0,4.3529,3116,42,0,0,0.0
P122807,True Bronze Pressed Powder Bronzer,CLINIQUE,Makeup,37.0,4.5299,9615,20,0,0,0.0
P122809,Moisturizing Lotion,CLINIQUE,Men,36.0,4.475,2150,22,0,0,0.0
P122834,Lash Doubling Mascara,CLINIQUE,Makeup,23.0,4.0372,8779,36,0,0,0.0
P122866,Lash Building Primer,CLINIQUE,Makeup,21.0,4.2907,24084,16,0,0,0.0
P122876,Clarifying Lotion 4,CLINIQUE,Skincare,20.0,4.385,5508,14,3,1,0.21428571428571427
P122881,Clarifying Lotion 3,CLINIQUE,Skincare,20.0,4.3181,24326,17,3,1,0.17647058823529413
P122882,Clarifying Lotion 2,CLINIQUE,Skincare,20.0,4.3815,38875,12,0,0,0.0
P122900,Dramatically Different Moisturizing Gel,CLINIQUE,Skincare,32.5,4.4383,95864,35,0,0,0.0
P122912,High Impact Mascara,CLINIQUE,Makeup,23.0,4.2856,46607,47,0,0,0.0
P122914,"Airbrush Concealer Illuminates, Perfects",CLINIQUE,Makeup,28.0,4.1732,20466,36,0,0,0.0
P12295,Sugar Face Polish Exfoliator,fresh,Skincare,64.0,4.5196,78005,22,0,0,0.0
P12336,Rose Face Mask,fresh,Skincare,64.0,4.1887,125801,32,0,0,0.0
P12420,Light Blue Eau de Toilette,Dolce&Gabbana,Fragrance,116.0,4.5468,130494,10,0,0,0.0
P12430,Acqua di Giò Eau de Toilette Spray,Armani Beauty,Fragrance,110.0,4.741,29888,16,0,0,0.0
P12481,N°5 Parfum,CHANEL,Fragrance,140.0,4.1,8101,20,0,0,0.0
P12495,COCO MADEMOISELLE Eau de Parfum,CHANEL,Fragrance,122.0,4.5667,257774,18,0,0,0.0
P12539,ALLURE HOMME Eau de Toilette,CHANEL,Fragrance,120.0,4.7333,3058,16,0,0,0.0
P12542,PLATINUM ÉGOÏSTE Eau de Toilette,CHANEL,Fragrance,96.0,4.75,6183,19,0,0,0.0
P12568,"All-Over Wash For Face, Hair & Body",Jack Black,Men,24.0,4.6645,6471,30,0,0,0.0
P12569,Beard Lube Conditioning Shave,Jack Black,Men,35.0,4.7792,8783,18,0,0,0.0
P12570,Eye Balm De-Puffing & Cooling Gel,Jack Black,Men,26.0,4.2157,4776,21,0,0,0.0
P12571,Face Buff Energizing Scrub,Jack Black,Men,20.0,4.7614,10670,47,0,0,0.0
P12572,Industrial Strength Hand Healer,Jack Black,Bath & Body,16.0,4.6659,6655,21,0,0,0.0
P12573,Intense Therapy Lip Balm SPF 25,Jack Black,Skincare,10.0,4.6818,123439,14,0,0,0.0
P12574,Line Smoother Oil-Free Moisturizer,Jack Black,Men,32.0,4.4545,4071,29,0,0,0.0
P12577,Post Shave Cooling Gel,Jack Black,Men,23.0,4.6949,3160,28,0,0,0.0
P126301,Take The Day Off Cleansing Balm Makeup Remover,CLINIQUE,Skincare,38.0,4.5294,185324,9,0,0,0.0
P1272,Benetint Liquid Lip Blush & Cheek Tint,Benefit Cosmetics,Makeup,21.0,4.1869,166261,15,0,0,0.0
P1273,Boi-ing Industrial Strength Full Coverage Cream Concealer,Benefit Cosmetics,Makeup,24.0,4.1724,71780,24,0,0,0.0
P12790,Bronzer Powder,NARS,Makeup,38.0,4.676,155043,77,0,0,0.0
P12857,Rice Sake Bath,fresh,Bath & Body,82.0,4.3054,16918,26,0,0,0.0
P128706,Cils Booster XL Super-Enhancing Mascara Primer,Lancôme,Makeup,30.0,4.4446,114520,21,0,0,0.0
P13046537,Afterglow Lip Balm,NARS,Makeup,28.0,4.0064,181587,38,0,0,0.0
P130909,Instant Smooth Perfecting Touch Primer,Clarins,Makeup,40.0,4.3822,12197,20,0,0,0.0
P13211222,Master Secret Glow Highlighter,MAKEUP BY MARIO,Makeup,24.0,2.9794,27578,10,0,0,0.0
P133707,24/7 Glide-On Waterproof Eyeliner Pencil,Urban Decay,Makeup,25.0,4.3773,543118,15,0,0,0.0
P136025,Burberry London,BURBERRY,Fragrance,112.0,4.6875,8056,24,0,0,0.0
P138300,CHANCE Eau de Parfum,CHANEL,Fragrance,122.0,4.7692,35626,21,0,0,0.0
P139000,All About Clean Liquid Facial Soap,CLINIQUE,Skincare,23.5,4.3694,57395,23,0,0,0.0
P139005,pores no more pore refiner primer,Dr. Brandt Skincare,Makeup,48.0,4.2677,108740,30,0,0,0.0
P140906,Tinted Moisturizer Oil Free Natural Skin Perfector Broad Spectrum SPF 20,Laura Mercier,Makeup,53.0,4.3113,148908,28,0,0,0.0
P144212,Armani Code Pour Femme,Armani Beauty,Fragrance,76.0,4.5941,23581,18,0,0,0.0
P152203,Hand and Nail Cream,Caudalie,Bath & Body,16.0,4.5379,54762,49,0,0,0.0
P152703,Smooth Operator Amazonian Clay Tinted Pressed Finishing Powder,tarte,Makeup,35.0,4.1933,28818,31,0,0,0.0
P158509,Faux Tan Bronzer,bareMinerals,Makeup,25.0,4.526,947,9,0,0,0.0
P162529,London for Men,BURBERRY,Fragrance,94.0,4.7653,4001,14,0,0,0.0
P162554,Almond Smoothing and Beautifying Supple Skin Oil,L'Occitane,Bath & Body,50.0,4.6064,43851,12,0,0,0.0
P163102,Prada Amber Pour Homme,Prada,Fragrance,115.0,4.39,2976,25,0,0,0.0
P163103,Bright Crystal,Versace,Fragrance,105.0,4.5377,159691,19,0,0,0.0
P163604,Colonia,Acqua di Parma,Fragrance,181.0,4.2125,4157,19,0,0,0.0
P164302,euphoria men,Calvin Klein,Fragrance,104.0,4.4138,1441,23,0,0,0.0
P164932,Minted Rose Lip Balm,Rosebud Perfume Co.,Skincare,8.0,4.5225,34913,4,0,0,0.0
P168609,PLATINUM ÉGOÏSTE Deodorant Stick,CHANEL,Bath & Body,40.0,4.4615,5026,20,0,0,0.0
P169301,Versace Man Eau Fraiche,Versace,Fragrance,130.0,4.8292,14544,11,0,0,0.0
P169812,Aqua Seal,MAKE UP FOR EVER,Makeup,21.0,4.1444,25949,5,0,0,0.0
P171101,Sens’Eyes - Waterproof Sensitive Eye Cleanser,MAKE UP FOR EVER,Makeup,25.0,4.3658,29284,27,0,0,0.0
P171300,Pure Clean Daily Facial Cleanser,Jack Black,Men,20.0,4.572,10328,23,0,0,0.0
P173317,Brow Primer,Anastasia Beverly Hills,Makeup,21.0,4.2638,20917,15,0,0,0.0
P173619,Benefiance WrinkleResist24 Pure Retinol Express Smoothing Eye Mask,Shiseido,Skincare,70.0,4.422,81341,30,0,0,0.0
P173622,Benefiance Pure Retinol Intensive Revitalizing Face Mask,Shiseido,Skincare,70.0,4.45,11355,40,0,0,0.0
P173652,Bio-Performance Advanced Super Revitalizing Cream,Shiseido,Skincare,85.0,4.5335,22311,39,0,0,0.0
P173726,Facial Cotton,Shiseido,Skincare,13.0,4.8284,133163,1,0,0,0.0
P174213,Full-On Plumping Lip Polish Gloss,Buxom,Makeup,25.0,4.625,464024,6,0,0,0.0
P174502,All About Eyes Rich Eye Cream,CLINIQUE,Skincare,37.0,4.1444,68979,58,0,0,0.0
P17876556,Flyliner Longwear Liquid Eyeliner,Fenty Beauty by Rihanna,Makeup,24.0,3.5828,91896,20,0,0,0.0
P179007,Classic - Warm Cotton,CLEAN RESERVE,Fragrance,74.0,4.0411,18145,15,0,0,0.0
P179924,"Lights, Camera, Splashes Waterproof Mascara",tarte,Makeup,25.0,3.6866,35578,13,0,0,0.0
P180727,L'Homme,Yves Saint Laurent,Fragrance,89.0,4.8405,27319,20,0,0,0.0
P183301,Black Orchid Eau de Parfum,TOM FORD,Fragrance,150.0,4.2191,54405,20,0,0,0.0
P183733,Supreme Cream Triple Cushion Shave Lather,Jack Black,Men,22.0,4.8014,4712,38,0,0,0.0
P183916,Lip Liner,Givenchy,Makeup,30.0,4.4754,15108,28,0,0,0.0
P183919,Aqua Lip Waterproof Lipliner Pencil,MAKE UP FOR EVER,Makeup,22.0,4.4419,150168,17,0,0,0.0
P186402,Light Blue Pour Homme Eau de Toilette,Dolce&Gabbana,Fragrance,100.0,4.7358,19367,17,0,0,0.0
P186805,Dior Addict Lip Maximizer Plumping Gloss,Dior,Makeup,40.0,4.4714,482461,29,0,0,0.0
P187202,Tinted Brow Gel,Anastasia Beverly Hills,Makeup,22.0,4.1864,86781,17,0,0,0.0
P188306,Acne Solutions All-Over Clearing Treatment Oil-Free,CLINIQUE,Skincare,26.0,4.0182,17157,45,0,0,0.0
P188307,Acne Solutions Clarifying Lotion,CLINIQUE,Skincare,20.0,4.4042,40683,17,0,0,0.0
P188309,Acne Solutions Cleansing Foam,CLINIQUE,Skincare,23.5,4.1686,43458,27,0,0,0.0
P18975403,Match Stix Matte Contour Skinstick,Fenty Beauty by Rihanna,Makeup,32.0,4.2944,480967,32,0,0,0.0
P190247,KissKiss Liplift Lipstick Primer,GUERLAIN,Makeup,40.0,3.9039,10320,34,0,0,0.0
P191858,Daisy,Marc Jacobs Fragrances,Fragrance,128.0,4.4946,141969,23,0,0,0.0
P19267373,Cover Shot Eye Shadow Palette,Smashbox,Makeup,32.0,4.3566,162334,57,0,0,0.0
P193705,Verbena Oval Soap,fresh,Bath & Body,15.0,4.2,2789,21,0,0,0.0
P193706,Freesia Oval Soap,fresh,Bath & Body,15.0,4.5135,4724,24,0,0,0.0
P195321,The One,Dolce&Gabbana,Fragrance,132.0,4.5706,34319,20,0,0,0.0
P196516,Alien Eau de Parfum,Mugler,Fragrance,150.0,4.48,52161,21,0,0,0.0
P196524,Acne Solutions Cleansing Bar For Face and Body,CLINIQUE,Skincare,19.5,4.3638,17889,19,0,0,0.0
P196542,City Block Sheer Oil-Free Daily Face Protector Broad Spectrum SPF 25 Primer,CLINIQUE,Skincare,30.0,4.1146,7325,61,0,0,0.0
P19700127,Cheeks Out Freestyle Cream Blush,Fenty Beauty by Rihanna,Makeup,24.0,4.2724,264233,24,0,0,0.0
P197413,Parure Gold 24K Radiance Primer,GUERLAIN,Makeup,85.0,4.1494,54333,25,0,0,0.0
P201439,Redness Solutions Soothing Cleanser,CLINIQUE,Skincare,26.5,4.1672,9881,29,0,0,0.0
P202625,Shadow Insurance 24-Hour Eyeshadow Primer,Too Faced,Makeup,26.0,4.0437,108937,41,0,0,0.0
P202935,Benefiance NutriPerfect Night Cream,Shiseido,Skincare,97.0,4.4722,5520,44,0,0,0.0
P203616,Glycol Lactic Radiance Renewal Mask,REN Clean Skincare,Skincare,58.0,4.4022,58212,35,0,0,0.0
P20375,COCO MADEMOISELLE Foaming Shower Gel,CHANEL,Bath & Body,62.0,4.4667,12514,29,0,0,0.0
P205614,White Lucent Anti-Dark Circles Eye Cream,Shiseido,Skincare,65.0,3.5878,15783,44,0,0,0.0
P206900,Lash Power Mascara Long-Wearing Formula,CLINIQUE,Makeup,23.0,4.3192,45752,38,0,0,0.0
P210575,Veil Mineral Primer,Hourglass,Makeup,58.0,4.2905,217213,11,0,0,0.0
P213013,Sugar Lemon Body Lotion,fresh,Bath & Body,28.0,4.2964,16389,27,0,0,0.0
P214002,Evercalm Barrier Support Antioxidant Moisturizer,REN Clean Skincare,Skincare,52.0,4.2017,27837,39,0,0,0.0
P217513,Black Tea Instant Perfecting Mask,fresh,Skincare,96.0,4.2919,65834,49,0,0,0.0
P217931,Tonique Radiance Clarifying Refining Toner,Lancôme,Skincare,31.0,4.103,6619,14,0,0,0.0
P217932,Crème Radiance Gentle Cleansing Creamy-Foam Cleanser,Lancôme,Skincare,34.0,4.4416,17120,24,0,0,0.0
P218431,Touche Éclat All-Over Brightening Concealer Pen,Yves Saint Laurent,Makeup,40.0,4.3344,193037,32,0,0,0.0
P218700,100 percent Pure Argan Oil,Josie Maran,Skincare,49.0,4.4998,134089,1,0,0,0.0
P219001,24/7 Glide-On Lip Pencil,Urban Decay,Makeup,25.0,4.4068,173223,33,0,0,0.0
P219008,La Base Pro Perfecting and Smoothing Makeup Primer,Lancôme,Makeup,42.0,4.3243,21816,2,0,0,0.0
P219412,Viva La Juicy,Juicy Couture,Fragrance,86.0,4.6492,53112,16,0,0,0.0
P219907,Pour Homme,Versace,Fragrance,92.0,4.8439,16364,21,0,0,0.0
P223416,Bear Naked Wipes,Josie Maran,Makeup,12.0,4.1192,12584,19,0,0,0.0
P223704,"Mini Take The Day Off Makeup Remover For Lids, Lashes & Lips",CLINIQUE,Mini Size,13.0,4.0278,9448,13,0,0,0.0
P224300,The One For Men,Dolce&Gabbana,Fragrance,134.0,4.7297,11561,18,0,0,0.0
P224610,Highlighting Duo Pencil,Anastasia Beverly Hills,Makeup,23.0,4.4611,41399,43,0,0,0.0
P224900,Gucci By Gucci Pour Homme,Gucci,Fragrance,74.0,4.7192,3956,24,0,0,0.0
P226914,N°5 EAU PREMIÈRE Eau de Parfum,CHANEL,Fragrance,122.0,4.4255,12776,22,0,0,0.0
P227402,COCO MADEMOISELLE Eau de Parfum Twist and Spray,CHANEL,Fragrance,125.0,4.6964,22514,18,0,0,0.0
P228204,Lash Volumizing Mascara,Buxom,Makeup,25.0,4.3517,64232,34,0,0,0.0
P229406,Chocolate Soleil Matte Bronzer,Too Faced,Makeup,35.0,4.625,286081,21,0,0,0.0
P230234,Retractable Waterproof Eyeliner,SEPHORA COLLECTION,Makeup,13.0,4.2359,297148,15,0,0,0.0
P232327,Broad Spectrum SPF 50 Sunscreen Face Cream,CLINIQUE,Skincare,30.0,3.9706,16286,45,0,0,0.0
P232902,Gentle Daily Wash,Kate Somerville,Skincare,44.0,4.1909,7501,21,0,0,0.0
P232903,EradiKate Acne Treatment,Kate Somerville,Skincare,28.0,4.2243,93898,8,3,1,0.375
P232906,Oil Free Moisturizer,Kate Somerville,Skincare,76.0,4.1489,17558,24,0,0,0.0
P232907,Anti Bac Acne Clearing Lotion,Kate Somerville,Skincare,56.0,4.4599,28025,52,0,0,0.0
P232910,Goat Milk Moisturizing Cream,Kate Somerville,Skincare,76.0,4.0449,19623,33,0,0,0.0
P232915,ExfoliKate Intensive Pore Exfoliating Treatment,Kate Somerville,Skincare,98.0,4.4375,75332,38,3,1,0.07894736842105263
P232920,Line Release Under Eye Repair Cream,Kate Somerville,Skincare,140.0,3.9143,4556,48,0,0,0.0
P234438,Giulietta,TOCCA,Fragrance,80.0,4.3654,19117,20,0,0,0.0
P234967,Even Better Makeup Broad Spectrum SPF 15 Foundation,CLINIQUE,Makeup,34.0,4.1825,83409,43,0,0,0.0
P236605,Protein Booster Skin Serum,Jack Black,Men,62.0,4.6875,6491,42,0,0,0.0
P236606,Protein Booster Eye Rescue,Jack Black,Men,41.0,3.963,3084,42,0,0,0.0
P237115,Beard Lube Conditioning Shave - 3 Pack,Jack Black,Men,40.0,4.8043,1080,18,0,0,0.0
P238001,Shea Butter Ultra Rich Body Cream,L'Occitane,Bath & Body,49.0,4.5822,21897,43,0,0,0.0
P238433,Diorshow Brow Styler Ultra-Fine Precision Brow Pencil,Dior,Makeup,31.0,4.5911,49628,24,0,0,0.0
P242810,Amazonian Clay Waterproof Brow Pencil,tarte,Makeup,22.0,4.3535,20532,28,0,0,0.0
P243320,La Nuit De L’Homme,Yves Saint Laurent,Fragrance,108.0,4.7873,17867,15,0,0,0.0
P244006,HYPNÔSE DRAMA Instant Full Body Volume Mascara,Lancôme,Makeup,33.0,3.8518,44393,20,0,0,0.0
P244509,No Frizz Shampoo,Living Proof,Hair,65.0,4.5721,25336,32,0,0,0.0
P244510,No Frizz Conditioner,Living Proof,Hair,32.0,4.67,21246,28,0,0,0.0
P244701,Acne Solutions Oil-Control Cleansing Mask,CLINIQUE,Skincare,29.0,4.4769,18472,23,0,0,0.0
P244911,L'Absolu Rouge Cream Lipstick,Lancôme,Makeup,35.0,4.5505,47764,43,0,0,0.0
P245205,Tattoo Liner Vegan Waterproof Liquid Eyeliner,KVD Beauty,Makeup,25.0,4.131,566585,13,0,0,0.0
P245901,L’IMPERATRICE Eau de Toilette,Dolce&Gabbana,Fragrance,89.0,4.5776,32832,11,0,0,0.0
P246502,COCO MADEMOISELLE Eau de Toilette,CHANEL,Fragrance,100.0,4.6094,18198,19,0,0,0.0
P247355,Sheer Glow Foundation,NARS,Makeup,47.0,4.2189,260149,29,0,0,0.0
P247517,Hand & Nail Nourishing Treatment Cream,Clarins,Bath & Body,32.0,4.332,8933,35,0,0,0.0
P248404,Pure Skin Face Cleanser,First Aid Beauty,Skincare,24.0,4.3738,146805,27,0,0,0.0
P248407,Ultra Repair Cream Intense Hydration,First Aid Beauty,Skincare,38.0,4.52,300432,23,0,0,0.0
P249815,COCO MADEMOISELLE Moisturizing Body Lotion,CHANEL,Bath & Body,62.0,4.5,20148,43,0,0,0.0
P251529,Retinol Fusion PM Night Serum,Peter Thomas Roth,Skincare,65.0,4.3262,28361,12,0,0,0.0
P253818,Stay All Day Waterproof Liquid Eye Liner,stila,Makeup,24.0,4.3407,398429,13,0,0,0.0
P254603,Full Thickening Cream,Living Proof,Hair,30.0,4.1299,22117,17,0,0,0.0
P254720,Acne Control Clarifying Cream Cleanser,Murad,Skincare,39.0,4.3477,32202,53,0,0,0.0
P255110,Smooth Focus Pressed Setting Powder - Shine Control,Laura Mercier,Makeup,39.0,3.9908,11865,21,0,0,0.0
P255506,Flowerbomb,Viktor&Rolf,Fragrance,180.0,4.585,232390,16,0,0,0.0
P256308,Chloé Eau de Parfum,Chloé,Fragrance,147.0,4.4838,143906,22,0,0,0.0
P257537,All About Eyes Serum De-Puffing Eye Massage,CLINIQUE,Skincare,37.0,3.7691,24355,34,0,0,0.0
P257804,Clinique For Men Anti-Age Eye Cream,CLINIQUE,Men,37.0,4.3333,4283,58,0,0,0.0
P257900,CHANCE EAU FRAÎCHE Eau de Toilette,CHANEL,Fragrance,136.0,4.6633,76097,16,0,0,0.0
P258016,Ange ou Demon Le Secret Eau de Parfum,Givenchy,Fragrance,108.0,4.5028,14628,17,0,0,0.0
P258057,Bianca,TOCCA,Fragrance,46.0,4.5521,7255,10,0,0,0.0
P258612,CHANCE EAU TENDRE Eau de Toilette,CHANEL,Fragrance,100.0,4.6711,181709,17,0,0,0.0
P259950,Performance Remedy Turbo Wash  Energizing Cleanser for Hair & Body,Jack Black,Men,24.0,4.6268,8831,41,0,0,0.0
P260311,Waterproof Brow Tech To Go Pencil & Gel Brush,Smashbox,Makeup,28.0,4.273,13313,17,0,0,0.0
P261211,Pro-Prime Smudge Proof Eyeshadow Base,NARS,Makeup,26.0,4.5911,114299,25,0,0,0.0
P261621,Smudge Stick Waterproof Eye Liner,stila,Makeup,22.0,3.9002,78709,24,0,0,0.0
P262113,Amazonian Clay Matte Waterproof Bronzer,tarte,Makeup,32.0,4.5594,72328,19,0,0,0.0
P262303,Hypnôse Drama Instant Full Body Volume Waterproof Mascara,Lancôme,Makeup,33.0,3.8914,16721,20,0,0,0.0
P263504,All Nighter Long-Lasting Makeup Setting Spray,Urban Decay,Makeup,36.0,4.447,652806,25,0,0,0.0
P264900,The POREfessional Pore Minimizing Primer,Benefit Cosmetics,Makeup,34.0,4.0466,323589,21,0,0,0.0
P266126,Rosebud Salve in a Tube,Rosebud Perfume Co.,Skincare,7.0,4.3797,65272,4,0,0,0.0
P266308,Météorites Illuminating Powder Pearls,GUERLAIN,Makeup,68.0,4.1803,63434,44,0,0,0.0
P266811,Ultra Shine Lip Gloss,SEPHORA COLLECTION,Makeup,12.0,4.4214,211206,22,0,0,0.0
P268700,Hydro-Dynamic Ultimate Moisture,Murad,Skincare,83.0,4.3565,17680,58,0,0,0.0
P269019,One Step Correct,stila,Makeup,36.0,3.9811,63398,53,0,0,0.0
P269110,Colonia Essenza,Acqua di Parma,Fragrance,130.0,4.5333,1638,21,0,0,0.0
P269120,1 Million Eau de Toilette,Paco Rabanne,Fragrance,106.0,4.6917,21130,16,0,0,0.0
P269122,Alpha Beta Extra Strength Daily Peel Pads,Dr. Dennis Gross Skincare,Skincare,92.0,4.5455,234295,55,3,1,0.05454545454545454
P269705,CAVIAR Anti-Aging Replenishing Moisture Shampoo,ALTERNA Haircare,Hair,35.0,4.2482,30763,66,0,0,0.0
P269706,CAVIAR Anti-Aging Replenishing Moisture Conditioner,ALTERNA Haircare,Hair,55.0,4.4528,28885,45,0,0,0.0
P269707,CAVIAR Anti-Aging Replenishing Moisture Masque,ALTERNA Haircare,Hair,45.0,3.9368,4688,72,0,0,0.0
P269714,CAVIAR Anti-Aging Working Hairspray,ALTERNA Haircare,Hair,26.0,4.4268,9533,37,0,0,0.0
P270302,BLEU DE CHANEL Eau de Toilette,CHANEL,Fragrance,96.0,4.7652,44513,18,0,0,0.0
P270539,Long-Wear Gel Eyeliner,Bobbi Brown,Makeup,32.0,4.2431,129177,27,0,0,0.0
P270540,Sheer Finish Pressed Setting Powder,Bobbi Brown,Makeup,46.0,4.5382,33807,22,0,0,0.0
P270543,Hydrating Face Cream Moisturizer,Bobbi Brown,Skincare,66.0,4.2188,14373,48,0,0,0.0
P270544,Hydrating Eye Cream,Bobbi Brown,Skincare,58.0,4.099,21441,32,0,0,0.0
P270545,Shimmer Brick Highlighter,Bobbi Brown,Makeup,52.0,4.4031,61838,38,0,0,0.0
P270548,Bronzer,Bobbi Brown,Makeup,46.0,4.6209,53605,27,0,0,0.0
P270549,Skin Foundation Stick,Bobbi Brown,Makeup,52.0,4.1852,76696,21,0,0,0.0
P270551,Skin Foundation SPF 15,Bobbi Brown,Makeup,52.0,4.0718,48205,2,0,0,0.0
P270555,Under Eye Corrector,Bobbi Brown,Makeup,33.0,4.4694,113987,24,0,0,0.0
P270559,Beach Fragrance,Bobbi Brown,Fragrance,82.0,4.0987,17977,15,0,0,0.0
P270594,Vitamin Enriched Face Base Priming Moisturizer,Bobbi Brown,Skincare,66.0,4.6058,171118,34,0,0,0.0
P270600,Extra Eye Repair Cream Intense,Bobbi Brown,Skincare,86.0,3.3636,12571,56,0,0,0.0
P270706,Full Shampoo,Living Proof,Hair,32.0,4.4714,35854,27,0,0,0.0
P270707,Full Conditioner,Living Proof,Hair,32.0,4.74,20984,23,0,0,0.0
P271538,Acqua di Gioia,Armani Beauty,Fragrance,98.0,4.6371,64191,21,0,0,0.0
P271682,Instant FIRMx Temporary Face Tightener,Peter Thomas Roth,Skincare,49.0,3.5567,19631,16,0,0,0.0
P272652,Shalimar Eau de Parfum,GUERLAIN,Fragrance,125.0,4.3939,9710,23,0,0,0.0
P273900,Guilty Pour Femme Eau de Toilette,Gucci,Fragrance,101.0,4.2503,50693,21,0,0,0.0
P274001,Sugar Lip Polish Exfoliator,fresh,Makeup,19.0,4.2199,98027,19,0,0,0.0
P275309,Picture Perfect Duo,tarte,Mini Size,21.0,3.9663,65213,16,0,0,0.0
P276319,Waterproof Eye Makeup Remover,SEPHORA COLLECTION,Makeup,11.0,4.3673,93461,24,0,0,0.0
P277222,De-Slick Oil-Control Makeup Setting Spray,Urban Decay,Makeup,36.0,3.9422,130647,30,0,0,0.0
P277401,Redness Solutions Instant Relief Mineral Pressed Powder,CLINIQUE,Makeup,36.0,3.4862,7037,28,0,0,0.0
P278317,Facial Radiance Pads,First Aid Beauty,Skincare,36.0,4.2781,127405,22,0,0,0.0
P278610,Amazonian Clay 12-Hour Blush,tarte,Makeup,30.0,4.6131,375001,23,0,0,0.0
P279113,Chubby Stick Moisturizing Lip Colour Balm,CLINIQUE,Makeup,21.0,4.3431,104751,30,0,0,0.0
P279510,Bottom Lash Mascara,CLINIQUE,Makeup,16.0,4.4452,41525,38,0,0,0.0
P280508,Sumotech Flexible Cream Solid,Bumble and bumble,Hair,32.0,4.4326,10230,24,0,0,0.0
P280511,Does It All Light Hold Hairspray,Bumble and bumble,Hair,34.0,4.2125,8794,19,0,0,0.0
P280512,Spray de Mode Flexible Hold Hairspray,Bumble and bumble,Hair,34.0,4.0956,11821,23,0,0,0.0
P280513,Surf Spray,Bumble and bumble,Hair,30.0,3.6323,50939,17,0,0,0.0
P280525,Blondish Hair Powder,Bumble and bumble,Hair,38.0,3.0283,3725,12,0,0,0.0
P280526,Brownish Hair Powder,Bumble and bumble,Hair,38.0,3.1089,8342,13,0,0,0.0
P280528,Prep,Bumble and bumble,Hair,28.0,4.2313,15958,25,0,0,0.0
P280530,Tonic Lotion,Bumble and bumble,Hair,28.0,4.362,15461,20,0,0,0.0
P280533,Styling Creme,Bumble and bumble,Hair,28.0,4.0085,7111,23,0,0,0.0
P280537,Thickening Spray,Bumble and bumble,Hair,30.0,4.098,33416,12,0,0,0.0
P280544,Brilliantine,Bumble and bumble,Hair,26.0,4.299,8738,30,0,0,0.0
P280548,Grooming Creme,Bumble and bumble,Hair,32.0,4.207,6535,27,0,0,0.0
P280551,Gel,Bumble and bumble,Hair,28.0,4.2745,3443,14,0,0,0.0
P280562,Seaweed Shampoo,Bumble and bumble,Hair,30.0,4.1336,8196,30,0,0,0.0
P280563,Seaweed Conditioner,Bumble and bumble,Hair,31.0,3.3664,4067,24,0,0,0.0
P280564,Sunday Clarifying Shampoo,Bumble and bumble,Hair,30.0,4.6747,37342,23,0,0,0.0
P280566,Thickening Volume Shampoo,Bumble and bumble,Hair,34.0,3.7386,34885,25,0,0,0.0
P280567,Creme de Coco Shampoo,Bumble and bumble,Hair,30.0,4.1788,10635,36,0,0,0.0
P280568,Gentle Shampoo,Bumble and bumble,Hair,30.0,4.1627,13629,23,0,0,0.0
P280572,Creme de Coco Conditioner,Bumble and bumble,Hair,31.0,3.8919,9112,35,0,0,0.0
P280573,Super Rich Conditioner,Bumble and bumble,Hair,31.0,4.2139,17094,23,0,0,0.0
P281411,Cream Lip Stain Liquid Lipstick,SEPHORA COLLECTION,Makeup,15.0,4.3201,1029051,19,0,0,0.0
P281424,Daisy Eau so Fresh Eau de Toilette,Marc Jacobs Fragrances,Fragrance,139.0,4.4982,62440,27,0,0,0.0
P281425,ETERNITY Aqua For Men,Calvin Klein,Fragrance,80.0,4.55,1417,22,0,0,0.0
P281835,GLO Brilliant White Smile - At Home Teeth Whitening Device,GLO Science,Skincare,159.0,3.9987,95949,27,0,0,0.0
P282920,Pore Refining Solutions Correcting Serum,CLINIQUE,Skincare,55.0,3.8603,9788,47,3,1,0.06382978723404255
P283106,Instant FIRMx Eye Temporary Eye Tightener,Peter Thomas Roth,Skincare,38.0,3.3254,47539,29,0,0,0.0
P283304,Pore Refining Solutions Instant Perfector,CLINIQUE,Makeup,23.0,4.2708,13294,25,0,0,0.0
P283501,Argan Cleansing Oil,Josie Maran,Skincare,36.0,4.0524,29027,10,0,0,0.0
P284507,Sephora Colorful Waterproof Eyeshadow & Eyeliner Multi-Stick,SEPHORA COLLECTION,Makeup,14.0,4.2275,246559,15,0,0,0.0
P284701,Full Exposure Lash Volumizing Mascara,Smashbox,Makeup,28.0,3.9737,17104,47,0,0,0.0
P284710,Terracotta Sunkissed Natural Bronzer,GUERLAIN,Makeup,59.0,4.5287,41755,38,0,0,0.0
P284716,Eyeshadow Primer Potion,Urban Decay,Makeup,27.0,4.5273,305092,20,0,0,0.0
P285323,Tightline Cake Eye Liner,Laura Mercier,Makeup,28.0,4.2701,25358,21,0,0,0.0
P2855,Blush,NARS,Makeup,32.0,4.6643,840076,11,0,0,0.0
P2856,Monoi Body Glow I,NARS,Makeup,59.0,3.9669,20453,21,0,0,0.0
P285804,Guilty Pour Homme,Gucci,Fragrance,154.0,4.4893,15960,20,0,0,0.0
P286101,Gifted Amazonian Clay Smart Mascara,tarte,Makeup,25.0,4.3345,41336,20,0,0,0.0
P286106,Bb. Texture Hair (Un) Dressing Creme,Bumble and bumble,Hair,32.0,4.0654,11026,29,0,0,0.0
P286513,Retractable Brow Pencil - Waterproof,SEPHORA COLLECTION,Makeup,12.0,4.2546,183240,18,0,0,0.0
P2866,"The Multiple Cream Blush, Lip and Eye Stick",NARS,Makeup,39.0,4.3353,147621,24,0,0,0.0
P287700,Whipped Argan Oil Body Butter,Josie Maran,Bath & Body,38.0,4.5084,107804,29,0,0,0.0
P289307,They're Real! Lengthening Mascara,Benefit Cosmetics,Makeup,28.0,4.1242,308584,36,0,0,0.0
P290629,Amazonian Clay Waterproof 12-Hour Concealer,tarte,Makeup,25.0,4.0378,79657,38,0,0,0.0
P290636,Hoola Bronzer,Benefit Cosmetics,Makeup,35.0,4.4756,380654,14,0,0,0.0
P292403,Studio Skin 24 Hour Oil-Free Hydra Foundation,Smashbox,Makeup,43.0,4.19,102865,39,0,0,0.0
P293008,Ultra Repair Lip Therapy,First Aid Beauty,Makeup,12.0,3.978,48043,30,0,0,0.0
P293010,Age Defense BB Cream Broad Spectrum SPF 30,CLINIQUE,Makeup,42.0,3.8583,14741,51,0,0,0.0
P293302,HYPNÔSE DOLL LASHES Mascara,Lancôme,Makeup,33.0,3.4726,14104,29,0,0,0.0
P293605,Caviar Stick Eye Shadow,Laura Mercier,Makeup,32.0,4.4293,410184,24,0,0,0.0
P294713,Classic - Skin,CLEAN RESERVE,Fragrance,44.0,4.3305,18286,12,0,0,0.0
P296413,Gentle Rejuvenating Cleanser,Algenist,Skincare,28.0,4.2689,7681,30,0,0,0.0
P296415,Overnight Restorative Cream,Algenist,Skincare,94.0,4.3808,10578,41,0,0,0.0
P296439,Restore Shampoo,Living Proof,Hair,32.0,4.6199,25836,34,0,0,0.0
P296440,Restore Conditioner,Living Proof,Hair,32.0,4.6651,22192,29,0,0,0.0
P297404,Forever Natural Velvet Matte Compact Foundation,Dior,Makeup,60.0,3.875,34467,35,0,0,0.0
P297516,Checks and Balances Frothy Face Wash,Origins,Skincare,27.0,4.2888,98621,27,0,0,0.0
P297517,Super Spot Remover Acne Treatment Gel,Origins,Skincare,20.0,3.9349,98392,23,3,1,0.13043478260869565
P297524,Clear Improvement Active Charcoal Mask to Clear Pores,Origins,Skincare,17.0,4.3292,194892,23,0,0,0.0
P297531,Eye Doctor Moisture Care For Skin Around Eyes,Origins,Skincare,49.0,4.0519,27439,44,0,0,0.0
P297554,Straight Blow Dry,Bumble and bumble,Hair,32.0,4.3593,21951,29,0,0,0.0
P298331,Power Peel Multi-Acid Resurfacing Pads,Jack Black,Men,38.0,4.3585,5741,37,3,1,0.08108108108108109
P301802,Immaculate Liquid Powder Foundation Mattifying Oil Free,Hourglass,Makeup,60.0,3.9696,72952,34,0,0,0.0
P302103,Sugar Advanced Lip Balm Intense Hydration Treatment,fresh,Skincare,28.0,4.2837,125611,29,0,0,0.0
P302900,Turnaround Revitalizing Serum,CLINIQUE,Skincare,53.0,4.3261,6909,44,3,1,0.06818181818181818
P302923,Pure Radiant Tinted Moisturizer Broad Spectrum SPF 30,NARS,Makeup,46.0,4.356,207445,44,0,0,0.0
P303302,Long Lasting Eyeliner High Precision Brush,SEPHORA COLLECTION,Makeup,12.0,4.1031,48770,12,0,0,0.0
P305114,Quickliner For Eyes Intense Eyeliner,CLINIQUE,Makeup,23.0,3.8599,39956,36,0,0,0.0
P305132,Full-On Plumping Lip Cream Gloss,Buxom,Makeup,25.0,4.6163,241538,40,0,0,0.0
P306816,Bright Crystal Body Lotion,Versace,Bath & Body,55.0,4.1333,6596,19,0,0,0.0
P306859,Light Blue Pour Homme Deodorant,Dolce&Gabbana,Bath & Body,29.0,2.5556,2159,16,0,0,0.0
P306941,DermalQuench Hyaluronic Acid Hydration Treatment,Kate Somerville,Skincare,110.0,4.1824,9711,31,3,1,0.0967741935483871
P307000,Crystal Noir,Versace,Fragrance,105.0,4.5849,37305,14,0,0,0.0
P307002,Yellow Diamond,Versace,Fragrance,65.0,4.3153,24475,20,0,0,0.0
P307804,Mirto di Panarea,Acqua di Parma,Fragrance,84.0,4.4359,5658,16,0,0,0.0
P307907,Hand Cream,L'Occitane,Bath & Body,30.0,4.5149,77988,37,0,0,0.0
P308201,Teint Idole Ultra 24H Long Wear Matte Foundation,Lancôme,Makeup,57.0,4.3796,285527,27,0,0,0.0
P309306,Juno Antioxidant + Superfood Face Oil,Sunday Riley,Skincare,72.0,4.3299,69459,9,0,0,0.0
P309308,Good Genes All-In-One AHA Lactic Acid Treatment,Sunday Riley,Skincare,122.0,4.3375,262434,32,0,0,0.0
P309310,Ceramic Slip French Green Clay Cleanser,Sunday Riley,Skincare,35.0,3.8453,50777,23,0,0,0.0
P309409,Repairwear Uplifting Firming Cream,CLINIQUE,Skincare,74.0,3.7143,2408,46,0,0,0.0
P309411,CAVIAR Anti-Aging Clinical Densifying Shampoo,ALTERNA Haircare,Hair,34.0,4.1325,7941,69,0,0,0.0
P309412,Caviar Anti-Aging Clinical Densifying Scalp Treatment,ALTERNA Haircare,Hair,38.0,4.0124,18672,53,0,0,0.0
P309504,N° 28 Primer Serum,Hourglass,Makeup,65.0,4.3622,43009,51,0,0,0.0
P309813,24/7 Eyeshadow,Urban Decay,Makeup,21.0,4.5045,426543,16,0,0,0.0
P310018,Poreless Mattifying Primer,tarte,Makeup,32.0,3.9068,44849,18,0,0,0.0
P310719,MicroSmooth Baked Powder Foundation,SEPHORA COLLECTION,Makeup,20.0,4.3925,90426,29,0,0,0.0
P310726,Stay-Matte Oil-Free Makeup Foundation,CLINIQUE,Makeup,34.0,4.0516,41729,46,0,0,0.0
P311138,Lock-It Full-Coverage Long-Wear Matte Liquid Foundation,KVD Beauty,Makeup,40.5,3.9175,326766,27,0,0,0.0
P311143,SUBLIME DEFENSE Ultra Lightweight UV Defense Fluid SPF 50,Algenist,Skincare,28.0,4.4134,27278,29,0,0,0.0
P31870457,Cheeks Out Freestyle Cream Bronzer,Fenty Beauty by Rihanna,Makeup,35.0,4.3273,131518,22,0,0,0.0
P33257988,Master Crystal Reflector,MAKEUP BY MARIO,Makeup,26.0,3.7719,62075,13,0,0,0.0
P34402,Acne Control Clarifying Body Spray,Murad,Skincare,48.0,4.2898,16688,15,0,0,0.0
P34908923,Killawatt Foil Freestyle Highlighter,Fenty Beauty by Rihanna,Makeup,40.0,4.705,104926,35,0,0,0.0
P3550,Goodbye Acne AHA/BHA Acne Clearing Gel Face Body Spot Treatment,Peter Thomas Roth,Skincare,48.0,4.2768,23319,21,3,1,0.14285714285714285
P3617,Therapeutic Sulfur Acne Treatment Mask,Peter Thomas Roth,Skincare,52.0,4.5111,69468,16,0,0,0.0
P36680,CHANCE Eau de Toilette,CHANEL,Fragrance,100.0,4.6905,24003,22,0,0,0.0
P36740,Polo Blue Eau de Toilette,Ralph Lauren,Fragrance,88.0,4.5113,3756,17,0,0,0.0
P374115,Pore Refining Solutions Stay-Matte Hydrator,CLINIQUE,Skincare,44.0,4.0761,7842,37,0,0,0.0
P374159,Lash Waterproof Volumizing Mascara,Buxom,Makeup,25.0,4.1036,23459,16,0,0,0.0
P374562,CAVIAR Anti-Aging Perfect Iron Spray,ALTERNA Haircare,Hair,32.0,4.195,4943,31,0,0,0.0
P374580,High Impact Extreme Volume Mascara,CLINIQUE,Makeup,25.0,3.6224,8188,47,0,0,0.0
P374841,Even Better Eyes Dark Circle Corrector,CLINIQUE,Skincare,44.0,3.2428,15610,48,0,0,0.0
P375100,Photo Finish Hydrating Under Eye Primer,Smashbox,Makeup,29.0,3.9417,25969,52,0,0,0.0
P375113,Eau des Merveilles,HERMÈS,Fragrance,166.0,4.4412,11687,18,0,0,0.0
P375120,Terre d’Hermès Eau de Toilette,HERMÈS,Fragrance,132.0,4.3507,10527,17,0,0,0.0
P375123,Voyage d’Hermès Eau de Toilette,HERMÈS,Fragrance,114.0,4.8378,4152,18,0,0,0.0
P375126,Un Jardin sur le Nil Eau de Toilette,HERMÈS,Fragrance,149.0,4.5333,18194,14,0,0,0.0
P375127,Un Jardin sur le Toit Eau de Toilette,HERMÈS,Fragrance,149.0,4.6075,13344,14,0,0,0.0
P375130,Eau d’orange verte,HERMÈS,Fragrance,152.0,4.3684,3967,14,0,0,0.0
P375131,Eau de pamplemousse rose,HERMÈS,Fragrance,141.0,4.2,3177,16,0,0,0.0
P375237,Dior Addict Eau de Parfum,Dior,Fragrance,130.0,4.5301,14480,23,0,0,0.0
P375238,Dior Addict Eau Fraîche,Dior,Fragrance,100.0,4.3717,16236,16,0,0,0.0
P375354,Capture Totale Intensive Night Restorative Crème,Dior,Skincare,175.0,4.4545,4799,65,0,0,0.0
P375391,Hairdresser’s Invisible Oil,Bumble and bumble,Hair,43.0,4.4964,77569,24,0,0,0.0
P37544587,Fairy Bomb Shimmer Powder,Fenty Beauty by Rihanna,Makeup,28.0,4.602,46856,11,0,0,0.0
P375534,Ultra Repair Face Moisturizer,First Aid Beauty,Skincare,28.0,4.1964,59220,25,0,0,0.0
P375713,Legend Eau de Toilette,Montblanc,Fragrance,98.0,4.5868,8831,13,0,0,0.0
P375831,Ginger Souffle Whipped Body Cream,Origins,Bath & Body,41.0,4.42,9188,43,0,0,0.0
P375841,Advanced Génifique Yeux Light-Pearl Eye Serum,Lancôme,Skincare,80.0,4.0968,21787,27,0,0,0.0
P375849,Facial Treatment Essence (Pitera Essence),SK-II,Skincare,245.0,4.081,112101,7,0,0,0.0
P375850,Facial Treatment Cleanser,SK-II,Skincare,75.0,4.1306,14027,20,0,0,0.0
P375852,Pitera Facial Treatment Mask,SK-II,Skincare,145.0,4.2972,65151,7,0,0,0.0
P375853,Facial Treatment Clear Lotion Toner,SK-II,Skincare,80.0,4.0959,24003,16,3,1,0.1875
P375854,Ultimate Revival Cream,SK-II,Skincare,400.0,4.4667,3031,43,0,0,0.0
P375864,Brightening Derm Revival Mask,SK-II,Skincare,170.0,4.4194,7740,15,0,0,0.0
P375937,Trésor,Lancôme,Fragrance,118.0,4.0714,11289,24,0,0,0.0
P375938,Trésor Midnight Rose,Lancôme,Fragrance,125.0,4.5175,13821,13,0,0,0.0
P375939,La Vie Est Belle,Lancôme,Fragrance,118.0,4.5438,82329,21,0,0,0.0
P376127,CANDY Eau de Parfum,Prada,Fragrance,135.0,4.2084,89821,15,0,0,0.0
P376135,Rénergie Lift Multi-Action Night Cream,Lancôme,Skincare,160.0,4.3571,8299,41,0,0,0.0
P376457,Arch Brow Sculpting Pencil,Hourglass,Makeup,37.0,4.4352,56988,15,0,0,0.0
P376726,Maracuja Oil,tarte,Skincare,48.0,4.396,79986,9,0,0,0.0
P376737,Spicebomb,Viktor&Rolf,Fragrance,128.0,4.6876,23272,31,0,0,0.0
P376946,Repairwear Uplifting Firming Cream Broad Spectrum SPF 15,CLINIQUE,Skincare,72.0,3.4,1195,60,0,0,0.0
P376951,Pour Femme,Dolce&Gabbana,Fragrance,29.0,4.4839,12683,20,0,0,0.0
P377178,Rapid Collagen Infusion,Murad,Skincare,89.0,4.128,10417,50,0,0,0.0
P377208,Semisumo,Bumble and bumble,Hair,32.0,4.3953,4954,16,0,0,0.0
P377219,High Impact Waterproof Mascara,CLINIQUE,Makeup,23.0,3.9654,16390,40,0,0,0.0
P377368,D-Scar Scar Diminishing Serum,Kate Somerville,Skincare,56.0,4.0531,29199,37,0,0,0.0
P377459,Chloé Rollerball,Chloé,Fragrance,38.0,4.482,13390,22,0,0,0.0
P377464,Daisy Rollerball,Marc Jacobs Fragrances,Fragrance,34.0,4.4943,18057,23,0,0,0.0
P377465,Daisy Eau so Fresh Eau de Toilette Rollerball,Marc Jacobs Fragrances,Fragrance,34.0,4.4982,6678,27,0,0,0.0
P377472,Giulietta Rollerball,TOCCA,Fragrance,27.0,3.9636,6829,20,0,0,0.0
P377473,Guilty Pour Femme Eau de Toilette Rollerball,Gucci,Fragrance,38.0,4.2503,9495,21,0,0,0.0
P377485,Light Blue Eau de Toilette Travel Spray,Dolce&Gabbana,Fragrance,31.0,4.5468,28686,10,0,0,0.0
P377519,Viva La Juicy Rollerball,Juicy Couture,Fragrance,27.0,4.5952,19185,16,0,0,0.0
P377533,Alpha Beta Universal Daily Peel Pads,Dr. Dennis Gross Skincare,Skincare,92.0,4.4899,121149,51,3,1,0.058823529411764705
P377542,BB blur tinted moisturizer Broad Spectrum SPF 30 Sunscreen,tarte,Makeup,40.0,4.254,121421,15,0,0,0.0
P377545,Maracuja C-Brighter Eye Treatment,tarte,Skincare,39.0,4.0089,45734,51,0,0,0.0
P377561,FIRMx Exfoliating Peel Gel,Peter Thomas Roth,Skincare,49.0,4.5391,56547,25,0,0,0.0
P377576,Repairwear Laser Focus Wrinkle Correcting Eye Cream,CLINIQUE,Skincare,54.0,3.9067,9568,62,0,0,0.0
P377577,Moisture Surge Overnight Face Mask,CLINIQUE,Skincare,40.0,4.4772,33104,42,0,0,0.0
P377678,Oud Eau de Parfum,Acqua di Parma,Fragrance,295.0,4.2632,1775,16,0,0,0.0
P377710,Rouge Volupté Shine Lipstick Balm,Yves Saint Laurent,Makeup,43.0,4.5384,373458,55,0,0,0.0
P377718,BLEU DE CHANEL Eau de Toilette Refillable Twist and Spray,CHANEL,Fragrance,105.0,4.75,4948,18,0,0,0.0
P377719,ALLURE HOMME SPORT EAU EXTRÊME Eau de Parfum,CHANEL,Fragrance,112.0,4.7,5870,14,0,0,0.0
P377723,Ambient Lighting Powder,Hourglass,Makeup,54.0,4.3081,271628,27,0,0,0.0
P377750,Amplified Tubing Mascara,Blinc,Makeup,26.0,3.6518,26153,28,0,0,0.0
P377755,Rouge Interdit Intense Silk Satin Matte Lipstick,Givenchy,Makeup,40.0,4.6199,132826,32,0,0,0.0
P377756,Light Reflecting Loose Setting Powder,NARS,Makeup,40.0,4.0589,39697,23,0,0,0.0
P377757,Light Reflecting Pressed Setting Powder,NARS,Makeup,40.0,4.0612,92878,26,0,0,0.0
P377775,Pour Femme Rollerball,Dolce&Gabbana,Fragrance,29.0,4.4536,5651,20,0,0,0.0
P377784,12 Hour Contour Pencil Eyeliner,SEPHORA COLLECTION,Makeup,11.0,4.0558,287102,16,0,0,0.0
P377785,Long Lasting Kohl Pencil,SEPHORA COLLECTION,Makeup,10.0,3.5515,35495,12,0,0,0.0
P377821,Diorshow Iconic Overcurl Mascara,Dior,Makeup,29.5,4.2475,60916,37,0,0,0.0
P377873,Radiant Creamy Concealer,NARS,Makeup,32.0,4.308,1153594,33,0,0,0.0
P377919,Plantscription Anti-Aging Cleanser,Origins,Skincare,36.0,4.2871,8293,34,0,0,0.0
P378111,Lip Injection Extreme Hydrating Lip Plumper,Too Faced,Makeup,29.0,3.6516,213097,27,0,0,0.0
P378133,Neroli Portofino,TOM FORD,Fragrance,295.0,3.4729,20330,10,0,0,0.0
P378142,Amp² Instant Texture Volumizer,Living Proof,Hair,30.0,4.0034,11134,25,0,0,0.0
P378145,Long-Wear Cream Eyeshadow Stick,Bobbi Brown,Makeup,32.0,4.6703,189954,34,0,0,0.0
P378169,Detox Dry Shampoo,Drybar,Hair,39.0,3.8393,89690,29,0,0,0.0
P378170,Money Maker Flexible Hold Hairspray,Drybar,Hair,27.0,3.9782,8552,26,0,0,0.0
P378171,Southern Belle Volume-Boosting Mousse,Drybar,Hair,29.0,4.0303,12511,37,0,0,0.0
P378284,Double Wear Stay-in-Place Foundation,Estée Lauder,Makeup,48.0,4.3756,639063,25,0,0,0.0
P378639,Moisture Surge CC Cream Hydrating Colour Corrector Broad Spectrum SPF 30,CLINIQUE,Makeup,42.0,3.78,40156,40,0,0,0.0
P378659,Guilty Black Pour Homme,Gucci,Fragrance,119.0,4.3404,6430,17,0,0,0.0
P378660,Luna Rossa,Prada,Fragrance,95.0,4.3909,7368,17,0,0,0.0
P378716,CAVIAR Anti-Aging Replenishing Moisture CC Cream,ALTERNA Haircare,Hair,30.0,4.0232,65896,45,0,0,0.0
P378718,Bump Fix Razor Bump & Ingrown Hair Solution,Jack Black,Men,28.0,3.9381,16131,18,3,1,0.16666666666666666
P378821,24/7 Moondust Eyeshadow,Urban Decay,Makeup,24.0,4.6801,278053,15,0,0,0.0
P378841,Surf Creme Rinse Conditioner,Bumble and bumble,Hair,31.0,3.6881,7754,26,0,0,0.0
P378842,Surf Foam Wash Shampoo,Bumble and bumble,Hair,30.0,3.5746,10643,27,0,0,0.0
P379009,Rénergie Lift Multi-Action Day Cream with SPF 15 - All Skin Types,Lancôme,Skincare,135.0,3.8108,3448,45,0,0,0.0
P379031,Matte Radiance Baked Powder Compact,Laura Mercier,Makeup,48.0,4.5837,98093,29,0,0,0.0
P379064,Lotus Balancing & Hydrating Natural Face Treatment Oil,Clarins,Skincare,65.0,4.4029,8723,16,0,0,0.0
P379096,N° 28 Lip Treatment Oil,Hourglass,Makeup,54.0,3.8546,38471,53,0,0,0.0
P379324,Beauty Amplifier Clear Universal Waterproof Lip Liner,SEPHORA COLLECTION,Makeup,10.0,3.7312,25141,19,0,0,0.0
P379408,Nail Glow,Dior,Makeup,30.0,4.1767,39646,14,0,0,0.0
P379451,Eau de mandarine ambrée Eau de Cologne,HERMÈS,Fragrance,141.0,4.1667,1951,15,0,0,0.0
P379509,10 Hour Wear Perfection Foundation,SEPHORA COLLECTION,Makeup,20.0,4.0199,160531,29,0,0,0.0
P379510,Advanced Génifique Radiance Boosting Face Serum,Lancôme,Skincare,132.0,4.4032,82978,24,0,0,0.0
P379573,Epic Moisture MP10 Nourishing Oil,Jack Black,Bath & Body,35.0,4.7071,7366,29,0,0,0.0
P379704,Retinoic Nutrient Face Oil With Vitamin A,Tata Harper,Skincare,165.0,4.2,11417,17,0,0,0.0
P379705,Hydrating Hyaluronic Acid Floral Essence,Tata Harper,Skincare,76.0,3.883,13637,21,0,0,0.0
P379707,Resurfacing BHA Glow Mask,Tata Harper,Skincare,68.0,4.3471,55191,22,0,0,0.0
P379709,Repairative Anti-Aging Moisturizer,Tata Harper,Skincare,130.0,3.4118,6030,38,0,0,0.0
P379710,Regenerating Exfoliating Cleanser,Tata Harper,Skincare,88.0,4.4649,40150,29,0,0,0.0
P379711,Rejuvenating Anti-Aging Serum,Tata Harper,Skincare,146.0,3.4232,7907,40,0,0,0.0
P379907,Advanced Anti-Aging Repairing Oil,Algenist,Skincare,82.0,4.4531,10676,12,0,0,0.0
P379925,Smoky Extravagant Mascara,MAKE UP FOR EVER,Makeup,25.0,4.0931,40328,23,0,0,0.0
P379931,Poison,Dior,Fragrance,80.0,4.0806,12408,22,0,0,0.0
P379945,Sumptuous Extreme Lash Multiplying Volume Mascara,Estée Lauder,Makeup,30.0,4.2789,8747,51,0,0,0.0
P379947,Gentle Eye Makeup Remover,Estée Lauder,Makeup,24.0,3.7241,2723,7,0,0,0.0
P379951,Double Wear Stay-In-Place Flawless Wear Concealer,Estée Lauder,Makeup,32.0,4.2345,42722,31,0,0,0.0
P379995,Perfectionist CP+R Wrinkle Lifting/Firming Serum,Estée Lauder,Skincare,120.0,4.2234,14820,72,0,0,0.0
P380000,"DayWear Advanced Multi-Protection Anti-Oxidant Moisturizer, Normal/Combination",Estée Lauder,Skincare,36.0,4.3154,6300,78,0,0,0.0
P380001,"DayWear Advanced Multi-Protection Anti-Oxidant Creme, Dry",Estée Lauder,Skincare,59.0,4.2174,2348,77,0,0,0.0
P380027,Perfectly Clean Multi-Action Foam Cleanser/Purifying Mask,Estée Lauder,Skincare,30.0,4.4397,8588,24,0,0,0.0
P380030,Perfectly Clean Multi-Action Toning Lotion/Refiner,Estée Lauder,Skincare,30.0,4.2143,5546,65,0,0,0.0
P380539,Cashmere Mist Body Creme,Donna Karan,Bath & Body,60.0,4.6667,2063,30,0,0,0.0
P380541,Cashmere Mist Deodorant,Donna Karan,Bath & Body,32.0,4.4439,45040,23,0,0,0.0
P380557,Armani Code After Shave Lotion,Armani Beauty,Bath & Body,60.0,4.5,753,35,0,0,0.0
P380571,Colonia Alcohol-Free Deodorant,Acqua di Parma,Bath & Body,55.0,3.2,1023,23,0,0,0.0
P380620,J'adore Soap,Dior,Bath & Body,33.0,4.4375,9524,31,0,0,0.0
P380621,J'adore Body Milk,Dior,Bath & Body,65.0,4.1714,9953,38,0,0,0.0
P380627,Terre d’Hermès Deodorant Stick,HERMÈS,Bath & Body,47.0,4.1111,2300,17,0,0,0.0
P380664,Crème Brûlée Soufflé Body Crème,Laura Mercier,Bath & Body,72.0,3.5152,10419,67,0,0,0.0
P380667,Almond Coconut Soufflé Body Crème,Laura Mercier,Bath & Body,72.0,3.8969,20843,46,0,0,0.0
P380994,Polo Red Eau de Toilette,Ralph Lauren,Fragrance,88.0,4.6933,6851,14,0,0,0.0
P380998,Always Sharp Longwear Waterproof Kôhl Eyeliner Pencil,Smashbox,Makeup,27.0,3.4574,34000,19,0,0,0.0
P381000,Better Than Sex Volumizing & Lengthening Mascara,Too Faced,Makeup,28.0,3.7373,532085,35,0,0,0.0
P381020,Vinoclean Cleansing Micellar Water,Caudalie,Skincare,30.0,4.009,41456,15,0,0,0.0
P381030,Dramatically Different Moisturizing Lotion+,CLINIQUE,Skincare,32.5,3.9101,92239,22,0,0,0.0
P381033,Thickening Dryspun Volume Texture Spray,Bumble and bumble,Hair,34.0,4.1912,61525,18,0,0,0.0
P381110,Viva La Juicy Noir,Juicy Couture,Fragrance,106.0,4.5769,11285,17,0,0,0.0
P381155,Perfection Mist Airbrush Foundation,SEPHORA COLLECTION,Makeup,20.0,4.2877,107684,36,0,0,0.0
P381210,Cuticle Oil - Nail Cuticle Treatment,Deborah Lippmann,Makeup,22.0,3.8701,11438,7,0,0,0.0
P381211,Deborah Lippmann - Exfoliating Cuticle Remover Nail Treatment,Deborah Lippmann,Makeup,22.0,4.6125,15731,10,0,0,0.0
P381213,Rich Girl - Broad Spectrum SPF 25 Hand Cream,Deborah Lippmann,Makeup,30.0,4.0426,4521,28,0,0,0.0
P381306,Eyeshadow Primer Potion - Anti-Aging,Urban Decay,Makeup,27.0,4.027,72168,33,0,0,0.0
P381311,The Stripper - Nail Polish Remover,Deborah Lippmann,Makeup,22.0,3.6145,6453,5,0,0,0.0
P381312,Hard Rock - Nail Strengthening Top and Base Coat,Deborah Lippmann,Makeup,22.0,4.1124,8399,20,0,0,0.0
P381714,Smooth Finish Foundation Powder,Laura Mercier,Makeup,52.0,4.2029,40591,24,0,0,0.0
P381775,Bamboo Liquid Hand Soap,NEST New York,Bath & Body,22.0,4.2857,1177,29,0,0,0.0
P381916,All About Shadow Single Eye Shadow,CLINIQUE,Makeup,22.0,4.4915,6099,33,0,0,0.0
P381918,All About Shadow Quad Eye Shadow,CLINIQUE,Makeup,36.0,4.2128,19664,33,0,0,0.0
P38217,Renewing Cleansing Cream,Murad,Skincare,45.0,4.4646,7682,38,0,0,0.0
P38220,Stella,TOCCA,Fragrance,80.0,4.4779,14336,9,0,0,0.0
P382204,Cucumber Gel Mask Extreme Detoxifying Hydrator,Peter Thomas Roth,Skincare,55.0,4.1989,31288,29,0,0,0.0
P38221,Florence,TOCCA,Fragrance,80.0,4.3896,36621,10,0,0,0.0
P382356,Age Arrest Anti-Wrinkle Cream,Kate Somerville,Skincare,98.0,4.0349,6101,64,0,0,0.0
P382504,Superprimer Face Primer - Universal Face Primer,CLINIQUE,Makeup,34.0,4.2674,8967,46,0,0,0.0
P382515,Pour Femme Intense,Dolce&Gabbana,Fragrance,128.0,4.3365,8999,19,0,0,0.0
P382581,Smokey Eye Mascara,Bobbi Brown,Makeup,34.0,4.3333,22268,37,0,0,0.0
P382751,Eros,Versace,Fragrance,96.0,4.7105,46412,16,0,0,0.0
P383051,Do Not Age with Dr. Brandt Time Defying Cream,Dr. Brandt Skincare,Skincare,132.0,4.0114,2722,35,0,0,0.0
P383052,Do Not Age with Dr. Brandt Moisturizing Neck Cream,Dr. Brandt Skincare,Skincare,67.0,3.7745,6096,39,0,0,0.0
P383053,Do Not Age with Dr. Brandt Triple Peptide Eye Cream,Dr. Brandt Skincare,Skincare,82.0,4.0822,8950,46,0,0,0.0
P383054,Do Not Age with Dr. Brandt Transforming Pearl Serum,Dr. Brandt Skincare,Skincare,152.0,4.1852,3259,38,0,0,0.0
P383082,Brit Rhythm,BURBERRY,Fragrance,69.0,4.8462,2436,17,0,0,0.0
P383083,L’Homme Parfum Intense,Yves Saint Laurent,Fragrance,110.0,4.5795,4369,21,0,0,0.0
P383223,Perfect Hair Day (PhD) 5-in-1 Styling Treatment,Living Proof,Hair,32.0,4.1956,43047,31,0,0,0.0
P383308,Age Arrest Eye Cream,Kate Somerville,Skincare,98.0,3.7451,4568,63,0,0,0.0
P383334,No Smudge Mascara,Bobbi Brown,Makeup,34.0,3.9298,7720,35,0,0,0.0
P383438,BLEU DE CHANEL Deodorant Stick,CHANEL,Bath & Body,40.0,4.2581,13165,14,0,0,0.0
P38347,Dandelion Baby-Pink Blush,Benefit Cosmetics,Makeup,18.0,4.4718,83967,56,0,0,0.0
P384060,"DIPBROW Waterproof, Smudge Proof Brow Pomade",Anastasia Beverly Hills,Makeup,21.0,4.6701,617437,19,0,0,0.0
P384099,Naked3 Eyeshadow Palette,Urban Decay,Makeup,59.0,4.3522,420808,17,0,0,0.0
P384114,Double Wear Zero-Smudge Lengthening Mascara,Estée Lauder,Makeup,30.0,4.3049,14746,54,0,0,0.0
P384469,Detox Dry Shampoo For Brunettes,Drybar,Hair,26.0,2.3178,5255,25,0,0,0.0
P384505,All About Shadow 8-Pan Palette,CLINIQUE,Makeup,46.0,4.2762,47428,33,0,0,0.0
P384533,Perfect Hair Day Shampoo,Living Proof,Hair,32.0,4.5474,47240,31,0,0,0.0
P384534,Perfect Hair Day Conditioner,Living Proof,Hair,32.0,4.6787,31720,28,0,0,0.0
P384537,GENIUS Ultimate Anti-Aging Cream,Algenist,Skincare,112.0,4.2525,19733,39,0,0,0.0
P384539,Deep Cleanser with Red Clay,First Aid Beauty,Skincare,24.0,4.2608,37998,23,0,0,0.0
P384541,Prêt-à-Powder Dry Shampoo Powder,Bumble and bumble,Hair,15.0,4.0646,46901,15,0,0,0.0
P384710,Roses De Chloé Eau de Toilette,Chloé,Fragrance,128.0,4.5154,37072,27,0,0,0.0
P384770,CAVIAR Anti-Aging Smoothing Anti-Frizz Nourishing Oil,ALTERNA Haircare,Hair,38.0,4.0615,7930,21,0,0,0.0
P384778,Black Tea Firming and De-Puffing Eye Cream,fresh,Skincare,68.0,3.8768,58657,52,0,0,0.0
P384780,Pure Argan Milk Intensive Hydrating Treatment,Josie Maran,Skincare,56.0,4.068,39408,4,0,0,0.0
P384821,Take The Day Off  Cleansing Oil Makeup Remover,CLINIQUE,Skincare,34.5,4.3309,29640,13,0,0,0.0
P384963,Ambient Lighting Blush Collection,Hourglass,Makeup,45.0,4.519,267732,32,0,0,0.0
P384996,Cheek Pop Blush,CLINIQUE,Makeup,29.0,4.4981,163884,34,0,0,0.0
P385017,Bodyguard - Heat Protect Spray,ghd,Hair,28.0,3.8675,10936,27,0,0,0.0
P385253,Dr. Andrew Weil For Origins Mega-Bright SPF 30 Skin Tone Correcting Oil-Free Moisturizer,Origins,Skincare,63.0,4.0966,18986,70,3,1,0.04285714285714286
P385254,Clinique For Men Anti-Age Moisturizer,CLINIQUE,Men,44.0,4.8889,4612,35,0,0,0.0
P385256,Oil Control Face Wash,CLINIQUE,Men,23.5,4.3125,2447,23,0,0,0.0
P385301,Dolce Eau de Parfum,Dolce&Gabbana,Fragrance,126.0,4.3193,21432,21,0,0,0.0
P385317,Indigo Eau de Parfum,NEST New York,Fragrance,86.0,4.5041,33308,11,0,0,0.0
P385319,Indigo Eau de Parfum Travel Spray,NEST New York,Fragrance,30.0,4.4944,22366,11,0,0,0.0
P385320,Trinity + Eye and Lip Enhancer Attachment Bundle,NuFACE,Skincare,449.0,3.4381,16672,15,0,0,0.0
P385341,The Cure - Nail Cuticle Repair Cream Treatment,Deborah Lippmann,Makeup,25.0,4.2805,11006,40,0,0,0.0
P385350,’REPLICA’ Jazz Club,Maison Margiela,Fragrance,160.0,4.5857,62769,19,0,0,0.0
P385354,’REPLICA’ Lazy Sunday Morning,Maison Margiela,Fragrance,160.0,4.1206,58695,17,0,0,0.0
P385358,’REPLICA’ Beach Walk,Maison Margiela,Fragrance,160.0,4.2097,98217,28,0,0,0.0
P385432,Acne Solutions Clinical Clearing Gel,CLINIQUE,Skincare,32.0,4.2234,59548,8,0,0,0.0
P385465,Bright Crystal Absolu,Versace,Fragrance,120.0,4.6432,22420,17,0,0,0.0
P385477,Miss Dior Blooming Bouquet,Dior,Fragrance,105.0,4.3024,110647,22,0,0,0.0
P385531,Lash Primer,Blinc,Makeup,26.0,4.0167,6063,34,0,0,0.0
P385586,Perfectly Defined Gel Eyeliner,Bobbi Brown,Makeup,32.0,4.0047,24171,34,0,0,0.0
P385631,"Great Skin, Great Deal Set for Combination Oily Skin",CLINIQUE,Skincare,32.5,4.3321,39928,70,3,1,0.04285714285714286
P385632,"Great Skin, Great Deal Set for Dry Combination Skin",CLINIQUE,Skincare,32.5,4.2143,29926,58,0,0,0.0
P385674,Deep Dive Glycolic Facial Cleanser,Jack Black,Men,24.0,4.5827,12874,28,0,0,0.0
P385760,Smooth Operator Amazonian Clay Finishing Setting Powder,tarte,Makeup,35.0,3.7654,16687,13,0,0,0.0
P385773,Hyaluronic Marine Hydration Booster,Dr. Dennis Gross Skincare,Skincare,72.0,4.2555,13677,52,0,0,0.0
P385908,Ink Liner Waterproof Felt-Tip Liquid Eyeliner,KVD Beauty,Makeup,25.0,4.0435,95336,13,0,0,0.0
P386197,GinZing Refreshing Scrub Cleanser,Origins,Skincare,27.0,4.4763,49081,31,0,0,0.0
P386335,Contour Kit,Anastasia Beverly Hills,Makeup,40.0,4.0975,251086,46,0,0,0.0
P386462,Hairdresser's Invisible Oil Conditioner,Bumble and bumble,Hair,35.0,4.1946,27425,35,0,0,0.0
P386463,Hairdresser's Invisible Oil Shampoo,Bumble and bumble,Hair,34.0,3.9588,30305,38,0,0,0.0
P386464,Hairdresser’s Invisible Oil Heat & UV Protective Primer,Bumble and bumble,Hair,32.0,4.566,150815,37,0,0,0.0
P386652,Aqua Smoky Extravagant Waterproof Mascara,MAKE UP FOR EVER,Makeup,25.0,2.8291,6297,22,0,0,0.0
P386739,Restorative Plumping + Brightening Eye Cream,Tata Harper,Skincare,130.0,4.11,12946,60,0,0,0.0
P386754,Daily Cleanse Clear Skin and Body Detox Supplement,HUM Nutrition,Skincare,26.0,4.0535,49678,14,0,0,0.0
P386755,Collagen Love Skin Firming Supplement with Hyaluronic Acid & Vitamin C,HUM Nutrition,Skincare,40.0,4.4074,17120,9,0,0,0.0
P386757,Wing Man Liver Detox and Dark Circle Supplement,HUM Nutrition,Skincare,26.0,3.8254,14381,6,0,0,0.0
P386759,Moody Bird PMS Support Supplement,HUM Nutrition,Skincare,26.0,4.2222,9393,5,0,0,0.0
P386760,OMG! Omega The Great Fish Oil Supplement,HUM Nutrition,Skincare,30.0,4.3077,11224,5,0,0,0.0
P386761,Killer Nails Hair & Nail Strength Supplement with Biotin,HUM Nutrition,Makeup,20.0,4.5079,12792,5,0,0,0.0
P386762,Here Comes The Sun Vitamin D Immune System Support Supplement,HUM Nutrition,Skincare,12.0,4.6444,14709,5,0,0,0.0
P386763,Red Carpet Skin and Hair Health Supplement,HUM Nutrition,Hair,26.0,4.0163,16123,7,0,0,0.0
P386764,Uber Energy Adrenal Fatigue and Adaptogen Supplement,HUM Nutrition,Skincare,26.0,3.5385,11104,17,0,0,0.0
P386765,"Runway Ready Skin, Hair & Nail Repair Kit",HUM Nutrition,Hair,36.0,4.3085,13589,14,0,0,0.0
P386783,Pro Pencil,Anastasia Beverly Hills,Makeup,18.0,4.0611,66546,12,0,0,0.0
P386816,Diorshow Iconic Overcurl Waterproof Mascara,Dior,Makeup,29.5,3.4735,13889,33,0,0,0.0
P387175,Colored Clay CC Undereye Corrector,tarte,Makeup,28.0,4.2839,36594,34,0,0,0.0
P387228,Timeless Smoothing Primer,tarte,Makeup,39.0,3.9469,56251,40,0,0,0.0
P387250,Velvet Orchid,TOM FORD,Fragrance,150.0,4.3795,27253,29,0,0,0.0
P387261,Pumpkin Enzyme Mask Enzymatic Dermal Resurfacer,Peter Thomas Roth,Skincare,60.0,4.6611,55129,26,0,0,0.0
P387426,Step-By-Step Contour Kit,Smashbox,Makeup,40.0,4.026,134467,12,0,0,0.0
P387511,Immortelle Divine Cream,L'Occitane,Skincare,115.0,3.8805,6151,51,0,0,0.0
P387512,Shea Nail And Cuticle Oil,L'Occitane,Makeup,20.0,4.3833,27300,19,0,0,0.0
P387562,Daisy Dream,Marc Jacobs Fragrances,Fragrance,95.0,4.2077,35756,22,0,0,0.0
P387564,Daisy Dream Rollerball,Marc Jacobs Fragrances,Fragrance,34.0,4.4375,15570,23,0,0,0.0
P387589,Hangover Replenishing Face Primer,Too Faced,Makeup,37.0,4.0941,169292,28,0,0,0.0
P387594,Subversion Lash Primer,Urban Decay,Makeup,26.0,4.2685,28837,25,0,0,0.0
P387634,Chubby Stick Cheek Colour Balm Blush,CLINIQUE,Makeup,29.0,4.3913,26023,49,0,0,0.0
P387903,Candy Eau de Parfum Travel Spray,Prada,Fragrance,30.0,4.205,38310,15,0,0,0.0
P387906,Audacious Lipstick,NARS,Makeup,34.0,4.6191,330693,51,0,0,0.0
P387939,Viva La Juicy Gold Couture,Juicy Couture,Fragrance,86.0,4.5679,15139,15,0,0,0.0
P387956,Perversion Volumizing Mascara,Urban Decay,Makeup,28.0,3.9338,85403,29,0,0,0.0
P388029,Sì Eau de Parfum,Armani Beauty,Fragrance,122.0,4.5679,57777,30,0,0,0.0
P388106,1.5MM Mechanical Gel Eye Liner,Hourglass,Makeup,21.0,3.5435,37922,12,0,0,0.0
P388200,GENIUS Ultimate Anti-Aging Melting Cleanser,Algenist,Skincare,38.0,4.0569,9314,20,0,0,0.0
P388218,My Burberry,BURBERRY,Fragrance,95.0,4.5967,14779,19,0,0,0.0
P388225,Naked2 Basics Eyeshadow Palette,Urban Decay,Mini Size,33.0,4.4037,231052,85,0,0,0.0
P388262,GENIUS Ultimate Anti-Aging Eye Cream,Algenist,Skincare,74.0,3.7759,6866,44,0,0,0.0
P388515,Triple Sec 3-in-1 Texturizing Finishing Spray,Drybar,Hair,29.0,3.6521,40481,18,0,0,0.0
P388545,Perfect Cleansing Oil,Shiseido,Skincare,35.0,4.4514,21389,12,0,0,0.0
P38855877,Positive Light Liquid Luminizer Highlight,Rare Beauty by Selena Gomez,Makeup,25.0,4.3411,481509,21,0,0,0.0
P388615,Nail Polish,NAILS INC.,Makeup,15.0,4.1035,49608,18,0,0,0.0
P388616,NAILKALE - Superfood Base Coat,NAILS INC.,Makeup,15.0,4.4575,23868,44,0,0,0.0
P388625,Blossom & Bloom Ginseng + Biotin Hair Volumizing Conditioner,Briogeo,Hair,28.0,3.7923,19405,29,0,0,0.0
P388626,Curl Charisma Rice Amino + Avocado Leave–In Defining Cream,Briogeo,Hair,24.0,4.1104,45707,30,0,0,0.0
P388627,Curl Charisma Rice Amino + Shea Curl Defining Conditioner,Briogeo,Hair,28.0,4.1708,17528,37,0,0,0.0
P388628,"Don't Despair, Repair! Deep Conditioning Hair Mask",Briogeo,Hair,39.0,4.0752,185461,40,0,0,0.0
P388629,"Farewell Frizz Rosehip, Argan & Coconut Hair Oil",Briogeo,Hair,30.0,3.6441,24726,18,0,0,0.0
P388664,Skin Weightless Powder Foundation,Bobbi Brown,Makeup,52.0,3.8897,11514,38,0,0,0.0
P388687,Fresh Life Body Lotion,fresh,Bath & Body,28.0,3.76,5015,23,0,0,0.0
P388762,Ikat Jasmine,AERIN,Fragrance,200.0,4.3385,7381,15,0,0,0.0
P388766,Lilac Path,AERIN,Fragrance,145.0,4.2875,6530,20,0,0,0.0
P388770,Amber Musk,AERIN,Fragrance,145.0,4.3833,13830,10,0,0,0.0
P388950,Lash Lengthening Mascara,NUDESTIX,Makeup,28.0,3.8355,3843,50,0,0,0.0
P388953,Magnetic Eye Color,NUDESTIX,Makeup,27.0,4.1453,87604,24,0,0,0.0
P388982,Big ChillAdaptogenStress Management Supplement,HUM Nutrition,Skincare,25.0,4.2609,14443,4,0,0,0.0
P389097,Arctic Repair Fine Lines and Wrinkles Supplement,HUM Nutrition,Skincare,60.0,3.7778,4938,10,0,0,0.0
P389110,Invictus Eau de Toilette,Paco Rabanne,Fragrance,106.0,4.7729,11830,23,0,0,0.0
P390005,Versace Man Eau Fraîche Travel Spray,Versace,Fragrance,32.0,4.8235,3898,13,0,0,0.0
P390007,Pour Homme Travel Spray,Versace,Fragrance,32.0,4.5,4523,21,0,0,0.0
P390009,Eros Pour Homme Travel Spray,Versace,Fragrance,32.0,5.0,6934,16,0,0,0.0
P390708,Legend Body Spray,Montblanc,Bath & Body,25.0,4.871,1653,14,0,0,0.0
P390722,Prisme Libre Loose Setting and Finishing Powder,Givenchy,Makeup,59.0,4.502,204028,23,0,0,0.0
P391759,Tartelette Amazonian Clay Matte Eyeshadow Palette,tarte,Makeup,45.0,4.4715,194002,215,0,0,0.0
P391796,Repair Blow Dry,Bumble and bumble,Hair,32.0,4.6061,24671,35,0,0,0.0
P391797,All-Style Blow Dry,Bumble and bumble,Hair,32.0,4.5701,15389,25,0,0,0.0
P391799,Black Tea Firming Overnight Mask,fresh,Skincare,96.0,4.1369,73168,53,0,0,0.0
P391802,Needles No More Wrinkle Smoothing Cream,Dr. Brandt Skincare,Skincare,89.0,3.5158,15453,49,0,0,0.0
P391910,CAVIAR Anti-Aging Clinical Densifying Styling Mousse,ALTERNA Haircare,Hair,38.0,4.5164,7818,49,0,0,0.0
P392001,Revitalizing Anti-Aging Body Oil,Tata Harper,Bath & Body,120.0,3.8421,7434,24,0,0,0.0
P392141,COCO NOIR,CHANEL,Fragrance,122.0,4.3846,33679,18,0,0,0.0
P392142,Nourishing Makeup Removing Oil Cleanser,Tata Harper,Skincare,88.0,4.0211,9393,29,0,0,0.0
P392143,Tata's Daily Essentials Kit,Tata Harper,Skincare,75.0,3.65,22558,180,0,0,0.0
P392144,Purifying Pore Detox Cleanser,Tata Harper,Skincare,88.0,4.2059,14771,35,0,0,0.0
P392229,Mandarino Di Amalfi,TOM FORD,Fragrance,295.0,3.9318,10227,17,0,0,0.0
P392235,The Camellia Oil 2-in-1 Makeup Remover & Cleanser,Tatcha,Skincare,50.0,4.4815,142010,16,0,0,0.0
P392239,Menthol And Eucalyptus Lip Balm,Rosebud Perfume Co.,Skincare,7.0,4.0998,20830,4,0,0,0.0
P392245,Virgin Marula Luxury Face Oil,Drunk Elephant,Skincare,68.0,4.3107,174857,1,0,0,0.0
P392246,T.L.C. Framboos Glycolic Resurfacing Night Serum,Drunk Elephant,Skincare,90.0,4.3492,290028,34,3,1,0.08823529411764706
P392248,Pekee Cleansing Bar,Drunk Elephant,Skincare,28.0,4.4633,20586,11,0,0,0.0
P392249,JuJu Exfoliating Bar,Drunk Elephant,Skincare,28.0,4.4663,30472,13,0,0,0.0
P392308,Restore Repair Leave-In,Living Proof,Hair,31.0,4.3304,11781,27,0,0,0.0
P392437,Lock-It Hydrating Primer,KVD Beauty,Makeup,34.0,3.7257,50671,28,0,0,0.0
P392472,All About Clean Foaming Facial Soap,CLINIQUE,Skincare,23.5,4.0254,5092,21,0,0,0.0
P392516,Roller Lash Curling & Lifting Mascara,Benefit Cosmetics,Makeup,28.0,4.1559,213327,30,0,0,0.0
P392522,Santal Soothing & Hydrating Natural Face Treatment Oil,Clarins,Skincare,65.0,4.76,8559,10,0,0,0.0
P392607,24K Gold Mask Pure Luxury Lift & Firm,Peter Thomas Roth,Skincare,85.0,3.5,16676,17,0,0,0.0
P392608,Irish Moor Mud Purifying Black Mask,Peter Thomas Roth,Skincare,60.0,4.3724,23860,23,0,0,0.0
P392636,Tarteist Clay Paint Liner,tarte,Makeup,24.0,3.7019,55088,16,0,0,0.0
P392648,Extra Illuminating Moisture Balm,Bobbi Brown,Skincare,74.0,3.3697,10298,59,0,0,0.0
P39274,Anti-Aging Cleansing Gel,Peter Thomas Roth,Skincare,39.0,4.3699,32125,26,3,1,0.11538461538461539
P392869,Moisturizing And Smoothing Milk Veil,L'Occitane,Bath & Body,45.0,4.4091,9686,38,0,0,0.0
P392873,Almond Exfoliating And Smoothing Delicious Paste,L'Occitane,Bath & Body,49.0,4.2143,12828,22,0,0,0.0
P392891,Nutritious Super-Pomegranate Radiant Energy Night Moisturizer Creme/Mask,Estée Lauder,Skincare,74.0,4.6,7994,53,0,0,0.0
P392931,Cleopatra Travel Spray,TOCCA,Fragrance,46.0,4.6667,0,25,0,0,0.0
P392935,Florence Travel Spray,TOCCA,Fragrance,46.0,5.0,0,10,0,0,0.0
P392937,Giulietta Travel Spray,TOCCA,Fragrance,46.0,4.8571,0,20,0,0,0.0
P392941,Stella Travel Spray,TOCCA,Fragrance,46.0,4.5769,4740,9,0,0,0.0
P392945,GENIUS Ultimate Anti-Aging Vitamin C+ Serum,Algenist,Skincare,118.0,3.9825,10068,38,0,0,0.0
P393076,Ultra Repair Hydra-Firm Night Cream,First Aid Beauty,Skincare,44.0,4.3114,54167,38,0,0,0.0
P393137,White Suede,TOM FORD,Fragrance,295.0,4.52,11510,17,0,0,0.0
P393141,Jasmin Rouge,TOM FORD,Fragrance,295.0,4.5918,16168,19,0,0,0.0
P393151,Tobacco Vanille,TOM FORD,Fragrance,295.0,4.3116,61807,14,0,0,0.0
P393153,Tuscan Leather,TOM FORD,Fragrance,295.0,3.8034,10433,8,0,0,0.0
P393159,Santal Blush,TOM FORD,Fragrance,180.0,4.4286,14921,24,0,0,0.0
P393163,Noir de Noir,TOM FORD,Fragrance,295.0,4.6279,10852,13,0,0,0.0
P393167,Oud Wood,TOM FORD,Fragrance,295.0,4.4396,32653,11,0,0,0.0
P393281,Perk Up Talc-Free Dry Shampoo,amika,Hair,28.0,4.4057,109463,15,0,0,0.0
P393325,Beyond Perfecting Foundation + Concealer,CLINIQUE,Makeup,37.0,3.7543,112957,38,0,0,0.0
P393356,COMPLEXION RESCUE Tinted Moisturizer with Hyaluronic Acid and Mineral SPF 30,bareMinerals,Makeup,37.0,4.0038,227404,30,0,0,0.0
P393401,Luminous Silk Perfect Glow Flawless Oil-Free Foundation,Armani Beauty,Makeup,69.0,4.2162,622995,31,0,0,0.0
P393411,Lip Maestro Liquid Matte Lipstick,Armani Beauty,Makeup,45.0,4.3712,229025,27,0,0,0.0
P393427,Mascara Volume Effet Faux Cils Volumizing Mascara,Yves Saint Laurent,Makeup,29.0,3.897,26634,36,0,0,0.0
P393434,Eye Tint Long-Lasting Liquid Eyeshadow,Armani Beauty,Makeup,36.0,4.3822,99920,22,0,0,0.0
P393501,Acne Solutions Cleansing Gel,CLINIQUE,Skincare,23.5,3.8725,7215,22,0,0,0.0
P393600,Trinity Facial Toning Device + Wrinkle Reducer Attachment Bundle,NuFACE,Skincare,449.0,3.5385,5875,8,0,0,0.0
P393633,Chubby Stick Sculpting Contour,CLINIQUE,Makeup,29.0,3.7737,33726,42,0,0,0.0
P393634,Chubby Stick Sculpting Highlight,CLINIQUE,Makeup,29.0,4.0586,20969,42,0,0,0.0
P393664,Love Story,Chloé,Fragrance,147.0,4.4817,20003,28,0,0,0.0
P393669,Black Ecstasy Mascara,Armani Beauty,Makeup,33.0,4.3525,6554,20,0,0,0.0
P393671,Eyes To Kill Lengthening Mascara,Armani Beauty,Makeup,33.0,4.3126,17195,20,0,0,0.0
P393672,Eyes To Kill Waterproof Mascara,Armani Beauty,Makeup,33.0,4.1756,8548,27,0,0,0.0
P393718,Luna Sleeping Retinoid Night Oil,Sunday Riley,Skincare,105.0,4.0827,174483,17,0,0,0.0
P394124,Argan Daily Moisturizer Tinted SPF 47 Protect + Perfect,Josie Maran,Skincare,38.0,4.0123,20882,39,0,0,0.0
P394397,Invisiblur Perfecting Shield Broad Spectrum SPF 30 PA+++,Murad,Skincare,71.0,3.9547,36774,38,0,0,0.0
P394534,Black Opium Eau de Parfum,Yves Saint Laurent,Fragrance,155.0,4.6369,276396,19,0,0,0.0
P394624,The True Cream Moisturizing Bomb,belif,Skincare,38.0,4.5631,151868,55,0,0,0.0
P394639,The True Cream Aqua Bomb,belif,Skincare,38.0,4.4841,265050,55,0,0,0.0
P394702,Plantscription Anti-Aging Power Eye Cream,Origins,Skincare,58.0,3.8372,11304,53,0,0,0.0
P394825,Surf Infusion,Bumble and bumble,Hair,30.0,3.6271,20930,36,0,0,0.0
P394826,Flatter Me Digestive Enzyme Supplement,HUM Nutrition,Skincare,26.0,4.2643,31935,19,0,0,0.0
P394949,BLEU DE CHANEL Eau de Parfum,CHANEL,Fragrance,112.0,4.8077,53079,20,0,0,0.0
P394957,Turbo Body Bar Scrubbing Soap,Jack Black,Men,16.0,4.6154,5224,32,0,0,0.0
P394998,Mimosa,Commodity,Fragrance,135.0,4.0455,3703,15,0,0,0.0
P395000,Gold Expressive,Commodity,Fragrance,135.0,4.537,12740,8,0,0,0.0
P395002,Rain,Commodity,Fragrance,135.0,4.3878,6506,12,0,0,0.0
P395004,Moss Expressive,Commodity,Fragrance,135.0,4.5926,3082,7,0,0,0.0
P395006,W*****y,Commodity,Fragrance,135.0,4.1471,3952,11,0,0,0.0
P395008,Book Expressive,Commodity,Fragrance,135.0,3.9643,5983,8,0,0,0.0
P395022,Gold Expressive Travel Spray,Commodity,Fragrance,25.0,4.5402,13341,8,0,0,0.0
P395028,Moss Expressive Travel Spray,Commodity,Fragrance,25.0,4.5054,4144,7,0,0,0.0
P395032,Book Expressive Travel Spray,Commodity,Fragrance,25.0,3.9922,7412,8,0,0,0.0
P395117,Double Header Shampoo + Conditioner,Jack Black,Men,34.0,4.1875,2172,54,0,0,0.0
P395205,Waterproof Crème Color,Anastasia Beverly Hills,Makeup,18.0,3.4277,32099,21,0,0,0.0
P395212,Eros Pour Femme Eau de Parfum,Versace,Fragrance,130.0,4.5633,26660,21,0,0,0.0
P395309,Mad Madame,Juliette Has a Gun,Fragrance,145.0,4.1429,3908,13,0,0,0.0
P395311,Lady Vengeance,Juliette Has a Gun,Fragrance,140.0,4.3111,9227,14,0,0,0.0
P395313,Not A Perfume,Juliette Has a Gun,Fragrance,140.0,3.9766,80331,3,0,0,0.0
P395389,GLO Brilliant Teeth Whitening GLO Vials 10 Pack plus Lip Care,GLO Science,Skincare,65.0,4.4211,16148,25,0,0,0.0
P395399,Sparkling Soda Shine Mist,Drybar,Hair,29.0,3.8231,12013,21,0,0,0.0
P395507,Extra Repair Moisture Cream,Bobbi Brown,Skincare,110.0,4.5,3331,62,0,0,0.0
P395532,Lip Liner To Go,SEPHORA COLLECTION,Makeup,6.0,4.0169,190809,17,0,0,0.0
P395615,Pore Minimizing Instant Detox Mask,Caudalie,Skincare,42.0,4.5015,185939,36,0,0,0.0
P395693,Noir Extreme,TOM FORD,Fragrance,215.0,4.467,11175,20,0,0,0.0
P395697,Ambient Lighting Bronzer,Hourglass,Makeup,58.0,4.5295,145082,30,0,0,0.0
P395717,Clay Pomade,Jack Black,Hair,24.0,3.3,1219,41,0,0,0.0
P395723,Classic Body Organic Sunscreen Spray SPF 50 Fragrance-Free,COOLA,Skincare,28.0,4.3636,12498,9,0,0,0.0
P395733,Ultimate Ozone Multipurpose Primer Pencil,Urban Decay,Makeup,22.0,4.052,24909,18,0,0,0.0
P395768,Waterlily Sun,AERIN,Fragrance,145.0,4.3529,6241,15,0,0,0.0
P395905,Miss Dior Hair Mist,Dior,Fragrance,75.0,3.9818,26362,24,0,0,0.0
P396014,Cuticle Lab - Nail Treatment Set,Deborah Lippmann,Makeup,49.0,4.3851,22746,60,0,0,0.0
P396240,Diorshow 24h Buildable Volume Mascara,Dior,Makeup,29.5,4.1817,84140,31,0,0,0.0
P396308,ck one All Over Body Spray,Calvin Klein,Fragrance,20.0,4.8333,5075,11,0,0,0.0
P396476,Le Jardin de Monsieur Li Eau de Toilette,HERMÈS,Fragrance,149.0,4.4468,8037,16,0,0,0.0
P396623,Makeup Setting Spray Organic Sunscreen SPF 30,COOLA,Skincare,36.0,3.3066,34125,22,0,0,0.0
P396733,Farewell Frizz Rosarco Milk Leave-In Conditioner,Briogeo,Hair,25.0,4.1949,97311,24,0,0,0.0
P396734,Blossom & Bloom Ginseng + Biotin Hair Volumizing Spray,Briogeo,Hair,25.0,3.9819,17494,16,0,0,0.0
P39675,100 percent Pure Shea Butter,L'Occitane,Bath & Body,40.0,4.673,12115,1,0,0,0.0
P39678,Shea Butter Rich Body Lotion,L'Occitane,Bath & Body,35.0,4.5246,14426,35,0,0,0.0
P39693963,Blot & Glow Powder Puff Refill,Rare Beauty by Selena Gomez,Makeup,15.0,3.7917,12483,12,0,0,0.0
P397024,True Volume Thickening Shampoo,Jack Black,Men,32.0,4.0,1813,45,0,0,0.0
P397025,Nourishing Hair & Scalp Conditioner,Jack Black,Men,25.0,4.75,3425,40,0,0,0.0
P397310,PoreDermabrasion Pore Perfecting Exfoliator,Dr. Brandt Skincare,Skincare,59.0,4.2437,20771,32,3,1,0.09375
P397351,Don't Blow It Fine Hair Air Dry Styler,Bumble and bumble,Hair,32.0,3.8662,47666,28,0,0,0.0
P397383,Opening Act Lash Primer,tarte,Makeup,25.0,4.4476,32213,18,0,0,0.0
P397465,Strawberry Lip Balm,Rosebud Perfume Co.,Skincare,8.0,4.1518,13002,5,0,0,0.0
P397517,Born This Way Natural Finish Longwear Liquid Foundation,Too Faced,Makeup,45.0,4.0437,465412,34,0,0,0.0
P397615,Touche Eclat Blur Face Primer,Yves Saint Laurent,Makeup,56.0,4.3769,89823,14,0,0,0.0
P397622,Dermask Water Jet Soothing Hydra Solution,Dr. Jart+,Skincare,7.0,4.0538,22325,42,0,0,0.0
P397623,Dermask Water Jet Vital Hydra Solution,Dr. Jart+,Skincare,7.0,4.5507,40090,36,0,0,0.0
P397624,Dermask Micro Jet Clearing Solution,Dr. Jart+,Skincare,9.0,4.4472,35931,29,3,1,0.10344827586206896
P397625,Dermask Micro Jet Brightening Solution,Dr. Jart+,Skincare,9.0,4.0571,16054,35,0,0,0.0
P397626,Dermask Intra Jet Wrinkless Solution,Dr. Jart+,Skincare,9.0,3.619,12850,22,0,0,0.0
P397627,Dermask Intra Jet Firming Solution,Dr. Jart+,Skincare,9.0,3.3061,9087,22,0,0,0.0
P397664,Oil-Free Sun Guard Sunscreen Water Resistant SPF 45,Jack Black,Men,22.0,4.6204,11399,19,0,0,0.0
P397665,Dry Erase Ultra-Calming Face Cream,Jack Black,Men,40.0,4.5,2899,34,0,0,0.0
P397673,Dior Homme Cologne,Dior,Fragrance,105.0,4.359,4616,19,0,0,0.0
P397836,BONBON,Viktor&Rolf,Fragrance,80.0,4.3722,45486,41,0,0,0.0
P39784685,Invisimatte Instant Setting + Blotting Powder,Fenty Beauty by Rihanna,Makeup,36.0,4.6245,170056,19,0,0,0.0
P39787544,Stunna Lip Paint Longwear Fluid Lip Color,Fenty Beauty by Rihanna,Makeup,28.0,4.2346,486935,10,0,0,0.0
P397901,Huge Extreme Lash Mascara,stila,Makeup,26.0,3.9279,25064,29,0,0,0.0
P398001,Sephora Colorful Wink-It Felt Tip Liquid Waterproof Eyeliner,SEPHORA COLLECTION,Makeup,14.0,3.5836,111316,16,0,0,0.0
P398009,Bright Future Gel Serum Under Eye Concealer,SEPHORA COLLECTION,Makeup,15.0,4.0272,171417,29,0,0,0.0
P398365,Luna Rossa Sport Eau de Toilette,Prada,Fragrance,115.0,4.8073,6510,11,0,0,0.0
P398372,Brow Tech Matte Pencil & Brush,Smashbox,Makeup,21.0,3.8165,5844,29,0,0,0.0
P398432,Bamboo Eau de Parfum,Gucci,Fragrance,87.0,4.4101,25277,24,0,0,0.0
P39853698,Master Pigment Pro Eyeliner Pencil,MAKEUP BY MARIO,Makeup,24.0,3.6923,67716,28,0,0,0.0
P398665,Acqua Di Gio Profumo,Armani Beauty,Fragrance,174.0,4.6604,9322,19,0,0,0.0
P398675,La Vie Est Belle Body Lotion,Lancôme,Bath & Body,52.0,4.6667,5110,41,0,0,0.0
P398713,Charcoal Face Wash,CLINIQUE,Men,26.5,4.7308,4420,22,0,0,0.0
P398717,Dramatically Different Moisturizing Cream,CLINIQUE,Skincare,32.5,4.4085,8553,25,0,0,0.0
P398736,Full Lash and Brow Serum,Shiseido,Makeup,36.0,3.9681,44797,19,0,0,0.0
P398761,Alpha Beta Ultra Gentle Daily Peel Pads for Sensitive Skin,Dr. Dennis Gross Skincare,Skincare,20.0,4.3389,23751,68,0,0,0.0
P398775,Ultra HD Invisible Cover Stick Foundation,MAKE UP FOR EVER,Makeup,43.0,4.033,153959,34,0,0,0.0
P398823,Amber Musk Eau de Parfum Travel Spray,AERIN,Mini Size,35.0,4.1875,11147,10,0,0,0.0
P39890,Verbena Shower Gel,L'Occitane,Bath & Body,22.0,4.2963,6376,18,0,0,0.0
P398965,Rose Lip Conditioner,AERIN,Makeup,35.0,4.26,20562,3,0,0,0.0
P399118,Full Potential Hair Preserving Shampoo,Bumble and bumble,Hair,34.0,3.6322,6778,38,0,0,0.0
P399119,Full Potential Hair Preserving Conditioner,Bumble and bumble,Hair,35.0,3.6389,4395,47,0,0,0.0
P399120,Full Potential Hair Preserving Booster Spray,Bumble and bumble,Hair,60.0,3.6735,5040,37,0,0,0.0
P399166,CHANCE EAU VIVE,CHANEL,Fragrance,100.0,4.7368,17636,19,0,0,0.0
P399255,Brit Splash,BURBERRY,Fragrance,94.0,4.6667,999,18,0,0,0.0
P399330,Perfect hair Day (PhD) Dry Shampoo,Living Proof,Hair,43.0,4.3469,126074,28,0,0,0.0
P399335,Blonde Ale Brightening Shampoo,Drybar,Hair,29.0,4.0773,15606,38,0,0,0.0
P399336,Blonde Ale Brightening Conditioner,Drybar,Hair,29.0,3.4609,8775,54,0,0,0.0
P39950,Lavender Harvest Foaming Bath,L'Occitane,Bath & Body,39.0,4.3028,13108,12,0,0,0.0
P399503,DRAMA LIQUI-PENCIL Longwear Eyeliner,Lancôme,Makeup,23.0,4.66,63085,13,0,0,0.0
P399622,Luminous Deep Hydration Lifting Mask,Tatcha,Skincare,95.0,4.4074,27298,29,0,0,0.0
P399623,Luminous Dewy Skin Mist,Tatcha,Skincare,49.0,3.951,209577,36,0,0,0.0
P399656,Fab Faves To Go Kit,First Aid Beauty,Skincare,30.0,4.5854,10231,61,0,0,0.0
P399675,Contour Body Firming & Toning Natural Treatment Oil,Clarins,Bath & Body,70.0,4.3684,7643,13,0,0,0.0
P39970,Rose Floral Toner,fresh,Skincare,15.0,4.1067,80841,11,0,0,0.0
P399755,GLO Lit Teeth Whitening Vials 7 Pack + Lip Care,GLO Science,Skincare,49.0,4.3917,17417,25,0,0,0.0
P399835,Bright Crystal Ovetto Mini Spray,Versace,Fragrance,33.0,4.5377,42528,19,0,0,0.0
P399932,Acne-Clear Invisible Dots,Peter Thomas Roth,Skincare,32.0,3.4314,24178,16,3,1,0.1875
P399934,NightWear Plus Anti-Oxidant Night Detox Moisturizer Creme,Estée Lauder,Skincare,63.0,4.2391,7948,80,0,0,0.0
P399961,Wool,Commodity,Fragrance,135.0,4.6875,4267,13,0,0,0.0
P399986,Beard Oil,Jack Black,Men,28.0,4.5604,6753,28,0,0,0.0
P399988,Curl Cream,Verb,Hair,20.0,3.8071,11334,45,0,0,0.0
P399990,Forming Fiber,Verb,Hair,20.0,4.1935,2466,36,0,0,0.0
P399991,Ghost Hairspray,Verb,Hair,20.0,4.3924,11284,25,0,0,0.0
P399993,Hydrating Conditioner,Verb,Hair,20.0,3.9794,15332,39,0,0,0.0
P399994,Hydrating Shampoo,Verb,Hair,20.0,3.7991,17437,47,0,0,0.0
P399995,Leave-In Conditioning Mist,Verb,Hair,20.0,3.7273,22525,36,0,0,0.0
P399996,Sculpting Clay,Verb,Hair,20.0,3.9259,2321,51,0,0,0.0
P399999,Volume Spray,Verb,Hair,20.0,3.4255,7361,28,0,0,0.0
P400017,Eyebrow Stylus Pencil & Gel,NUDESTIX,Makeup,27.0,4.1958,13714,32,0,0,0.0
P400057,Sauvage Eau de Toilette,Dior,Fragrance,100.0,4.6143,68140,19,0,0,0.0
P400059,Sauvage After-Shave Lotion,Dior,Bath & Body,70.0,4.8571,2046,16,0,0,0.0
P400061,Sauvage Deodorant Spray,Dior,Bath & Body,40.0,4.5806,5838,14,0,0,0.0
P400202,Jasmine Glowing Hydration Body Oil,Herbivore,Bath & Body,44.0,4.4218,24867,8,0,0,0.0
P400203,Lapis Blue Tansy Face Oil - For Oily & Acne-Prone Skin,Herbivore,Skincare,74.0,4.2461,68960,8,0,0,0.0
P400204,Phoenix Rosehip Anti-Aging Face Oil - For Dry Skin,Herbivore,Skincare,88.0,4.4169,43956,9,0,0,0.0
P400205,Orchid Antioxidant Beauty Face Oil - For Combination Skin,Herbivore,Skincare,74.0,4.3527,26322,7,0,0,0.0
P400207,Blue Tansy BHA and Enzyme Pore Refining Mask,Herbivore,Skincare,50.0,4.2448,126177,22,0,0,0.0
P400211,Coco Rose Exfoliating Body Scrub,Herbivore,Bath & Body,40.0,4.2218,70641,9,0,0,0.0
P400259,C-Firma Fresh Vitamin-C Day Serum,Drunk Elephant,Skincare,78.0,4.1561,300467,33,0,0,0.0
P400324,Roses De Chloé Eau de Toilette Rollerball,Chloé,Fragrance,31.0,4.5154,15996,27,0,0,0.0
P400560,Velvet Matte Lip Colour,Christian Louboutin,Makeup,90.0,4.3627,49836,37,0,0,0.0
P400625,Luxe Lipstick,Bobbi Brown,Makeup,40.0,4.4961,66270,49,0,0,0.0
P400708,Quickliner For Lips Intense Lip Liner,CLINIQUE,Makeup,22.0,4.25,6218,32,0,0,0.0
P4010,AHA/BHA Exfoliating Cleanser,Murad,Skincare,46.0,4.4981,54926,21,3,1,0.14285714285714285
P4015,Clarifying Toner,Murad,Skincare,30.0,4.318,21951,25,0,0,0.0
P401570,Mega-Mushroom Skin Relief Micellar Cleanser,Origins,Skincare,37.0,4.5,11239,39,0,0,0.0
P4016,Acne Control Clarifying Cleanser,Murad,Skincare,36.0,4.2348,56973,39,3,1,0.07692307692307693
P401602,Highlighting Powder,Bobbi Brown,Makeup,52.0,4.5736,93921,28,0,0,0.0
P401715,Retractable Rouge Gel Lip Liner,SEPHORA COLLECTION,Makeup,13.0,4.3028,236197,19,0,0,0.0
P401768,Legend Travel Spray,Montblanc,Fragrance,35.0,4.625,3551,13,0,0,0.0
P401771,24/7 Waterline Eye Pencil,Urban Decay,Makeup,25.0,3.3484,30089,20,0,0,0.0
P402014,Blue Moon Clean-Rinse Cleansing Balm,Sunday Riley,Skincare,50.0,4.2717,15699,29,0,0,0.0
P402071,Blossom & Bloom Ginseng + Biotin Hair Volumizing Shampoo,Briogeo,Hair,28.0,3.7443,30454,25,0,0,0.0
P402072,Farewell Frizz Smoothing Shampoo,Briogeo,Hair,28.0,3.9591,15025,29,0,0,0.0
P402073,Farewell Frizz Smoothing Conditioner,Briogeo,Hair,28.0,4.0854,17187,33,0,0,0.0
P402074,Curl Charisma Rice Amino + Avocado Hydrating Shampoo,Briogeo,Hair,28.0,4.0366,17689,35,0,0,0.0
P402666,Magnolia Eau de Parfum,Commodity,Fragrance,135.0,5.0,3195,16,0,0,0.0
P402718,Power Couple Advanced Retinol and Lactic Acid Duo,Sunday Riley,Skincare,72.0,4.3017,127982,46,0,0,0.0
P402943,Silk Pillowcase - King,Slip,Skincare,110.0,3.8256,25496,1,0,0,0.0
P402944,Silk Pillowcase - Standard/Queen,Slip,Skincare,89.0,4.0094,136640,1,0,0,0.0
P402992,Trinity + Eye and Lip Enhancer Attachment Bundle,NuFACE,Skincare,429.0,3.4381,4122,8,0,0,0.0
P402993,Trinity Facial Toning Device + Wrinkle Reducer Attachment Bundle,NuFACE,Skincare,429.0,3.6667,2112,8,0,0,0.0
P4032,Hydrating Toner,Murad,Skincare,42.0,4.2934,15366,31,0,0,0.0
P403315,Gold Camellia Beauty Oil,Tatcha,Skincare,98.0,4.4751,47809,21,0,0,0.0
P403322,Sephora Colorful Lip Gloss Balm,SEPHORA COLLECTION,Makeup,10.0,4.1907,169868,21,0,0,0.0
P403701,Mini HYPNÔSE DRAMA Mascara,Lancôme,Makeup,16.0,3.8627,4245,19,0,0,0.0
P403748,Black Tea Corset Firming Serum,fresh,Skincare,75.0,3.901,15355,43,0,0,0.0
P403812,Tartelette In Bloom Clay Eyeshadow Palette,tarte,Makeup,45.0,4.6624,359779,245,0,0,0.0
P403817,Pep-Start Eye Cream,CLINIQUE,Skincare,32.0,3.6769,47677,44,0,0,0.0
P403818,Lippe Balm,Drunk Elephant,Skincare,18.0,3.7386,84276,31,0,0,0.0
P4039,Perfecting Day Cream Broad Spectrum SPF 30 PA+++,Murad,Skincare,65.0,4.1724,7792,52,0,0,0.0
P403913,Essence Absolue Nourishing Protective Hair Oil,shu uemura,Hair,69.0,4.7291,18131,8,0,0,0.0
P403914,Essence Absolue Nourishing Oil-In-Cream Camellia Hair Oil,shu uemura,Hair,48.0,4.2632,2806,19,0,0,0.0
P403924,Silk Bloom Conditioner for Damaged Hair,shu uemura,Hair,62.0,4.1538,1731,32,0,0,0.0
P403926,Color Lustre Conditioner for Color-Treated Hair,shu uemura,Hair,62.0,4.3257,2206,28,0,0,0.0
P403928,Color Lustre Treatment Hair Mask for Color-Treated Hair,shu uemura,Hair,72.0,4.5507,2790,34,0,0,0.0
P403930,Silk Bloom Treatment Hair Mask for Damaged Hair,shu uemura,Hair,72.0,4.3333,4421,24,0,0,0.0
P403934,Silk Bloom Shampoo for Damaged Hair,shu uemura,Hair,52.0,4.2778,2429,27,3,1,0.1111111111111111
P403936,Color Lustre Sulfate-Free Shampoo for Color-Treated Hair,shu uemura,Hair,52.0,4.4542,4372,46,3,1,0.06521739130434782
P403974,Eye Opening Mascara,Bobbi Brown,Makeup,34.0,3.2847,6861,42,0,0,0.0
P404168,POWER Advanced Wrinkle Fighter Moisturizer,Algenist,Skincare,85.0,4.1818,5169,35,0,0,0.0
P404169,POWER Advanced Wrinkle Fighter 360° Eye Serum,Algenist,Skincare,70.0,4.023,9082,38,0,0,0.0
P404232,DermalQuench +Retinol Advanced Resurfacing Treatment,Kate Somerville,Skincare,110.0,4.0541,8412,44,0,0,0.0
P404241,Extra Lip Tint,Bobbi Brown,Makeup,35.0,4.3542,51136,49,0,0,0.0
P404322,ExfoliKate Cleanser Daily Foaming Wash,Kate Somerville,Skincare,44.0,4.4494,62349,35,0,0,0.0
P404338,Whipped Argan Oil Face Butter,Josie Maran,Skincare,45.0,4.1421,40417,35,0,0,0.0
P404354,Reserve - Warm Cotton,CLEAN RESERVE,Fragrance,110.0,3.4521,8782,15,0,0,0.0
P404356,Reserve - Skin,CLEAN RESERVE,Fragrance,110.0,4.275,33131,13,0,0,0.0
P404358,Reserve - Rain,CLEAN RESERVE,Fragrance,110.0,4.2595,13370,11,0,0,0.0
P404465,GLO Lit Teeth Whitening Vials 3 Pack,GLO Science,Skincare,24.0,4.1409,35507,10,0,0,0.0
P404706,Ambient Strobe Lighting Powder,Hourglass,Makeup,45.0,4.0659,58982,30,0,0,0.0
P404752,Emelia,TOCCA,Fragrance,76.0,4.4889,3413,11,0,0,0.0
P404758,’REPLICA’ By the Fireplace,Maison Margiela,Fragrance,160.0,4.3562,120369,19,0,0,0.0
P404776,Pro Sculpting Face Palette,MAKE UP FOR EVER,Makeup,45.0,4.497,26462,36,0,0,0.0
P404793,Sunshine Vitamin C + Squalane Face Oil,MILK MAKEUP,Skincare,39.0,4.3713,22337,19,0,0,0.0
P404794,Hydrating Oil Stick,MILK MAKEUP,Skincare,32.0,3.8478,40465,12,0,0,0.0
P404795,Cooling Water,MILK MAKEUP,Skincare,28.0,3.6775,107607,19,0,0,0.0
P404797,Matte Cream Bronzer Stick,MILK MAKEUP,Makeup,24.0,3.9843,221334,21,0,0,0.0
P404798,Cream Highlighter Stick,MILK MAKEUP,Makeup,24.0,3.8355,69527,21,0,0,0.0
P404830,Lip Gloss,Anastasia Beverly Hills,Makeup,16.0,4.4551,228646,23,0,0,0.0
P404831,Liquid Lipstick,Anastasia Beverly Hills,Makeup,20.0,3.8268,583724,25,0,0,0.0
P404832,Eye Shadow Singles,Anastasia Beverly Hills,Makeup,12.0,4.4696,605038,26,0,0,0.0
P404913,Un.Done Volume and Matte Texture Spray,amika,Hair,29.0,4.2243,36186,21,0,0,0.0
P404916,Soulfood Nourishing Hair Mask,amika,Hair,32.0,4.4028,152304,19,0,0,0.0
P405032,Micro Essence Infusion Mask,Estée Lauder,Skincare,75.0,4.25,6293,33,0,0,0.0
P405071,Météorites Primer Perfecting Pearls,GUERLAIN,Makeup,80.0,4.1864,20783,29,0,0,0.0
P405096,SEA Deep Dive Cleansing Gel,tarte,Skincare,12.0,4.312,48796,30,0,0,0.0
P405231,Rouge Interdit Vinyl Color Enhancing Lipstick,Givenchy,Makeup,34.0,4.3695,61315,27,0,0,0.0
P405269,Mediterranean Honeysuckle,AERIN,Fragrance,145.0,4.2158,15618,12,0,0,0.0
P405273,Mediterranean Honeysuckle Eau de Parfum Travel Spray,AERIN,Fragrance,35.0,4.2,15404,12,0,0,0.0
P405279,Another Oud,Juliette Has a Gun,Fragrance,150.0,4.4737,5159,8,0,0,0.0
P405285,Smart Broad Spectrum SPF 15 Custom-Repair Moisturizer for Very Dry to Dry Skin,CLINIQUE,Skincare,64.0,4.5,1428,50,0,0,0.0
P405286,Smart Broad Spectrum SPF 15 Custom-Repair Moisturizer for Dry Combination Skin,CLINIQUE,Skincare,64.0,4.3143,3174,51,0,0,0.0
P405290,Intense Matte Lip + Cheek Pencil,NUDESTIX,Makeup,27.0,4.3484,39658,12,0,0,0.0
P405297,CAVIAR Anti-Aging Multiplying Volume Styling Mist,ALTERNA Haircare,Hair,30.0,4.2685,18120,32,0,0,0.0
P405298,CAVIAR Anti-Aging Multiplying Volume Shampoo,ALTERNA Haircare,Hair,35.0,3.9127,6672,51,0,0,0.0
P405299,CAVIAR Anti-Aging Multiplying Volume Conditioner,ALTERNA Haircare,Hair,36.0,4.1471,4864,42,0,0,0.0
P405300,CAVIAR Anti-Aging Multiplying Volume Styling Mousse,ALTERNA Haircare,Hair,32.0,4.2381,3929,36,0,0,0.0
P405416,Legend Spirit Eau de Toilette,Montblanc,Fragrance,80.0,4.8125,2831,17,0,0,0.0
P405501,Spicebomb Extreme,Viktor&Rolf,Fragrance,134.0,4.3873,8681,19,0,0,0.0
P405584,Baby Pekee Bar + Juju Bar Travel Duo,Drunk Elephant,Skincare,16.0,4.34,55728,26,0,0,0.0
P405589,Multi-Active Anti-Aging Day Cream-Gel Moisturizer for Glowing Skin,Clarins,Skincare,59.0,3.7727,2459,39,0,0,0.0
P405599,SEA drink of H2O hydrating boost moisturizer,tarte,Skincare,39.0,4.2373,70039,35,0,0,0.0
P405601,SEA Quench Lip Rescue Balm,tarte,Makeup,19.0,4.2672,174115,34,0,0,0.0
P405825,Repairwear Laser Focus Line Smoothing Cream Broad Spectrum SPF 15 for Very Dry to Dry Combination Skin,CLINIQUE,Skincare,61.0,4.125,1535,77,0,0,0.0
P405944,Ultra Sun Protection Lotion Broad Spectrum SPF 50+ WetForce for Sensitive Skin & Children,Shiseido,Skincare,42.0,3.1858,12724,32,0,0,0.0
P406080,Brazilian Bum Bum Body Cream,Sol de Janeiro,Bath & Body,48.0,4.298,470934,41,0,0,0.0
P406081,Samba 2-Step Foot Fetish Care,Sol de Janeiro,Bath & Body,27.0,4.2733,45216,17,0,0,0.0
P406104,24K Gold Pure Luxury Lift & Firm Hydra-Gel Eye Patches,Peter Thomas Roth,Skincare,75.0,3.7594,49824,29,0,0,0.0
P406281,Correct & Perfect All-In-One Color Correcting Palette,stila,Makeup,45.0,4.16,53317,39,0,0,0.0
P40629,Double-Duty Face Moisturizer Broad Spectrum SPF 20,Jack Black,Men,30.0,4.4462,19364,33,0,0,0.0
P406330,The One For Men Eau De Parfum,Dolce&Gabbana,Fragrance,143.0,4.5,9292,18,0,0,0.0
P406503,NAILPURE- Base Coat,NAILS INC.,Makeup,15.0,3.8,3823,43,0,0,0.0
P406526,Soleil Blanc,TOM FORD,Fragrance,295.0,4.1481,43952,19,0,0,0.0
P406527,Soleil Blanc Shimmering Body Oil,TOM FORD,Fragrance,100.0,4.3983,50317,28,0,0,0.0
P406529,Advanced Night Micro Cleansing Balm,Estée Lauder,Skincare,48.0,4.6393,5931,17,0,0,0.0
P406576,Sun Dipped Glow Kit,Anastasia Beverly Hills,Makeup,40.0,4.7197,228037,53,0,0,0.0
P406577,Lip Primer,Anastasia Beverly Hills,Makeup,16.0,4.1481,32804,13,0,0,0.0
P406640,J'adore Eau Lumière Eau de Toilette,Dior,Fragrance,55.0,4.5263,10463,30,0,0,0.0
P406656,Repairwear Laser Focus Line Smoothing Cream Broad Spectrum SPF 15 for Combination Oily to Oily Skin,CLINIQUE,Skincare,53.0,3.6667,690,63,0,0,0.0
P406665,Wave Spray,OUAI,Hair,28.0,3.5819,78128,67,0,0,0.0
P406666,Texturizing Hair Spray,OUAI,Hair,28.0,3.9788,37942,29,0,0,0.0
P406712,B-Hydra Intensive Hydration Serum with Hyaluronic Acid,Drunk Elephant,Skincare,49.0,4.1863,216418,28,0,0,0.0
P406775,Citrine Eau de Parfum,NEST New York,Fragrance,86.0,4.4343,11845,16,0,0,0.0
P406776,Citrine Eau de Parfum Travel Spray,NEST New York,Fragrance,30.0,4.28,8435,16,0,0,0.0
P406901,HydratingHair TreatmentMask,Verb,Hair,20.0,4.4249,25764,31,0,0,0.0
P406922,Hair Oil,OUAI,Hair,30.0,4.3853,105885,50,0,0,0.0
P406924,Take The Day Off Micellar Cleansing Towelettes for Face & Eyes Makeup Remover,CLINIQUE,Makeup,18.5,3.6875,23292,13,0,0,0.0
P406941,Multi-Active Anti-Aging Day Moisturizer with SPF 20 for Glowing Skin,Clarins,Skincare,59.0,3.7467,5083,39,0,0,0.0
P406942,Multi-Active Anti-Aging Night Moisturizer for Glowing Skin,Clarins,Skincare,62.0,4.2537,8646,41,0,0,0.0
P407040,Acne Solutions Acne + Line Correcting Serum,CLINIQUE,Skincare,52.0,4.1304,9778,40,0,0,0.0
P407072,Surf Foam Spray Blow Dry,Bumble and bumble,Hair,31.0,3.9744,17179,36,0,0,0.0
P407080,Love is Louder Lip + Cheek Pencil,NUDESTIX,Makeup,27.0,4.377,0,12,0,0,0.0
P407107,Flash Focus Hydrating Foundation Stick,Wander Beauty,Makeup,40.0,4.1441,8755,38,0,0,0.0
P407201,Self Tan Classic Bronzing Lotion,St. Tropez,Bath & Body,44.0,3.6296,2017,34,0,0,0.0
P407381,Sun-Kissed Face Gelee Complexion Multitasker Bronzer,CLINIQUE,Skincare,34.0,4.2857,13842,14,0,0,0.0
P407387,Beauty zzZz Sleep Support Supplement with Melatonin,HUM Nutrition,Skincare,10.0,4.1542,14123,10,0,0,0.0
P407417,Masvelt Body Shaping Cream,Clarins,Bath & Body,75.0,4.4074,10263,38,0,0,0.0
P407444,Bamboo Charcoal Detoxifying Soap Bar,Herbivore,Skincare,14.0,4.3012,28997,12,0,0,0.0
P407445,Vibrancy Argan Oil Foundation Fluid,Josie Maran,Makeup,45.0,3.81,56306,36,0,0,0.0
P407448,Self Tan Express Bronzing Mousse,St. Tropez,Skincare,46.0,4.1109,27207,23,0,0,0.0
P407450,Self Tan Classic Bronzing Mousse,St. Tropez,Skincare,34.0,4.2602,28627,30,0,0,0.0
P407452,Self Tan Dark Bronzing Mousse,St. Tropez,Bath & Body,45.0,3.9025,8302,30,0,0,0.0
P407471,GrandeLIPS Hydrating Lip Plumper Gloss,Grande Cosmetics,Makeup,27.0,3.7782,64769,28,0,0,0.0
P407483,Stay-Matte Universal Blotting Powder,CLINIQUE,Makeup,37.0,4.0286,5413,11,0,0,0.0
P407493,Omega 9 Hair Mask,Rahua,Hair,58.0,3.1975,3290,15,0,0,0.0
P407506,Eau de néroli doré Eau de Cologne,HERMÈS,Fragrance,141.0,4.3,1002,17,0,0,0.0
P407507,Eau de Rhubarbe Écarlate Eau de Cologne,HERMÈS,Fragrance,141.0,4.5135,4245,15,0,0,0.0
P407610,Finishing Crème,OUAI,Hair,26.0,4.1077,24404,58,0,0,0.0
P407636,Melted Matte Liquid Lipstick,Too Faced,Makeup,26.0,4.1661,329418,31,0,0,0.0
P407637,Lash Paint Mascara,tarte,Makeup,25.0,4.0474,31221,21,0,0,0.0
P407640,Illuminator,ILIA,Makeup,36.0,3.9444,24154,18,0,0,0.0
P407907,Sweet Peach Eyeshadow Palette,Too Faced,Makeup,49.0,4.4938,211853,372,0,0,0.0
P407908,Better Than Sex Volumizing & Lengthening Waterproof Mascara,Too Faced,Makeup,28.0,2.9841,107171,23,0,0,0.0
P408037,Mr. Burberry Eau de Toilette,BURBERRY,Fragrance,117.0,4.8421,3203,20,0,0,0.0
P408218,Goof Proof Waterproof Easy Shape & Fill Eyebrow Pencil,Benefit Cosmetics,Makeup,25.0,4.3355,137430,20,0,0,0.0
P408219,"Precisely, My Brow Pencil Waterproof Eyebrow Definer",Benefit Cosmetics,Makeup,25.0,4.5425,278187,25,0,0,0.0
P408227,’REPLICA’ Jazz Club Travel Spray,Maison Margiela,Fragrance,35.0,4.5857,38153,19,0,0,0.0
P408230,V-Facial Instant Depuffing Face Mask,Clarins,Skincare,67.0,4.7547,26393,34,0,0,0.0
P408241,Plantscription Youth-Renewing Power Night Cream,Origins,Skincare,73.0,4.5897,9952,72,0,0,0.0
P408252,Polo Blue Eau de Parfum,Ralph Lauren,Fragrance,74.0,4.4118,3251,14,0,0,0.0
P408271,Turn Back Time Turmeric Supplement for UV Damage,HUM Nutrition,Skincare,40.0,4.0435,6956,9,0,0,0.0
P408273,Advanced Night Micro Cleansing Foam,Estée Lauder,Skincare,33.0,3.9231,2742,38,0,0,0.0
P408285,Lippie Lingerie Matte Lip Tint,tarte,Makeup,24.0,3.7698,39569,24,0,0,0.0
P408286,Gel Color Lip + Cheek Balm,NUDESTIX,Makeup,27.0,4.4444,23368,29,0,0,0.0
P408301,Purifying Pore & Blackhead Detox Mask,Tata Harper,Skincare,75.0,3.845,18342,46,0,0,0.0
P408312,BROWVO! Conditioning Eyebrow Primer,Benefit Cosmetics,Makeup,28.0,4.1545,23950,21,0,0,0.0
P408407,Sauvage Deodorant Stick,Dior,Bath & Body,35.0,4.5862,14481,16,0,0,0.0
P408411,Curl Charisma Rice Amino + Quinoa Frizz Control Gel,Briogeo,Hair,24.0,3.9944,21472,22,0,0,0.0
P408432,Double Take Eyeliner,tarte,Makeup,26.0,4.2154,72299,29,0,0,0.0
P408542,One Essential Eye Serum,Dior,Skincare,72.0,4.3333,5908,47,0,0,0.0
P408602,Lashcraft Lengthening & Volumizing Mascara,SEPHORA COLLECTION,Makeup,12.0,3.6565,26634,21,0,0,0.0
P408606,Matte Perfection Powder Foundation,SEPHORA COLLECTION,Makeup,20.0,4.1824,94732,12,0,0,0.0
P408678,Midnight Secret Late Night Recovery Treatment Anti-Fatigue Serum,GUERLAIN,Skincare,32.0,4.102,26130,44,0,0,0.0
P408972,UnCoverup Natural Finish Concealer,rms beauty,Makeup,38.0,4.0897,72858,11,0,0,0.0
P408973,Living Luminizer Highlighter,rms beauty,Makeup,40.0,4.2897,71565,7,0,0,0.0
P408988,Lady Vengeance Travel Spray,Juliette Has a Gun,Fragrance,30.0,4.4359,6917,14,0,0,0.0
P408989,Not A Perfume Travel Spray,Juliette Has a Gun,Fragrance,30.0,3.9766,67306,3,0,0,0.0
P409118,Modern Renaissance Eye Shadow Palette,Anastasia Beverly Hills,Makeup,45.0,4.7931,460449,293,0,0,0.0
P409227,Multi-Active Anti-Aging Day Moisturizer for Glowing Skin,Clarins,Skincare,58.0,4.8571,1652,54,0,0,0.0
P409239,Gimme Brow+ Tinted Volumizing Eyebrow Gel,Benefit Cosmetics,Makeup,26.0,4.3919,292562,29,0,0,0.0
P409242,24-HR Brow Setter Clear Brow Gel with Lamination Effect,Benefit Cosmetics,Makeup,26.0,4.3455,95926,11,0,0,0.0
P409317,Always On Longwear Matte Liquid Lipstick,Smashbox,Makeup,27.0,4.2422,325180,38,0,0,0.0
P409403,Mini Grandioso Extra Volumizing Hair Set,Rossano Ferretti Parma,Hair,59.0,3.1,976,1,0,0,0.0
P409404,Mini Intenso Smoothing Hair Set for Thick Hair,Rossano Ferretti Parma,Hair,59.0,3.8333,952,1,0,0,0.0
P409406,Grandioso 02 Volumising Conditioner,Rossano Ferretti Parma,Hair,17.0,4.1429,342,27,0,0,0.0
P409407,Grandioso Volumizing Spray,Rossano Ferretti Parma,Hair,48.0,4.5556,2857,23,0,0,0.0
P409412,Intenso Smoothing Mask for Thick Hair,Rossano Ferretti Parma,Hair,64.0,4.0909,1277,26,0,0,0.0
P409413,Prodigio Regenerating Hair Treatment Oil,Rossano Ferretti Parma,Hair,64.0,4.5455,1282,25,0,0,0.0
P409416,Dolce 16 Protective and Detangling Spray,Rossano Ferretti Parma,Hair,46.0,4.5,1333,20,0,0,0.0
P409417,Favoloso Hair Movement Spray,Rossano Ferretti Parma,Hair,50.0,4.0,493,24,0,0,0.0
P409418,Velluto Anti-Frizz Straightening Serum,Rossano Ferretti Parma,Hair,50.0,3.8889,1124,17,0,0,0.0
P409419,Brillante Protect & Shine Hair Oil,Rossano Ferretti Parma,Hair,56.0,4.6111,1451,16,0,0,0.0
P4095,ck one Eau de Toilette,Calvin Klein,Fragrance,68.0,4.6683,10278,15,0,0,0.0
P409523,Vice Hydrating Lipstick,Urban Decay,Makeup,21.0,4.5825,593515,33,0,0,0.0
P409602,Self Tan Classic Bronzing Mist,St. Tropez,Bath & Body,44.0,3.8095,2647,30,0,0,0.0
P409630,SEA Pack Your Bags Undereye Patches,tarte,Skincare,22.0,4.1779,56808,21,0,0,0.0
P409631,SEA FRXXXTION Stick Exfoliating Cleanser,tarte,Skincare,22.0,4.5315,38635,17,0,0,0.0
P409703,Plus Size Volume & Body Mousse,amika,Hair,30.0,4.2588,20091,21,0,0,0.0
P409800,Cleansing & Exfoliating Wipes,SEPHORA COLLECTION,Skincare,3.0,4.3383,266116,17,0,0,0.0
P409816,Plantscription SPF 25 Power Anti-Aging Oil-Free Cream,Origins,Skincare,73.0,4.4,6634,77,0,0,0.0
P409834,Plantscription SPF 25 Power Anti-Aging Cream,Origins,Skincare,73.0,4.254,10649,80,0,0,0.0
P4099,ETERNITY,Calvin Klein,Fragrance,114.0,4.0103,4921,19,0,0,0.0
P409920,Clarifying Lotion 1.0 Twice A Day Exfoliator,CLINIQUE,Skincare,32.0,3.6429,3470,18,3,1,0.16666666666666666
P409928,Clean Break Oil-Free Moisturizer,Jack Black,Men,30.0,4.4301,6821,22,0,0,0.0
P409988,Lock-It Setting Powder,KVD Beauty,Makeup,35.0,4.2027,86770,18,0,0,0.0
P410101,Broad Spectrum SPF 50 Mineral Sunscreen Fluid for Face,CLINIQUE,Skincare,31.0,3.4405,8842,29,0,0,0.0
P410176,Sunshine Skin Tint Clean SPF 30 Foundation,MILK MAKEUP,Makeup,42.0,4.1277,102036,45,0,0,0.0
P410181,Mon Paris Eau de Parfum,Yves Saint Laurent,Fragrance,117.0,4.5842,88756,22,0,0,0.0
P410207,Volume Shampoo,Verb,Hair,20.0,4.0936,10993,54,0,0,0.0
P410208,Volume Conditioner,Verb,Hair,20.0,4.1889,6447,56,0,0,0.0
P410239,My Burberry Black,BURBERRY,Fragrance,99.0,4.3146,16944,22,0,0,0.0
P4103,ETERNITY FOR MEN,Calvin Klein,Fragrance,104.0,4.5126,2881,20,0,0,0.0
P410305,Bamboo Eau de Toilette,Gucci,Fragrance,91.0,3.8667,4565,22,0,0,0.0
P410400,U.F.O. Salicylic Acid BHA Acne Treatment Face Oil,Sunday Riley,Skincare,80.0,4.135,123202,35,3,1,0.08571428571428572
P410469,Miss Dior Absolutely Blooming,Dior,Fragrance,160.0,4.5481,31062,25,0,0,0.0
P410477,RICH KID Coconut Oil Air-Dry Styling Cream,IGK,Hair,29.0,4.1784,22883,40,0,0,0.0
P410480,MISTRESS Hydrating Leave-In Conditioner Hair Balm,IGK,Hair,29.0,4.2738,33070,19,0,0,0.0
P410484,Hot Girls Hydrating Shampoo,IGK,Hair,27.0,3.7611,6779,63,0,0,0.0
P410485,Hot Girls Hydrating Conditioner,IGK,Hair,27.0,4.2713,7293,56,0,0,0.0
P410491,Beach Club Volume Texture Spray,IGK,Hair,34.0,4.3101,28855,22,0,0,0.0
P410502,Darkside Waterproof Liner,Anastasia Beverly Hills,Makeup,18.0,3.3276,7530,15,0,0,0.0
P410504,Stick Foundation,Anastasia Beverly Hills,Makeup,25.0,3.4315,95974,25,0,0,0.0
P410532,Vanish Seamless Finish Foundation Stick,Hourglass,Makeup,49.0,4.0118,292871,34,0,0,0.0
P410543,BAREPRO 16-HR Skin-Perfecting Powder Foundation,bareMinerals,Makeup,38.0,4.0679,89419,39,0,0,0.0
P410548,All Nighter Liquid Foundation,Urban Decay,Makeup,40.0,3.4258,93025,20,0,0,0.0
P410638,Mon Paris Eau de Parfum Travel Spray,Yves Saint Laurent,Fragrance,34.0,4.4918,13077,22,0,0,0.0
P410657,Extra-Firming & Smoothing Face Mask,Clarins,Skincare,79.0,4.25,4267,27,0,0,0.0
P410733,Hairdresser’s Invisible Oil Dry Oil Finishing Spray,Bumble and bumble,Hair,34.0,3.9416,16683,35,0,0,0.0
P410743,Vinyl Cream Lip Stain,Yves Saint Laurent,Makeup,45.0,4.3574,132973,30,0,0,0.0
P410755,GenOptics Spot Essence Serum,SK-II,Skincare,225.0,4.1346,4899,37,0,0,0.0
P410756,GenOptics Aura Essence Serum,SK-II,Skincare,245.0,4.0758,16102,41,0,0,0.0
P410767,Mister Brow Groom Universal Brow Setter,Givenchy,Makeup,31.0,4.4634,5782,7,0,0,0.0
P410809,ELEVATE Firming & Lifting Contouring Eye Cream,Algenist,Skincare,72.0,3.2581,1957,54,0,0,0.0
P410833,CAVIAR Anti-Aging Replenishing Moisture Leave-In Smoothing Gelee,ALTERNA Haircare,Hair,30.0,4.1863,5673,31,0,0,0.0
P410846,Tangier Vanille,AERIN,Fragrance,145.0,3.6923,3842,14,0,0,0.0
P410883,Acne Clearing Wash,Peter Thomas Roth,Skincare,39.0,4.2263,10371,30,0,0,0.0
P411028,Full Root Lift,Living Proof,Hair,30.0,3.8431,7701,16,0,0,0.0
P411254,MAGNETIGHT Age-Defier Mask,Dr. Brandt Skincare,Skincare,75.0,3.9216,19870,22,0,0,0.0
P411325,Dylan Blue,Versace,Fragrance,96.0,4.7115,18663,14,0,0,0.0
P411359,Farewell Frizz Blow Dry Perfection Heat Protectant Cream,Briogeo,Hair,26.0,4.2283,57410,30,0,0,0.0
P411360,Hyaluronic Marine Hydrating Modeling Mask,Dr. Dennis Gross Skincare,Skincare,52.0,4.0921,9464,27,0,0,0.0
P411365,Retinol Youth Renewal Serum,Murad,Skincare,92.0,4.5878,38145,53,0,0,0.0
P411387,Superfood Antioxidant Cleanser,Youth To The People,Skincare,39.0,4.2112,404142,35,0,0,0.0
P411388,Superfood Air-Whip Lightweight Moisturizer with Hyaluronic Acid,Youth To The People,Skincare,48.0,4.0491,133769,37,0,0,0.0
P411392,Bye Bye Pores Airbrush Loose Setting Powder,IT Cosmetics,Makeup,30.0,3.6687,35180,38,0,0,0.0
P411393,Bye Bye Redness Neutralizing Color-Correcting Cream,IT Cosmetics,Skincare,35.0,4.1768,64038,66,0,0,0.0
P411396,Superhero Elastic Stretch Volumizing and Lengthening Mascara,IT Cosmetics,Makeup,26.0,3.7452,43644,31,0,0,0.0
P411401,Bye Bye Under Eye Brightening Eye Cream for Dark Circles,IT Cosmetics,Skincare,49.5,4.0049,64892,52,0,0,0.0
P411403,Confidence in a Cream Anti-Aging Hydrating Moisturizer,IT Cosmetics,Skincare,20.0,4.62,62988,39,0,0,0.0
P411508,Holographic Stick,MILK MAKEUP,Makeup,24.0,3.9036,96845,26,0,0,0.0
P411529,Wanderlust Powder Foundation,Wander Beauty,Makeup,40.0,4.0729,16614,30,0,0,0.0
P411531,Clinique Pop Liquid Matte Lip Colour + Primer Lipstick,CLINIQUE,Makeup,19.5,3.6774,12064,35,0,0,0.0
P411539,Cicapair Tiger Grass Cream,Dr. Jart+,Skincare,49.0,4.3233,73855,65,0,0,0.0
P411540,Cicapair Tiger Grass Color Correcting Treatment SPF 30,Dr. Jart+,Skincare,52.0,3.9904,210786,71,0,0,0.0
P411552,Superbalanced Silk Makeup Broad Spectrum SPF 15 Foundation,CLINIQUE,Makeup,33.0,3.8944,12952,37,0,0,0.0
P411585,Prep Rally Prime & Prep Detangler,Drybar,Hair,26.0,4.0196,36886,32,0,0,0.0
P411714,Conditioning Beard Oil,TOM FORD,Men,57.0,4.5357,4043,16,0,0,0.0
P411725,Brow Gel Comb,TOM FORD,Makeup,54.0,3.5,2044,13,0,0,0.0
P411727,Matte Pomade,OUAI,Hair,26.0,3.8643,29620,15,0,0,0.0
P411826,Eyeshadow Palette 5,Natasha Denona,Makeup,48.0,4.0902,82399,65,0,0,0.0
P411848,Multi-Stick Cream Blush + Highlighter + Lip Tint,ILIA,Makeup,36.0,4.1992,190924,18,0,0,0.0
P411862,Brazilian 4 Play Moisturizing Shower Cream-Gel,Sol de Janeiro,Bath & Body,26.0,4.2868,135345,29,0,0,0.0
P411881,Retinol Firming Eye Cream,Kate Somerville,Skincare,98.0,3.4462,17127,43,0,0,0.0
P411884,CC+ Cream Illumination with SPF 50+,IT Cosmetics,Makeup,44.0,3.7949,77383,62,0,0,0.0
P411886,Bye Bye Pores Translucent Pressed Setting Powder,IT Cosmetics,Makeup,30.0,4.0342,52581,46,0,0,0.0
P411889,CC+ Airbrush Perfecting Powder Foundation,IT Cosmetics,Makeup,39.0,3.5314,54258,27,0,0,0.0
P412025,Cucumber De-Tox Hydra-Gel Eye Patches,Peter Thomas Roth,Skincare,55.0,3.9668,52503,33,0,0,0.0
P412038,N°5 L’EAU,CHANEL,Fragrance,122.0,3.9457,32214,18,0,0,0.0
P412046,RROSE Eau de Parfum,Ellis Brooklyn,Fragrance,108.0,4.3818,7032,16,0,0,0.0
P412047,MYTH Eau de Parfum,Ellis Brooklyn,Fragrance,108.0,4.3235,18032,18,0,0,0.0
P412084,Moisture Repair Conditioner,Moroccanoil,Hair,26.0,4.3845,30845,51,0,0,0.0
P412085,Moisture Repair Shampoo,Moroccanoil,Hair,26.0,4.2736,38629,51,0,0,0.0
P412086,Hydrating Conditioner,Moroccanoil,Hair,26.0,4.5304,43064,34,0,0,0.0
P412087,Hydrating Shampoo,Moroccanoil,Hair,26.0,4.3145,46604,41,0,0,0.0
P412088,Extra Volume Conditioner,Moroccanoil,Hair,26.0,4.087,9873,36,0,0,0.0
P412089,Extra Volume Shampoo,Moroccanoil,Hair,26.0,3.3564,12161,32,0,0,0.0
P412090,Moroccanoil Treatment Hair Oil,Moroccanoil,Hair,48.0,4.6131,206601,7,0,0,0.0
P412091,Moroccanoil Treatment Light Hair Oil,Moroccanoil,Hair,34.0,4.7153,43376,7,0,0,0.0
P412092,Luminous Hairspray Strong Finish,Moroccanoil,Hair,26.0,3.975,24514,9,0,0,0.0
P412093,Dry Texture Spray,Moroccanoil,Hair,30.0,4.2746,28464,15,0,0,0.0
P412095,Curl Defining Cream,Moroccanoil,Hair,36.0,4.0681,52924,38,0,0,0.0
P412096,Hydrating Styling Cream,Moroccanoil,Hair,36.0,4.5601,56128,18,0,0,0.0
P412097,Intense Hydrating Mask,Moroccanoil,Hair,42.0,4.603,71851,36,0,0,0.0
P412098,Dry Shampoo Dark Tones,Moroccanoil,Hair,12.0,4.2877,36787,15,0,0,0.0
P412099,Dry Shampoo Light Tones,Moroccanoil,Hair,12.0,4.6351,27852,15,0,0,0.0
P412107,Glimmer Shine,Moroccanoil,Hair,30.0,3.9636,18430,8,0,0,0.0
P412108,Shimmering Body Oil,Moroccanoil,Bath & Body,48.0,3.7241,11311,12,0,0,0.0
P412114,Pure Argan Oil,Moroccanoil,Bath & Body,52.0,4.2581,10489,1,0,0,0.0
P412115,Dry Body Oil,Moroccanoil,Bath & Body,48.0,4.1271,26874,12,0,0,0.0
P412117,Dry Skin Saver,Kate Somerville,Skincare,56.0,4.3009,12883,31,0,0,0.0
P412407,Clarifying Moisturizer,Tata Harper,Skincare,130.0,3.8519,6554,54,0,0,0.0
P412535,MMMM…,Juliette Has a Gun,Fragrance,140.0,4.2127,13506,11,0,0,0.0
P412536,Eros Pour Femme Eau de Toilette,Versace,Fragrance,110.0,4.661,10547,17,0,0,0.0
P412676,MMMM… Travel Spray,Juliette Has a Gun,Fragrance,30.0,4.4331,11389,11,0,0,0.0
P413039,Bb. Strong Finish Firm Hold Hairspray,Bumble and bumble,Hair,34.0,3.8723,4473,18,0,0,0.0
P413150,Dylan Blue Pour Homme Travel Spray,Versace,Fragrance,32.0,4.6222,8351,14,0,0,0.0
P413182,Tarteist Pro Lash Adhesive,tarte,Makeup,15.0,3.7105,26085,7,0,0,0.0
P413326,Camellia Gold Spun Lip Balm,Tatcha,Skincare,30.0,4.2806,46733,18,0,0,0.0
P413458,Shade + Light Refillable Powder Face Contour Palette,KVD Beauty,Makeup,52.5,4.3784,195102,84,0,0,0.0
P413523,Star Eyeshadow Palette,Natasha Denona,Makeup,25.0,4.0628,39880,65,0,0,0.0
P41391,Cashmere Mist Eau de Parfum,Donna Karan,Fragrance,130.0,4.4824,11540,20,0,0,0.0
P414027,Urban Moisture Deep Hydration Treatment Mask for Dry Hair,shu uemura,Hair,72.0,4.6923,6534,28,0,0,0.0
P414029,Urban Moisture Deep Hydration Shampoo for Dry Hair,shu uemura,Hair,52.0,4.4141,5145,34,3,1,0.08823529411764706
P414030,Urban Moisture Hydro-Nourishing Conditioner,shu uemura,Hair,62.0,4.5714,3922,29,0,0,0.0
P414034,Candleglow Sheer Perfecting Powder,Laura Mercier,Makeup,39.0,4.0993,42979,19,0,0,0.0
P414129,Eros Pour Femme Eau de Toilette Rollerball,Versace,Fragrance,26.0,3.7813,5354,21,0,0,0.0
P414160,Unlashed Volume & Curl Mascara,Wander Beauty,Makeup,12.0,4.2124,15661,35,0,0,0.0
P414293,Honey Savior All-in-One Skin Repair Salve,Farmacy,Skincare,34.0,4.4348,34646,19,0,0,0.0
P414737,Pearly Girl Vegan Teeth Whitening Pen,tarte,Skincare,25.0,4.1788,69366,9,0,0,0.0
P415202,Wrinkle Warrior 2-in-1 Plumping Moisturizer + Serum,Kate Somerville,Skincare,98.0,3.7075,19713,40,0,0,0.0
P415222,Reserve - Sel Santal,CLEAN RESERVE,Fragrance,110.0,3.9845,6478,14,0,0,0.0
P415237,Hello FAB Coconut Skin Smoothie Priming Moisturizer,First Aid Beauty,Skincare,32.0,4.1988,77772,46,0,0,0.0
P415438,Lip Balm & Scrub,SEPHORA COLLECTION,Makeup,7.0,3.6994,241554,22,0,0,0.0
P415619,Dreamskin Skin Perfector,Dior,Skincare,130.0,4.3384,40209,46,0,0,0.0
P415620,Evercalm Ultra Comforting Rescue Mask,REN Clean Skincare,Skincare,52.0,4.5168,31464,40,0,0,0.0
P415643,Voyeur Waterproof Liquid Liner,Hourglass,Makeup,36.0,3.4302,5013,18,0,0,0.0
P415667,EradiKate Daily Cleanser Acne Treatment,Kate Somerville,Skincare,44.0,4.2392,36518,31,0,0,0.0
P415701,Water Drench Hyaluronic Acid Moisturizer,Peter Thomas Roth,Skincare,54.0,4.265,73776,45,0,0,0.0
P415747,Brazilian Kiss Cupuaçu Lip Butter,Sol de Janeiro,Skincare,18.0,4.1304,118586,13,0,0,0.0
P415749,Body Fit Anti-Cellulite Contouring & Firming Expert,Clarins,Bath & Body,77.0,4.0385,18756,33,0,0,0.0
P415754,Bb. Color Stick,Bumble and bumble,Hair,28.0,3.8476,12671,14,0,0,0.0
P415763,Black Tulip Eau de Parfum,NEST New York,Fragrance,86.0,4.5013,20649,15,0,0,0.0
P415765,Black Tulip Eau de Parfum Travel Spray,NEST New York,Fragrance,30.0,4.5013,8620,15,0,0,0.0
P415771,The Essence Skincare Boosting Treatment,Tatcha,Skincare,110.0,4.4442,113656,6,0,0,0.0
P415773,Pep-Start Daily UV Protector Broad Spectrum SPF 50,CLINIQUE,Skincare,23.0,4.2521,19781,29,0,0,0.0
P415777,T.L.C. Sukari Babyfacial AHA + BHA Mask,Drunk Elephant,Skincare,80.0,4.2909,274915,39,3,1,0.07692307692307693
P415922,Hair Sweet Hair - Hair Growth Vegan Gummies with Biotin and Folic Acid,HUM Nutrition,Hair,26.0,3.9264,46886,24,0,0,0.0
P415925,Restore Perfecting Spray,Living Proof,Hair,32.0,4.2955,36266,27,0,0,0.0
P415958,Star Lit Powder,MAKE UP FOR EVER,Makeup,21.0,4.5889,77563,16,0,0,0.0
P415965,Radiance Primer Broad Spectrum SPF 35 Sunscreen,NARS,Makeup,36.0,4.0353,15709,37,0,0,0.0
P415984,Fake Awake Eye Highlighter,tarte,Makeup,22.0,3.9923,45588,15,0,0,0.0
P415988,Quick Fix Hydracharged Complexion Prep Priming Spray,Urban Decay,Makeup,36.0,4.13,22082,24,0,0,0.0
P415990,Sex Kitten Eyeliner,tarte,Makeup,22.0,4.0595,12667,11,0,0,0.0
P416057,Lip Color Lipstick,TOM FORD,Makeup,59.0,4.5791,182091,49,0,0,0.0
P416139,Mini C.E.O. Vitamin C Brightening Rich Hydration Moisturizer,Sunday Riley,Skincare,65.0,4.0133,63669,48,0,0,0.0
P416200,Soft Matte Complete Concealer,NARS,Makeup,32.0,4.4704,412271,34,0,0,0.0
P416205,Mini Prisme Libre Loose Powder,Givenchy,Makeup,40.0,4.125,16329,22,0,0,0.0
P416222,Lip Color Matte Lipstick,TOM FORD,Makeup,59.0,4.5879,62083,49,0,0,0.0
P416312,Gentle Foaming Face Wash,Skin Laundry,Skincare,20.0,4.2526,7009,18,0,0,0.0
P416341,Crème de la Mer Moisturizer,La Mer,Skincare,380.0,4.0566,90776,42,0,0,0.0
P416344,The Cleansing Foam,La Mer,Skincare,95.0,4.0,19070,54,0,0,0.0
P416349,Terre d’Hermès Pure Perfume,HERMÈS,Fragrance,156.0,4.0893,4749,21,0,0,0.0
P416366,Dior Addict Lip Sugar Scrub,Dior,Makeup,40.0,4.2837,31724,46,0,0,0.0
P416403,CAVIAR Anti-Aging Infinite Color Hold Conditioner,ALTERNA Haircare,Hair,36.0,4.0,1892,52,0,0,0.0
P416404,CAVIAR Anti-Aging Infinite Color Hold Shampoo,ALTERNA Haircare,Hair,35.0,4.0833,2617,65,0,0,0.0
P416422,Bed of Roses Nail Polish Set,Deborah Lippmann,Makeup,39.0,4.0,11112,30,0,0,0.0
P416538,The Lifting and Firming Mask,La Mer,Skincare,300.0,4.2857,15023,103,0,0,0.0
P416552,POWER Recharging Night Pressed Serum,Algenist,Skincare,95.0,4.3854,10859,48,0,0,0.0
P416560,Squalane + Antioxidant Makeup Removing Cleansing Oil,Biossance,Skincare,32.0,4.0203,51767,23,0,0,0.0
P416561,Squalane + Probiotic Balancing Gel Moisturizer,Biossance,Skincare,54.0,4.0924,58788,27,0,0,0.0
P416562,Squalane + Peptide Brightening & De-Puffing Eye Gel,Biossance,Skincare,56.0,3.6371,59273,32,0,0,0.0
P416563,Squalane + Vitamin C Rose Firming Oil,Biossance,Skincare,74.0,4.3483,167407,7,0,0,0.0
P416564,100% Sugarcane Squalane Oil,Biossance,Skincare,34.0,4.5336,69489,1,0,0,0.0
P416588,Wrinkle Release Neck & Chest Sheet Mask,Skin Laundry,Skincare,15.0,3.25,2226,32,0,0,0.0
P416589,Wrinkle Release Facial Sheet Mask,Skin Laundry,Skincare,12.0,4.5,2931,32,0,0,0.0
P416598,CAVIAR Anti-Aging Infinite Color Hold Dual-Use Serum,ALTERNA Haircare,Hair,36.0,4.5957,4596,39,0,0,0.0
P416725,The Revitalizing Hydrating Serum,La Mer,Skincare,255.0,4.0,8300,95,0,0,0.0
P416728,Dreamskin Skin Perfector Refill,Dior,Skincare,102.0,4.5714,9535,46,0,0,0.0
P416731,Poison Girl,Dior,Fragrance,80.0,4.1509,29859,22,0,0,0.0
P416755,Hyaluronic Marine Oil-Free Moisture Cushion,Dr. Dennis Gross Skincare,Skincare,65.0,4.0342,13709,45,0,0,0.0
P416774,Magnetic Matte Lip Color,NUDESTIX,Makeup,27.0,3.6989,24916,25,0,0,0.0
P416785,Power Fabric + Longwear High Cover Foundation SPF 25,Armani Beauty,Makeup,69.0,4.3769,93829,29,0,0,0.0
P416815,Find Your Balance Oil Control Cleanser,OLEHENRIKSEN,Skincare,33.0,4.4299,72479,28,0,0,0.0
P416816,Balancing Force Oil Control Toner,OLEHENRIKSEN,Skincare,35.0,4.3017,98160,26,3,1,0.11538461538461539
P416824,Fresh Pressed Daily Booster with Pure Vitamin C 10%,CLINIQUE,Skincare,85.0,3.9299,23281,44,3,1,0.06818181818181818
P416825,FAB Skin Lab Retinol Serum 0.25% Pure Concentrate,First Aid Beauty,Skincare,58.0,3.9811,24816,35,0,0,0.0
P416923,Superfood Hydrate + Firm Peptide Eye Cream,Youth To The People,Skincare,38.0,3.6564,38812,32,0,0,0.0
P416938,Mon Guerlain Eau de Parfum,GUERLAIN,Fragrance,155.0,4.3918,46347,23,0,0,0.0
P416960,BLEU DE CHANEL Eau de Parfum Twist and Spray Refill Set,CHANEL,Fragrance,126.0,4.2857,3244,20,0,0,0.0
P417002,pores no more Luminizer Primer,Dr. Brandt Skincare,Makeup,40.0,3.9663,12701,42,0,0,0.0
P417107,The Moisturizing Soft Lotion,La Mer,Skincare,320.0,4.0704,4580,76,0,0,0.0
P417110,The Lifting Eye Serum,La Mer,Skincare,300.0,3.3333,7599,57,0,0,0.0
P417111,The Eye Balm Intense,La Mer,Skincare,260.0,3.5818,10037,76,0,0,0.0
P417114,The Cleansing Micellar Water,La Mer,Skincare,95.0,4.2,6735,41,0,0,0.0
P417115,The Intensive Revitalizing Mask,La Mer,Skincare,200.0,4.4571,6256,80,0,0,0.0
P417116,The Body Crème,La Mer,Bath & Body,300.0,4.125,5085,88,0,0,0.0
P417118,The Broad Spectrum SPF 50 UV Protecting Fluid,La Mer,Skincare,105.0,4.2537,12975,56,0,0,0.0
P417143,Dualist Matte and Illuminating Concealer,Wander Beauty,Makeup,30.0,4.2169,12328,47,0,0,0.0
P417169,Guilty Absolute Pour Homme,Gucci,Fragrance,87.0,3.6552,1521,20,0,0,0.0
P417170,Soft Focus Finishing Powder,ILIA,Makeup,36.0,4.347,39073,12,0,0,0.0
P417171,Ultra HD Microfinishing Pressed Powder,MAKE UP FOR EVER,Makeup,39.0,3.9823,42291,15,0,0,0.0
P417172,Ultra HD Microfinishing Loose Powder,MAKE UP FOR EVER,Makeup,39.0,3.7262,34374,3,0,0,0.0
P417174,Ultra HD Skin Booster,MAKE UP FOR EVER,Makeup,41.0,4.0452,11657,24,0,0,0.0
P417178,Mimosa & Cardamom Cologne,Jo Malone London,Fragrance,155.0,4.5567,19111,14,0,0,0.0
P417179,Wood Sage & Sea Salt Cologne,Jo Malone London,Fragrance,155.0,4.1743,72458,12,0,0,0.0
P417180,English Pear & Freesia Cologne,Jo Malone London,Fragrance,80.0,4.1865,40231,10,0,0,0.0
P417181,Peony & Blush Suede Cologne,Jo Malone London,Fragrance,155.0,4.4509,54992,17,0,0,0.0
P417182,Nectarine Blossom & Honey Cologne,Jo Malone London,Fragrance,155.0,4.1852,42842,9,0,0,0.0
P417183,Orange Blossom Cologne,Jo Malone London,Fragrance,155.0,4.0588,19638,9,0,0,0.0
P417184,Wild Bluebell Cologne,Jo Malone London,Fragrance,155.0,4.4554,24140,8,0,0,0.0
P417185,Blackberry & Bay Cologne,Jo Malone London,Fragrance,155.0,4.2991,18013,12,0,0,0.0
P417186,Lime Basil & Mandarin Cologne,Jo Malone London,Fragrance,155.0,3.4167,9998,16,0,0,0.0
P417189,Basil & Neroli Cologne,Jo Malone London,Fragrance,155.0,4.4912,8671,14,0,0,0.0
P417192,Myrrh & Tonka Cologne Intense,Jo Malone London,Fragrance,220.0,4.4675,16410,14,0,0,0.0
P417193,Oud & Bergamot Cologne Intense,Jo Malone London,Fragrance,220.0,4.3947,10012,6,0,0,0.0
P417195,Velvet Rose & Oud Cologne Intense,Jo Malone London,Fragrance,220.0,4.5536,13045,13,0,0,0.0
P417197,English Pear & Freesia Body & Hand Lotion,Jo Malone London,Bath & Body,65.0,4.0909,6537,34,0,0,0.0
P417198,Nectarine Blossom & Honey Body & Hand Lotion,Jo Malone London,Bath & Body,65.0,4.0714,4761,33,0,0,0.0
P417199,Orange Blossom Body & Hand Lotion,Jo Malone London,Bath & Body,65.0,3.9167,4162,28,0,0,0.0
P417200,Lime Basil & Mandarin Body & Hand Lotion,Jo Malone London,Bath & Body,65.0,4.1111,3545,32,0,0,0.0
P417201,Blackberry & Bay Body & Hand Lotion,Jo Malone London,Bath & Body,65.0,4.125,2717,31,0,0,0.0
P417210,Mimosa & Cardamom Body Crème,Jo Malone London,Bath & Body,90.0,4.4,2552,28,0,0,0.0
P417211,Wood Sage & Sea Salt Body Crème,Jo Malone London,Bath & Body,90.0,3.6667,4927,27,0,0,0.0
P417212,Peony & Blush Suede Body Crème,Jo Malone London,Bath & Body,90.0,4.4706,5073,29,0,0,0.0
P417213,Nectarine Blossom & Honey Body Crème,Jo Malone London,Bath & Body,90.0,4.5,4100,27,0,0,0.0
P417214,Orange Blossom Body Crème,Jo Malone London,Bath & Body,90.0,4.0909,2550,25,0,0,0.0
P417215,English Pear & Freesia Body Crème,Jo Malone London,Bath & Body,90.0,4.3846,4114,25,0,0,0.0
P417216,Lime Basil & Mandarin Body Crème,Jo Malone London,Bath & Body,90.0,3.5,1046,32,0,0,0.0
P417238,Green Clean Makeup Removing Cleansing Balm,Farmacy,Skincare,36.0,4.4958,403801,33,0,0,0.0
P417241,The Renewal Oil,La Mer,Skincare,270.0,4.4256,14920,70,0,0,0.0
P417242,The Lip Balm,La Mer,Skincare,75.0,3.9323,28090,49,0,0,0.0
P417243,The Tonic,La Mer,Skincare,95.0,4.1333,9567,35,0,0,0.0
P417312,Brazilian Crush Cheirosa ’62 Bum Bum Hair & Body Fragrance Mist,Sol de Janeiro,Fragrance,24.0,4.3049,245440,13,0,0,0.0
P417320,Dandelion Twinkle Highlighter,Benefit Cosmetics,Makeup,35.0,4.1111,40993,34,0,0,0.0
P417323,Fresh Pressed Renewing Powder Cleanser with Pure Vitamin C,CLINIQUE,Skincare,39.0,4.3684,5608,15,3,1,0.2
P417357,Strong Hairspray,Verb,Hair,20.0,4.4381,3813,26,0,0,0.0
P417359,Advanced Night Repair Concentrated Eye Treatment Mask,Estée Lauder,Skincare,42.0,4.2143,13898,41,0,0,0.0
P417604,Hydra Life Deep Hydration Sorbet Water Essence,Dior,Skincare,80.0,4.3438,5499,43,0,0,0.0
P417614,Bb. sumogel,Bumble and bumble,Hair,32.0,4.0,1823,18,0,0,0.0
P417615,Bb. sumoclay,Bumble and bumble,Hair,32.0,4.6111,4738,32,0,0,0.0
P417625,24/7 Retinol Eye Cream,Dr. Brandt Skincare,Skincare,58.0,3.9159,8505,30,0,0,0.0
P417867,The Silk Cream,Tatcha,Skincare,125.0,4.1885,44847,41,0,0,0.0
P417882,Always On Waterproof Gel Eye Liner,Smashbox,Makeup,23.0,3.9912,7591,29,0,0,0.0
P417912,Nudies All Over Face Color Bronze + Glow,NUDESTIX,Makeup,35.0,4.2261,29544,24,0,0,0.0
P417936,Rose & Hyaluronic Acid Deep Hydration Toner,fresh,Skincare,46.0,4.1636,159149,20,0,0,0.0
P417974,Luna Rossa Carbon,Prada,Fragrance,115.0,4.4028,8848,13,0,0,0.0
P417980,City Skin Age Defense Broad Spectrum SPF 50 PA++++,Murad,Skincare,69.0,4.3219,26245,44,0,0,0.0
P417984,Moisture Surge Hydrating Supercharged Concentrate,CLINIQUE,Skincare,44.0,4.0246,19480,36,0,0,0.0
P417985,Outrageous Plumping Lip Gloss,SEPHORA COLLECTION,Makeup,13.0,4.1272,176592,26,0,0,0.0
P418122,Dior Homme Sport,Dior,Fragrance,82.0,4.4118,1784,19,0,0,0.0
P418218,The Water Cream Oil-Free Pore Minimizing Moisturizer,Tatcha,Skincare,70.0,4.0245,373877,29,0,0,0.0
P418221,Organic Sunless Tan Anti-Aging Face Serum,COOLA,Skincare,54.0,3.9744,16938,28,0,0,0.0
P418346,C.E.O. 15% Vitamin C Brightening Serum,Sunday Riley,Skincare,85.0,4.1036,97114,26,0,0,0.0
P418386,Mr. Burberry Eau de Parfum,BURBERRY,Fragrance,140.0,5.0,4527,19,0,0,0.0
P418389,Armani Code Colonia,Armani Beauty,Fragrance,88.0,4.6777,1476,22,0,0,0.0
P418505,Scalp Revival Charcoal + Biotin Dry Shampoo,Briogeo,Hair,25.0,4.0457,40196,13,0,0,0.0
P418506,Scalp Revival Charcoal + Tea Tree Scalp Treatment Serum,Briogeo,Hair,32.0,4.0947,67691,28,0,0,0.0
P418507,Scalp Revival Charcoal + Coconut Oil Micro-exfoliating Scalp Scrub Shampoo,Briogeo,Hair,42.0,4.0768,145317,29,0,0,0.0
P418546,RIVES Eau de Parfum,Ellis Brooklyn,Fragrance,105.0,4.2,2128,13,0,0,0.0
P418624,Noni Glow Plumping Face Oil,KORA Organics,Skincare,72.0,4.4112,38003,16,0,0,0.0
P418625,Noni Glow Hydrating & Toning Body Oil,KORA Organics,Bath & Body,63.0,3.84,13092,12,0,0,0.0
P418629,C.E.O. Vitamin C Brightening Rich Hydration Moisturizer,Sunday Riley,Skincare,22.0,3.9918,5905,48,0,0,0.0
P418800,Lock-It Refillable Mattifying Pressed Finishing Powder,KVD Beauty,Makeup,35.0,4.2173,71355,16,0,0,0.0
P418801,Lock-It Finishing Powder Refill,KVD Beauty,Makeup,22.0,4.4667,14866,16,0,0,0.0
P418804,Everlasting Lip Liner,KVD Beauty,Makeup,22.5,4.5511,153058,17,0,0,0.0
P418849,Light Blue Eau Intense,Dolce&Gabbana,Fragrance,120.0,4.4043,32555,17,0,0,0.0
P418861,The Mattifier Shine Control Perfecting Primer + Finisher,Estée Lauder,Makeup,40.0,5.0,113,46,0,0,0.0
P418872,Pore-Balance Facial Sauna Scrub,OLEHENRIKSEN,Skincare,35.0,4.5597,69759,28,0,0,0.0
P419005,Rose Hair & Body Oil,OUAI,Hair,32.0,3.9283,57208,28,0,0,0.0
P419011,Light Blue Eau Intense Pour Homme,Dolce&Gabbana,Fragrance,139.0,4.6905,9178,17,0,0,0.0
P419022,Volume Shampoo Paste with Rassoul Clay and Rose Extracts,Christophe Robin,Hair,53.0,3.9431,30186,23,0,0,0.0
P419107,Nudies Matte Cream Blush,NUDESTIX,Makeup,35.0,4.493,135758,21,0,0,0.0
P419112,Love Story Eau Sensuelle,Chloé,Fragrance,147.0,4.5625,4350,27,0,0,0.0
P419221,Umbra Tinte Physical Daily Defense SPF 30,Drunk Elephant,Skincare,36.0,3.2982,40278,44,0,0,0.0
P419222,Umbra Sheer Physical Daily Defense SPF 30,Drunk Elephant,Skincare,34.0,3.3076,46738,41,0,0,0.0
P419223,Shaba Complex Firming Eye Serum,Drunk Elephant,Skincare,60.0,3.8963,75752,44,0,0,0.0
P419419,Citrine Body Cream,NEST New York,Bath & Body,55.0,5.0,885,56,0,0,0.0
P419467,Unicorn Nail Polish Duo,NAILS INC.,Makeup,15.0,4.6338,36600,39,0,0,0.0
P419506,Liquid Blush,NARS,Makeup,30.0,4.1694,197432,26,0,0,0.0
P419605,Rouge Interdit Vinyl Color Enhancing Lipstick - 16 Noir Revelateur,Givenchy,Makeup,34.0,4.2557,0,27,0,0,0.0
P419620,Perfect Hair Day In-Shower Styler,Living Proof,Hair,30.0,3.8854,17090,26,0,0,0.0
P419625,Jet Lag Invisible Dry Shampoo,IGK,Hair,32.0,3.8091,7982,20,0,0,0.0
P419632,CAVIAR Anti-Aging Smoothing Anti-Frizz Dry Oil Mist,ALTERNA Haircare,Hair,34.0,4.3662,11452,51,0,0,0.0
P419713,Bb. Don’t Blow It Thick (H)air Styler,Bumble and bumble,Hair,32.0,3.8736,7896,41,0,0,0.0
P419848,Monsieur Big Volumizing Mascara,Lancôme,Makeup,30.0,4.0716,76225,41,0,0,0.0
P420118,Eau des Merveilles Bleue Eau de Toilette,HERMÈS,Fragrance,122.0,4.5111,6937,16,0,0,0.0
P420143,Clarifying AHA + BHA Mask,Tata Harper,Skincare,75.0,3.916,16958,46,0,0,0.0
P420158,Vitamin C Glow Moisturizer,fresh,Skincare,48.0,4.2411,36763,45,0,0,0.0
P420162,Blush Trio,Anastasia Beverly Hills,Makeup,30.0,4.6617,70979,61,0,0,0.0
P420163,Power-full Plump Lip Balm,Buxom,Makeup,19.0,3.6285,85500,22,0,0,0.0
P420166,Hangover 3-in-1 Replenishing Primer & Setting Spray,Too Faced,Makeup,36.0,4.2129,125922,28,0,0,0.0
P420204,Liquid Glow Highlighter,Anastasia Beverly Hills,Makeup,25.0,4.0899,26935,37,0,0,0.0
P420218,Saint Eau de Parfum Travel Spray,KVD Beauty,Fragrance,22.0,4.1852,29159,13,0,0,0.0
P420219,Sinner Eau de Parfum,KVD Beauty,Fragrance,85.0,4.1447,45541,18,0,0,0.0
P420220,Saint Eau de Parfum,KVD Beauty,Fragrance,85.0,4.3991,59167,13,0,0,0.0
P420224,Vinoperfect Brightening Glycolic Essence,Caudalie,Skincare,59.0,4.2692,66634,18,0,0,0.0
P420230,Pout Prep Lip Exfoliant,tarte,Skincare,16.0,4.1024,23307,11,0,0,0.0
P420231,Sex Kitten Liquid Liner,tarte,Makeup,22.0,4.1388,32637,18,0,0,0.0
P420232,Tarteist Brow Gel,tarte,Makeup,19.0,3.8679,6426,7,0,0,0.0
P420239,Easy Lash Collection,HUDA BEAUTY,Makeup,18.0,3.7339,18539,2,0,0,0.0
P420410,Confession Ultra Slim High Intensity Lipstick Refill,Hourglass,Makeup,24.0,4.3774,30994,19,0,0,0.0
P420440,Make No Mistake Foundation & Concealer Stick,SEPHORA COLLECTION,Makeup,20.0,3.8994,69114,25,0,0,0.0
P420491,GrandeMASCARA Conditioning Peptide Mascara,Grande Cosmetics,Makeup,25.0,4.1182,12049,22,0,0,0.0
P420492,GrandePRIMER Pre-Mascara Lengthener & Thickener,Grande Cosmetics,Makeup,25.0,4.3645,11650,20,0,0,0.0
P420533,Good Girl Eau de Parfum,Carolina Herrera,Fragrance,110.0,4.4665,127482,19,0,0,0.0
P420536,Sauvage Very Cool Spray,Dior,Fragrance,82.0,5.0,2153,11,0,0,0.0
P420607,Golden Hour Luminizing Powder,SEPHORA COLLECTION,Makeup,17.0,4.3532,53439,18,0,0,0.0
P420638,ELEVATE Advanced Lift Contouring Cream,Algenist,Skincare,96.0,4.3243,3317,51,0,0,0.0
P420652,Lip Sleeping Mask Intense Hydration with Vitamin C,LANEIGE,Skincare,24.0,4.3508,1081315,34,0,0,0.0
P420699,Violet-C Radiance Mask,Tatcha,Skincare,70.0,4.0507,96300,35,0,0,0.0
P420708,Vault Sulfate Free Shampoo for Color-Treated Hair,amika,Hair,23.0,3.5507,12188,59,0,0,0.0
P420709,Vault Conditioner for Color-Treated Hair,amika,Hair,23.0,3.6429,8876,44,0,0,0.0
P420713,Velveteen Dream Anti-Frizz Smoothing Conditioner,amika,Hair,28.0,3.62,15891,24,0,0,0.0
P420900,Instant Full Cover Concealer,Bobbi Brown,Makeup,32.0,3.4195,15705,27,0,0,0.0
P420913,Naked Heat Eyeshadow Palette,Urban Decay,Makeup,59.0,4.6585,206040,46,0,0,0.0
P420948,Heat Protection Spray,OUAI,Hair,28.0,3.7937,44378,46,0,0,0.0
P421215,SCI FI Eau de Parfum,Ellis Brooklyn,Fragrance,108.0,4.1831,5451,14,0,0,0.0
P421227,Beyond Perfecting Super Concealer Camouflage + 24-Hour Wear,CLINIQUE,Makeup,24.0,4.0522,15709,39,0,0,0.0
P421234,Make No Mistake Full Coverage Concealer,SEPHORA COLLECTION,Makeup,14.0,3.9533,39005,21,0,0,0.0
P421235,Double Serum Firming & Smoothing Anti-Aging Concentrate,Clarins,Skincare,90.0,4.2503,59652,52,0,0,0.0
P421243,Sugar Hydrating Lip Balm,fresh,Skincare,19.0,4.1991,132861,43,0,0,0.0
P421249,The Moisturizing Matte Lotion,La Mer,Skincare,320.0,4.2258,4347,74,0,0,0.0
P421252,NailPure Top Coat,NAILS INC.,Makeup,15.0,3.0435,3788,14,0,0,0.0
P421271,Wrinkle Warrior Eye Gel Visible Dark Circle Eraser,Kate Somerville,Skincare,76.0,3.0667,4822,28,0,0,0.0
P421275,Salicylic Acid Acne Healing Dots,Peace Out,Skincare,19.0,4.1779,316297,4,3,1,0.75
P421276,ExfoliKate Glow Moisturizer,Kate Somerville,Skincare,76.0,4.511,15906,43,0,0,0.0
P421277,GENIUS Liquid Collagen Serum,Algenist,Skincare,115.0,4.0259,67870,40,0,0,0.0
P421281,"Artist Face Color Highlight, Sculpt and Blush Powder",MAKE UP FOR EVER,Makeup,25.0,4.5547,97905,30,0,0,0.0
P421296,My Burberry Blush,BURBERRY,Fragrance,95.0,4.3719,38109,24,0,0,0.0
P421432,Rapid Relief Acne Spot Treatment,Murad,Skincare,26.0,3.9253,41475,26,3,1,0.11538461538461539
P421441,Aglow Hydrating + Setting Face Mist,lilah b.,Makeup,48.0,4.1987,18509,22,0,0,0.0
P421444,Divine Duo Lip & Cheek Blush,lilah b.,Makeup,46.0,3.9048,20326,33,0,0,0.0
P421445,Flawless Finish Pressed Setting Powder,lilah b.,Makeup,48.0,3.8667,8418,24,0,0,0.0
P421448,Virtuous Veil Concealer + Skin Perfector,lilah b.,Makeup,38.0,3.9464,12110,30,0,0,0.0
P421456,All Hours Luminous Matte Foundation 24H Longwear SPF 30 with Hyaluronic Acid,Yves Saint Laurent,Makeup,60.0,4.4279,128926,36,0,0,0.0
P421481,Mini Brazilian Crush Body Fragrance Mist,Sol de Janeiro,Mini Size,24.0,4.4698,247502,13,0,0,0.0
P421485,Powermatte Lip Pigment,NARS,Makeup,30.0,4.4027,257219,26,0,0,0.0
P421496,Save the Day Daytime Protective Repair Fluid,Bumble and bumble,Hair,45.0,4.4872,14838,39,0,0,0.0
P421497,Bb. While You Sleep Overnight Damage Repair Masque,Bumble and bumble,Hair,49.0,4.1731,11761,39,0,0,0.0
P421600,Jasmine Green Tea Oil Control Toner,Herbivore,Skincare,39.0,4.0833,39251,11,0,0,0.0
P421783,EMPORIO ARMANI Stronger With You,Armani Beauty,Fragrance,79.0,4.6849,5588,19,0,0,0.0
P421813,MatteTrance Lipstick,PAT McGRATH LABS,Makeup,39.0,4.0646,280428,29,0,0,0.0
P421943,Ghost DryConditionerOil,Verb,Hair,20.0,4.2991,13421,26,0,0,0.0
P421944,Ghost Conditioner,Verb,Hair,20.0,4.1328,29582,43,0,0,0.0
P421945,Ghost Shampoo,Verb,Hair,20.0,3.9112,40843,45,0,0,0.0
P421996,Ultra Facial Moisturizing Cream with Squalane,Kiehl's Since 1851,Skincare,78.0,4.4469,201776,30,0,0,0.0
P421997,Calendula Herbal Extract Alcohol Free Toner,Kiehl's Since 1851,Skincare,47.0,4.2216,37317,12,0,0,0.0
P421998,Midnight Recovery Concentrate Moisturizing Face Oil,Kiehl's Since 1851,Skincare,56.0,4.2174,101394,23,0,0,0.0
P421999,Crème de Corps Hydrating Body Lotion with Squalane,Kiehl's Since 1851,Bath & Body,34.0,4.1787,28155,38,0,0,0.0
P422000,Creamy Eye Treatment with Avocado,Kiehl's Since 1851,Skincare,36.0,3.9994,68043,26,0,0,0.0
P422002,Rare Earth Deep Pore Minimizing Cleansing Clay Mask,Kiehl's Since 1851,Skincare,45.0,4.542,112588,19,0,0,0.0
P422003,Daily Reviving Concentrate,Kiehl's Since 1851,Skincare,59.0,4.3986,26859,18,0,0,0.0
P422004,Ultra Facial Moisturizer Sunscreen SPF 30,Kiehl's Since 1851,Skincare,38.0,3.7473,12320,43,0,0,0.0
P422005,Ultra Facial Moisturizer,Kiehl's Since 1851,Skincare,38.0,3.7143,10346,18,0,0,0.0
P422007,Ultra Facial Cleanser,Kiehl's Since 1851,Skincare,30.0,4.3712,63080,28,0,0,0.0
P422011,Ultra Facial Toner,Kiehl's Since 1851,Skincare,24.0,4.2637,27710,16,0,0,0.0
P422012,Ultra Facial Cream Sunscreen SPF 30,Kiehl's Since 1851,Skincare,38.0,3.8344,24886,38,3,1,0.07894736842105263
P422013,Calendula Deep Clean Foaming Face Wash,Kiehl's Since 1851,Skincare,38.0,4.5033,39855,18,0,0,0.0
P422022,Clearly Corrective Dark Spot Correcting Serum,Kiehl's Since 1851,Skincare,65.0,3.8478,75403,24,3,1,0.125
P422026,EXPENSIVE Hi-Shine Gloss Treatment,IGK,Hair,32.0,4.2366,15832,42,0,0,0.0
P422037,Mini Perfect Hair Day Shampoo,Living Proof,Hair,16.0,3.5,2434,31,0,0,0.0
P42204,Rosebud Salve,Rosebud Perfume Co.,Skincare,7.0,4.6463,81724,4,0,0,0.0
P42205,Strawberry Lip Balm,Rosebud Perfume Co.,Skincare,8.0,4.559,55765,4,0,0,0.0
P422069,Mini Dewy Skin Mist,Tatcha,Mini Size,22.0,3.951,54743,36,0,0,0.0
P422073,Precision Lip Liner,NARS,Makeup,24.0,4.4615,31089,21,0,0,0.0
P422076,Mini Shimmer Brick Highlighter,Bobbi Brown,Mini Size,25.0,4.3883,21507,38,0,0,0.0
P422077,Mini Radiant Creamy Concealer,NARS,Mini Size,15.0,4.1253,444366,31,0,0,0.0
P422078,Mini Blush/Bronzer Duo,NARS,Mini Size,24.0,3.4328,35089,44,0,0,0.0
P422079,Mini Blush Duo,NARS,Makeup,24.0,3.9808,18522,36,0,0,0.0
P422082,Tinted Moisturizer Natural Skin Perfector Broad Spectrum SPF 30 Mini,Laura Mercier,Mini Size,29.0,3.6503,65458,45,0,0,0.0
P422083,Mini Translucent Loose Setting Powder,Laura Mercier,Mini Size,24.0,4.4659,315024,19,0,0,0.0
P422093,Bloom Eau de Parfum For Her,Gucci,Fragrance,123.0,4.1913,69220,18,0,0,0.0
P422094,Bloom Eau de Parfum For Her Rollerball,Gucci,Fragrance,38.0,4.1913,32304,18,0,0,0.0
P422218,Mini Sens’Eyes - Waterproof Sensitive Eye Cleanser,MAKE UP FOR EVER,Mini Size,13.0,3.6395,8613,27,0,0,0.0
P422221,Mini Ultra HD Microfinishing Loose Powder,MAKE UP FOR EVER,Mini Size,20.0,3.5833,15982,3,0,0,0.0
P422224,Crushed Lip Color,Bobbi Brown,Makeup,32.0,4.4059,68461,37,0,0,0.0
P422243,On The Rocks Clarifying Charcoal Shampoo,Drybar,Hair,26.0,4.2426,12325,46,0,0,0.0
P422244,On The Rocks Lightweight Conditioner,Drybar,Hair,26.0,4.1607,5789,55,0,0,0.0
P422248,Rare Earth Deep Pore Daily Cleanser,Kiehl's Since 1851,Skincare,28.0,4.2872,22813,19,0,0,0.0
P422249,Amino Acid Conditioner,Kiehl's Since 1851,Hair,27.0,4.3333,6424,18,0,0,0.0
P422253,Rare Earth Pore Refining Tonic,Kiehl's Since 1851,Skincare,25.0,3.5758,5263,16,3,1,0.1875
P422260,Super Multi-Corrective Cream Sunscreen Broad Spectrum SPF 30,Kiehl's Since 1851,Skincare,95.0,3.6,3510,36,0,0,0.0
P422269,Creme de Corps Soy Milk & Honey Whipped Body Butter,Kiehl's Since 1851,Bath & Body,45.0,4.503,27221,28,0,0,0.0
P422275,Amino Acid Shampoo,Kiehl's Since 1851,Hair,26.0,3.7736,9385,25,3,1,0.12
P422280,The Mattifier Shine Control Perfecting Primer + Finisher,Estée Lauder,Makeup,40.0,4.0213,9329,46,0,0,0.0
P422289,Colonia Pura,Acqua di Parma,Fragrance,130.0,4.5714,840,13,0,0,0.0
P422299,GABRIELLE CHANEL Eau de Parfum,CHANEL,Fragrance,160.0,4.2086,43262,24,0,0,0.0
P422335,All Hours Concealer,Yves Saint Laurent,Makeup,34.0,4.3714,26524,26,0,0,0.0
P422338,Bb. Pret-a-Powder Tres Invisible Nourishing Dry Shampoo with Hibiscus Extract,Bumble and bumble,Hair,30.0,4.3302,9691,34,0,0,0.0
P422339,Bb. Pret-a-Powder Tres Invisible Dry Shampoo with French Pink Clay,Bumble and bumble,Hair,30.0,4.3024,24898,36,0,0,0.0
P422428,Hydra Zen Anti-Stress Moisturizing Face Cream,Lancôme,Skincare,57.0,4.2692,5273,40,0,0,0.0
P422430,Hydra Zen Gel-Cream Oil-Free Moisturizer with Salicylic Acid,Lancôme,Skincare,48.0,4.5629,15564,32,3,1,0.09375
P422439,English Oak & Hazelnut Cologne,Jo Malone London,Fragrance,155.0,4.2115,6950,18,0,0,0.0
P422442,Twilly d'Hermès Eau de Parfum,HERMÈS,Fragrance,147.0,4.1213,21510,21,0,0,0.0
P422453,Traceless Foundation Stick,TOM FORD,Makeup,90.0,4.3422,46010,21,0,0,0.0
P422455,Mini All Nighter Long-Lasting Makeup Setting Spray,Urban Decay,Mini Size,16.0,4.4463,208071,25,0,0,0.0
P422456,Mini Bi-Facil Double-Action Eye Makeup Remover,Lancôme,Mini Size,18.0,4.2833,11860,14,0,0,0.0
P422457,Mini Cils Booster XL Super-Enhancing Mascara Primer,Lancôme,Mini Size,16.0,4.3898,42732,21,0,0,0.0
P422458,Mini De-Slick Oil-Control Makeup Setting Spray,Urban Decay,Mini Size,16.0,4.1178,37576,30,0,0,0.0
P422460,Mini Anti-Aging Eyeshadow Primer Potion,Urban Decay,Mini Size,16.0,3.5331,26140,33,0,0,0.0
P422461,Mini Original Eyeshadow Primer Potion,Urban Decay,Mini Size,16.0,4.2035,80094,20,0,0,0.0
P422463,Mini Photo Finish Smooth & Blur Oil-Free Foundation Primer,Smashbox,Mini Size,16.0,4.3187,78991,15,0,0,0.0
P422464,Mini Monsieur Big Mascara,Lancôme,Mini Size,16.0,4.0651,30236,41,0,0,0.0
P422466,Mini Perversion Volumizing Mascara,Urban Decay,Mini Size,16.0,4.069,16851,30,0,0,0.0
P422481,"""Ultimate Man"" Body Scrub Soap",Kiehl's Since 1851,Men,20.0,4.7727,5310,14,0,0,0.0
P422484,Age Defender Power Serum,Kiehl's Since 1851,Men,60.0,4.0,1399,27,0,0,0.0
P422492,Facial Fuel Energizing Face Wash,Kiehl's Since 1851,Men,25.0,4.8108,6958,31,0,0,0.0
P422493,Facial Fuel Energizing Scrub,Kiehl's Since 1851,Men,26.0,4.8,3682,37,0,0,0.0
P422494,Facial Fuel Energizing Tonic For Men,Kiehl's Since 1851,Men,25.0,5.0,2633,26,3,1,0.11538461538461539
P422496,Grooming Solutions Nourishing Beard Grooming Oil,Kiehl's Since 1851,Men,36.0,4.3077,2165,26,3,1,0.11538461538461539
P422498,Grooming Solutions Texturizing Clay,Kiehl's Since 1851,Hair,20.0,3.5,731,33,0,0,0.0
P422500,Nourishing Olive Fruit Oil Conditioner,Kiehl's Since 1851,Hair,27.0,4.2917,2968,18,0,0,0.0
P422503,Oil Eliminator Deep Cleansing Exfoliating Face Wash For Men,Kiehl's Since 1851,Men,28.0,4.4545,4260,16,3,1,0.1875
P422505,Olive Fruit Oil Deeply Repairative Hair Pak,Kiehl's Since 1851,Hair,32.0,4.6277,34536,18,0,0,0.0
P422510,Mini Ultra Facial Moisturizing Cream with Squalane,Kiehl's Since 1851,Skincare,24.0,4.4469,31687,40,0,0,0.0
P422517,Natural Brightening Eye Primer,ILIA,Makeup,24.0,3.2222,9894,19,0,0,0.0
P422536,Original Skin Matte Moisturizer with Willowherb,Origins,Skincare,40.0,4.4089,54899,59,3,1,0.05084745762711865
P422546,Extreme Mascara,TOM FORD,Makeup,50.0,4.1337,4126,55,0,0,0.0
P422552,Shade and Illuminate Highlighting Duo,TOM FORD,Makeup,89.0,4.4924,15393,22,0,0,0.0
P422568,Eye Color Quad Eyeshadow Palette,TOM FORD,Makeup,90.0,4.3658,223284,31,0,0,0.0
P422571,Eye Defining Pen Liquid Eyeliner Duo,TOM FORD,Makeup,62.0,4.5055,22624,32,0,0,0.0
P422574,Shade And Illuminate Cream Contour Duo,TOM FORD,Makeup,90.0,4.5059,41942,22,0,0,0.0
P422638,Facial Fuel Energizing Moisturizer for Men,Kiehl's Since 1851,Men,45.0,4.2353,9470,46,0,0,0.0
P422640,Ultimate Strength Hand Salve,Kiehl's Since 1851,Bath & Body,32.0,4.6411,26686,44,0,0,0.0
P422648,DayWear Matte Oil-Control Anti-Oxidant Moisturizer Gel Creme,Estée Lauder,Skincare,59.0,4.4808,8588,50,0,0,0.0
P422649,Resilience Multi-Effect Night Tri-Peptide Face and Neck Moisturizer Creme,Estée Lauder,Skincare,110.0,4.1852,4621,69,0,0,0.0
P422842,Age Defender Eye Repair,Kiehl's Since 1851,Men,40.0,3.6364,2852,44,0,0,0.0
P422848,Crème Riche Anti-Aging Peptide Night Cream,Tata Harper,Skincare,230.0,4.1429,2825,64,0,0,0.0
P422881,Even Better Glow Light Reflecting Makeup Broad Spectrum SPF 15 Foundation,CLINIQUE,Makeup,34.0,4.3028,20664,44,3,1,0.06818181818181818
P422905,Moisturizing Eye Bomb with Squalane,belif,Skincare,48.0,4.4641,101158,58,0,0,0.0
P423123,Daily Superfoliant Exfoliator,Dermalogica,Skincare,65.0,4.5631,10658,41,0,0,0.0
P423125,Ultracalming Serum Concentrate,Dermalogica,Skincare,66.0,4.3077,7347,30,0,0,0.0
P423127,Ultracalming Cleanser,Dermalogica,Skincare,42.0,4.4523,11814,29,0,0,0.0
P423130,MultiVitamin Power Recovery Mask,Dermalogica,Skincare,65.0,4.3667,37767,53,0,0,0.0
P423134,MultiVitamin Power Firm Eye Cream,Dermalogica,Skincare,69.0,4.1724,8383,21,0,0,0.0
P423135,Super Rich Repair Moisturizer,Dermalogica,Skincare,94.0,4.6593,7054,48,0,0,0.0
P423136,Special Cleansing Gel,Dermalogica,Skincare,42.0,4.5196,34428,26,0,0,0.0
P423142,Active Moist Moisturizer,Dermalogica,Skincare,74.0,4.6028,14546,42,0,0,0.0
P423143,Stress Positive Eye Lift Mask,Dermalogica,Skincare,74.0,4.1667,8944,40,0,0,0.0
P423145,Age Reversal Eye Complex,Dermalogica,Skincare,79.0,3.7273,4351,78,0,0,0.0
P423148,Precleanse Cleansing Oil,Dermalogica,Skincare,49.0,4.5435,49959,24,0,0,0.0
P423150,Multi-Active Toner,Dermalogica,Skincare,43.0,4.3987,16363,49,0,0,0.0
P423157,Sex Dust   Adaptogens For Fire*,Moon Juice,Skincare,38.0,3.8529,14485,7,0,0,0.0
P423159,Brain Dust,Moon Juice,Skincare,38.0,3.9608,6912,7,0,0,0.0
P423163,Future Solution LX Concentrated Balancing Softener,Shiseido,Skincare,110.0,4.9375,4608,47,0,0,0.0
P423164,Future Solution LX Extra Rich Cleansing Foam,Shiseido,Skincare,65.0,4.3043,5098,26,0,0,0.0
P423165,Future Solution LX Eye and Lip Contour Regenerating Cream,Shiseido,Skincare,155.0,4.0833,6410,62,0,0,0.0
P423166,Future Solution LX Intensive Firming Contour Serum,Shiseido,Skincare,310.0,4.4,1898,55,0,0,0.0
P423167,Future Solution LX Total Protective Cream Broad Spectrum SPF 20 Sunscreen,Shiseido,Skincare,270.0,5.0,1874,38,0,0,0.0
P423168,Future Solution LX Total Protective Emulsion Broad Spectrum SPF 20 Sunscreen,Shiseido,Skincare,270.0,4.0,636,44,0,0,0.0
P423169,Future Solution LX Total Regenerating Cream,Shiseido,Skincare,290.0,3.75,2632,50,0,0,0.0
P423254,Water Drench Hyaluronic Cloud Hydra-Gel Eye Patches,Peter Thomas Roth,Skincare,55.0,4.069,60266,62,0,0,0.0
P423259,Cicapair Tiger Grass Serum,Dr. Jart+,Skincare,52.0,4.2657,73240,39,0,0,0.0
P423264,One Essential Skin Boosting Super Serum,Dior,Skincare,110.0,4.3889,8855,48,0,0,0.0
P423281,Red Roses Cologne,Jo Malone London,Fragrance,155.0,4.15,21398,14,0,0,0.0
P423310,Gel-less Gel Nail Polish Remover Kit,NAILS INC.,Makeup,19.0,3.4167,3648,4,0,0,0.0
P423400,Ghost PrepHeat Protectant,Verb,Hair,20.0,4.2814,16463,53,0,0,0.0
P423431,Gentleman Eau de Toilette,Givenchy,Fragrance,108.0,4.5652,3170,21,0,0,0.0
P423548,Miss Dior Moisturizing Body Milk,Dior,Bath & Body,65.0,4.2308,17973,38,0,0,0.0
P423644,PermaGel Eyeliner Pencil,PAT McGRATH LABS,Makeup,29.0,4.1978,33463,18,0,0,0.0
P423646,Mothership II Eyeshadow Palette – Sublime,PAT McGRATH LABS,Makeup,128.0,4.3418,50235,191,0,0,0.0
P423647,Mothership I Eyeshadow Palette - Subliminal,PAT McGRATH LABS,Makeup,128.0,4.5325,37229,189,0,0,0.0
P423666,Perfect Canvas Clean Primer,REN Clean Skincare,Makeup,49.0,4.5058,26547,18,0,0,0.0
P423688,Daily Microfoliant Exfoliator,Dermalogica,Skincare,65.0,4.696,95311,29,3,1,0.10344827586206896
P423690,Skin Resurfacing Lactic Acid Cleanser,Dermalogica,Skincare,48.0,4.1071,6435,30,0,0,0.0
P423770,Sunny Side Up Travel Spray,Juliette Has a Gun,Fragrance,30.0,4.1944,5370,4,0,0,0.0
P423771,Sunny Side Up,Juliette Has a Gun,Fragrance,140.0,3.9907,5313,4,0,0,0.0
P423923,Liquid Lipstick in Trouble,Anastasia Beverly Hills,Makeup,20.0,3.4766,11385,26,0,0,0.0
P423925,Sugar Glow Kit,Anastasia Beverly Hills,Makeup,40.0,4.6467,158496,71,0,0,0.0
P423935,Tartelette Toasted Eyeshadow Palette,tarte,Makeup,45.0,4.4568,152180,265,0,0,0.0
P424378,Mini Virgin Marula LuxuryFace Oil,Drunk Elephant,Skincare,38.0,4.2368,48487,1,0,0,0.0
P424553,Obsessed for Her,Calvin Klein,Fragrance,81.0,4.0,1700,18,0,0,0.0
P424900,Mini Ambient Lighting Blush,Hourglass,Mini Size,28.0,4.4565,86254,32,0,0,0.0
P424901,Mini Ambient Lighting Bronzer,Hourglass,Mini Size,30.0,4.1159,43558,30,0,0,0.0
P424902,Mini Ambient Strobe Lighting Powder,Hourglass,Mini Size,28.0,4.2661,19992,29,0,0,0.0
P424915,#LIPSTORIES Lipstick,SEPHORA COLLECTION,Makeup,10.0,4.3942,424829,24,0,0,0.0
P424948,Auto Correct Brightening + Depuffing Eye Cream for Dark Circles,Sunday Riley,Skincare,65.0,4.0286,52803,40,0,0,0.0
P424984,HYDRA MOUSSE Hydrating Self-Tan Mousse,TAN-LUXE,Skincare,49.0,4.0769,6083,27,0,0,0.0
P424985,THE WATER Hydrating Self-Tan Water,TAN-LUXE,Skincare,48.0,4.0,14995,26,0,0,0.0
P424986,THE BUTTER Illuminating Tanning Butter,TAN-LUXE,Skincare,38.0,4.3425,17319,37,0,0,0.0
P424987,SLEEP OIL Rejuvenating Miracle Tanning Oil,TAN-LUXE,Skincare,52.0,3.5,4731,34,0,0,0.0
P424988,THE FACE Illuminating Self-Tan Drops,TAN-LUXE,Skincare,50.0,3.9894,55771,23,0,0,0.0
P424989,THE BODY Illuminating Self-Tan Drops,TAN-LUXE,Skincare,60.0,4.1959,22970,26,0,0,0.0
P424990,THE GRADUAL Illuminating Gradual Tan Lotion,TAN-LUXE,Skincare,34.0,4.1111,23906,33,0,0,0.0
P425007,Intense Hydrating Mask Packette,Moroccanoil,Hair,8.0,4.3841,18344,19,0,0,0.0
P425008,Mending Infusion Styling Hair Serum,Moroccanoil,Hair,30.0,4.7514,32654,33,0,0,0.0
P425012,Smoothing Lotion,Moroccanoil,Hair,36.0,4.2787,13096,29,0,0,0.0
P425242,Perfect Defense Heat Protectant,Moroccanoil,Hair,30.0,3.5573,42407,23,0,0,0.0
P425318,Mini Brazilian Bum Bum Cream,Sol de Janeiro,Mini Size,22.0,4.2958,197588,41,0,0,0.0
P425327,Mini Hand Cream,L'Occitane,Mini Size,12.5,4.5149,41017,28,0,0,0.0
P425329,Industrial Strength Hand Healer Mini,Jack Black,Mini Size,16.0,4.6897,6511,21,0,0,0.0
P425428,Beard Grooming Kit,Jack Black,Men,36.0,3.8,5734,92,0,0,0.0
P425430,Shave Essentials,Jack Black,Men,30.0,4.6923,4796,99,0,0,0.0
P425463,Mini Spray de Mode Flexible Hold Hairspray,Bumble and bumble,Mini Size,16.0,3.7143,6209,23,0,0,0.0
P425464,Mini Surf Spray,Bumble and bumble,Mini Size,16.0,3.1667,8787,17,0,0,0.0
P425468,Mini Thickening Spray,Bumble and bumble,Mini Size,16.0,3.3265,13037,12,0,0,0.0
P425469,Brilliantine,Bumble and bumble,Mini Size,26.0,4.5,2140,30,0,0,0.0
P425471,Mini Thickening Shampoo,Bumble and bumble,Mini Size,16.0,3.087,5030,25,0,0,0.0
P425490,Mini Hairdresser’s Invisible Oil,Bumble and bumble,Mini Size,24.0,4.19,22831,24,0,0,0.0
P425600,Mini Veil Mineral Primer,Hourglass,Mini Size,24.0,4.2905,53533,11,0,0,0.0
P425601,Mini The POREfessional Pore Minimizing Primer,Benefit Cosmetics,Mini Size,14.0,4.0466,77467,21,0,0,0.0
P425602,Mini Hangover Replenishing Face Primer,Too Faced,Mini Size,18.0,4.0941,47818,28,0,0,0.0
P425604,Mini Ultra HD Microfinishing Pressed Powder,MAKE UP FOR EVER,Mini Size,23.0,4.0968,21465,15,0,0,0.0
P425607,Mini Lip Injection Extreme Hydrating Lip Plumper,Too Faced,Mini Size,16.0,3.6069,119069,27,0,0,0.0
P425617,Mini Prêt-à-Powder,Bumble and bumble,Mini Size,15.0,4.0646,13844,15,0,0,0.0
P425661,Reserve - Skin Travel Spray,CLEAN RESERVE,Fragrance,29.0,4.1949,20560,13,0,0,0.0
P425662,Reserve - Rain Travel Spray,CLEAN RESERVE,Fragrance,29.0,4.32,10370,11,0,0,0.0
P425663,Reserve - Warm Cotton Travel Spray,CLEAN RESERVE,Fragrance,29.0,4.519,9247,15,0,0,0.0
P425705,HG - PRO Eyeshadow Palette,Violet Voss,Makeup,45.0,4.6085,69269,18,0,0,0.0
P425737,Mini Holographic Stick,MILK MAKEUP,Mini Size,24.0,3.8278,60757,26,0,0,0.0
P425810,La Vie Est Belle L'Eclat Eau de Parfum,Lancôme,Fragrance,118.0,4.2703,9884,24,0,0,0.0
P425814,Peony & Blush Suede Body & Hand Lotion,Jo Malone London,Bath & Body,65.0,3.0,2540,36,0,0,0.0
P425840,Mini Ambient Lighting Powder,Hourglass,Mini Size,28.0,4.086,65833,27,0,0,0.0
P425855,Mini Better Than Sex Waterproof Mascara,Too Faced,Mini Size,16.0,3.458,49250,23,0,0,0.0
P425857,Mini Dramatically Different Moisturizing Lotion+,CLINIQUE,Mini Size,6.5,3.9101,20957,22,0,0,0.0
P425858,Mini Acne Solutions Clinical Clearing Gel,CLINIQUE,Mini Size,21.0,4.2234,18957,8,0,0,0.0
P425860,Mini Dramatically Different Moisturizing Gel,CLINIQUE,Mini Size,17.0,4.4383,23012,35,0,0,0.0
P425868,Mini Alpha Beta Extra Strength Daily Peel Pads,Dr. Dennis Gross Skincare,Mini Size,20.0,4.609,93021,55,3,1,0.05454545454545454
P425869,Mini Alpha Beta Universal Daily Peel Pads,Dr. Dennis Gross Skincare,Mini Size,20.0,4.5148,65775,51,3,1,0.058823529411764705
P425872,Mini Ultra Repair Cream Intense Hydration,First Aid Beauty,Mini Size,18.0,4.4573,77633,23,0,0,0.0
P425873,Mini Pure Skin Face Cleanser,First Aid Beauty,Mini Size,12.0,4.3046,32991,27,0,0,0.0
P425876,Mini CC+ Cream Full Coverage Color Correcting Foundation with SPF 50+,IT Cosmetics,Makeup,17.0,3.6905,74385,57,0,0,0.0
P425877,Mini ExfoliKate Intensive Pore Exfoliating Treatment,Kate Somerville,Mini Size,28.0,4.4019,63250,38,3,1,0.07894736842105263
P425882,Mini ExfoliKate� Cleanser Daily Foaming Wash,Kate Somerville,Mini Size,22.0,4.3355,21018,35,0,0,0.0
P425894,Mini Soy pH-Balanced Hydrating Face Wash,fresh,Mini Size,15.0,4.3628,64174,31,0,0,0.0
P425900,Mini Bear Naked Wipes,Josie Maran,Mini Size,12.0,3.8611,10489,19,0,0,0.0
P425923,Mini Dandelion Baby-Pink Blush,Benefit Cosmetics,Mini Size,18.0,4.42,26463,56,0,0,0.0
P425933,Mini Goof Proof Waterproof Easy Shape & Fill Eyebrow Pencil,Benefit Cosmetics,Makeup,15.0,4.2333,32221,22,0,0,0.0
P425938,Mini Luminous Silk Perfect Glow Flawless Oil-Free Foundation,Armani Beauty,Mini Size,45.0,4.0744,102155,31,0,0,0.0
P425939,Makeup Brush Cleaner Mini,Cinema Secrets,Mini Size,15.0,4.2093,20853,6,0,0,0.0
P425941,Mini N° 28 Primer Serum,Hourglass,Mini Size,24.0,4.4359,5208,51,0,0,0.0
P425947,Mini Roller Lash Curling & Lifting Mascara,Benefit Cosmetics,Mini Size,15.0,4.1478,41189,33,0,0,0.0
P425953,Mini They're Real! Lengthening Mascara,Benefit Cosmetics,Mini Size,15.0,3.9593,29906,34,0,0,0.0
P425964,Mini Perfect Hair Day Conditioner,Living Proof,Mini Size,16.0,3.25,4135,28,0,0,0.0
P425999,Mini Wave Spray,OUAI,Mini Size,14.0,3.5819,43660,67,0,0,0.0
P426000,Mini Texturizing Hair Spray,OUAI,Mini Size,14.0,3.2632,14727,29,0,0,0.0
P426011,Mini Moroccanoil Treatment,Moroccanoil,Mini Size,16.0,4.6131,89562,7,0,0,0.0
P426012,Mini Moroccanoil Treatment Light,Moroccanoil,Mini Size,16.0,4.4503,22385,7,0,0,0.0
P426013,Mini Dry Shampoo Dark Tones,Moroccanoil,Mini Size,12.0,3.9638,20397,15,0,0,0.0
P426014,Mini Dry Shampoo Light Tones,Moroccanoil,Mini Size,12.0,4.2154,13139,15,0,0,0.0
P426023,Mini Restore Perfecting Spray,Living Proof,Mini Size,17.0,4.5789,12919,29,0,0,0.0
P426026,Mini Perfect Hair Day In-Shower Styler,Living Proof,Mini Size,14.0,3.6769,8690,26,0,0,0.0
P426080,Lotus Youth Preserve Rescue Mask,fresh,Skincare,69.0,4.351,33687,55,0,0,0.0
P426097,Reserve - Sel Santal Travel Spray,CLEAN RESERVE,Fragrance,29.0,4.2424,4372,14,0,0,0.0
P426163,Mini Hairdresser's Invisible Oil Primer,Bumble and bumble,Mini Size,15.0,4.566,57009,37,0,0,0.0
P426164,Mini Hairdresser’s Invisible Oil Conditioner,Bumble and bumble,Mini Size,16.0,3.5152,5215,35,0,0,0.0
P426165,Mini Hairdresser’s Invisible Oil Shampoo,Bumble and bumble,Mini Size,16.0,3.5789,4784,38,0,0,0.0
P426173,Mini Soulfood Nourishing Mask,amika,Mini Size,18.0,4.0766,47059,19,0,0,0.0
P426180,Mini Un.Done Volume and Matte Texture Spray,amika,Mini Size,10.0,3.9412,17210,21,0,0,0.0
P426183,Mini Facial Treatment Essence (Pitera Essence),SK-II,Skincare,99.0,4.0807,49032,7,0,0,0.0
P426186,Mini Beach ClubVolume Texture Spray,IGK,Mini Size,16.0,4.1772,11708,22,0,0,0.0
P426192,Mini Rich Kid Coconut Oil Gel,IGK,Mini Size,16.0,4.0845,10355,40,0,0,0.0
P426202,Mini Triple Sec 3-in-1,Drybar,Mini Size,14.0,3.7386,8321,20,0,0,0.0
P426204,"Mini Don't Despair, Repair! Deep Conditioning Hair Mask",Briogeo,Mini Size,15.0,3.9226,40091,40,0,0,0.0
P426305,Flowerbomb Mini,Viktor&Rolf,Fragrance,58.0,4.5859,32165,16,0,0,0.0
P426312,Mini Water Drench Hyaluronic Acid Moisturizer,Peter Thomas Roth,Mini Size,23.0,4.265,33061,45,0,0,0.0
P426340,The Rice Polish Foaming Enzyme Powder,Tatcha,Skincare,68.0,4.4278,184011,23,0,0,0.0
P426374,Beyond Perfecting Powder Foundation + Concealer,CLINIQUE,Makeup,37.0,3.6857,5851,33,0,0,0.0
P426501,Mini Crème de la Mer Moisturizer,La Mer,Skincare,100.0,4.0566,18102,43,0,0,0.0
P426707,Hello FAB Coconut Water Cream,First Aid Beauty,Skincare,36.0,4.0009,64785,31,0,0,0.0
P426711,Mini Moisture Repair Shampoo,Moroccanoil,Mini Size,12.0,3.4667,11395,53,0,0,0.0
P426712,Mini Moisture Repair Conditioner,Moroccanoil,Mini Size,12.0,3.7586,10957,44,0,0,0.0
P426821,Mini Rose Face Mask,fresh,Mini Size,26.0,4.1698,7199,32,0,0,0.0
P426824,Mini Sugar Face Polish Exfoliato,fresh,Mini Size,26.0,3.6071,7095,22,0,0,0.0
P426829,Confidence in a Cleanser Hydrating Facial Cleanser Serum,IT Cosmetics,Skincare,29.0,4.4758,24647,47,3,1,0.06382978723404255
P426836,Beste No. 9 Jelly Cleanser,Drunk Elephant,Skincare,34.0,3.9426,113466,23,0,0,0.0
P426849,THIRSTY GIRL Coconut Milk Anti-Frizz Leave-in Conditioner,IGK,Hair,32.0,3.9936,12691,46,0,0,0.0
P426850,Diamond Light Highlighter,Too Faced,Makeup,39.0,4.1511,109870,33,0,0,0.0
P427008,’REPLICA’ Sailing Day,Maison Margiela,Fragrance,160.0,4.2477,28790,17,0,0,0.0
P427041,Velour Extreme Matte Lipstick,Laura Mercier,Makeup,32.0,4.4915,41697,16,0,0,0.0
P427042,Photo Edit Eye Shadow Trio,Smashbox,Makeup,23.0,4.25,33977,27,0,0,0.0
P427301,Natural Radiant Longwear Foundation,NARS,Makeup,50.0,3.6654,308305,47,0,0,0.0
P427307,Clarifying Shampoo,Moroccanoil,Hair,26.0,4.1525,14246,38,0,0,0.0
P427310,Curl Enhancing Conditioner,Moroccanoil,Hair,26.0,3.8182,4759,49,0,0,0.0
P427311,Restorative Hair Mask,Moroccanoil,Hair,42.0,4.3989,38517,37,0,0,0.0
P427312,Smoothing Mask,Moroccanoil,Hair,42.0,4.4737,5988,31,0,0,0.0
P427313,Weightless Hydrating Mask,Moroccanoil,Hair,42.0,4.6559,14520,35,0,0,0.0
P427314,Curl Control Mousse,Moroccanoil,Hair,30.0,3.4146,7535,16,0,0,0.0
P427316,Intense Curl Cream,Moroccanoil,Hair,36.0,3.6125,17592,21,0,0,0.0
P427317,Dry Scalp Treatment,Moroccanoil,Hair,40.0,4.4484,25523,16,3,1,0.1875
P427318,Oily Scalp Treatment,Moroccanoil,Hair,40.0,4.5046,9291,25,0,0,0.0
P427319,Blow-Dry Concentrate,Moroccanoil,Hair,30.0,4.5429,17083,20,0,0,0.0
P427320,Luminous Hairspray Medium Hold,Moroccanoil,Hair,26.0,4.3111,16238,15,0,0,0.0
P427321,Root Boost,Moroccanoil,Hair,30.0,4.0167,11899,17,0,0,0.0
P427322,Texture Clay,Moroccanoil,Hair,30.0,4.3571,3423,42,0,0,0.0
P427323,Thickening Lotion,Moroccanoil,Hair,30.0,3.9333,5341,40,1,1,0.025
P427324,Volumizing Mousse,Moroccanoil,Hair,30.0,3.8947,9000,11,0,0,0.0
P427331,Mini Hydrating Shampoo,Moroccanoil,Mini Size,12.0,2.9375,12575,29,0,0,0.0
P427332,Mini Hydrating Conditioner,Moroccanoil,Mini Size,12.0,3.4706,12418,28,0,0,0.0
P427336,Mini Luminous Hairspray Strong Hold,Moroccanoil,Mini Size,12.0,3.1633,12364,9,0,0,0.0
P427338,Mini Smoothing Lotion,Moroccanoil,Mini Size,16.0,3.9583,9555,30,0,0,0.0
P427367,Spice Market Contour Powder & Blush Palette,SEPHORA COLLECTION,Makeup,20.0,4.555,30396,81,0,0,0.0
P427381,Red Roses Body Crème,Jo Malone London,Bath & Body,90.0,4.0,1911,26,0,0,0.0
P427385,Shimmer & Glow Liquid Eye Shadow,stila,Makeup,25.0,4.6466,183848,20,0,0,0.0
P427393,Hyaluronic Marine Dew It Right Eye Gel,Dr. Dennis Gross Skincare,Skincare,55.0,3.5442,12365,37,0,0,0.0
P427397,Hydro Biotic Recovery Sleeping Mask,Dr. Brandt Skincare,Skincare,54.0,4.5788,21773,35,0,0,0.0
P427404,Ascorbyl Tetraisopalmitate Solution 20% in Vitamin F,The Ordinary,Skincare,19.8,3.8193,58355,7,0,0,0.0
P427405,Matrixyl* 10% + HA,The Ordinary,Skincare,10.5,4.3165,83357,17,0,0,0.0
P427406,Glycolic Acid 7% Exfoliating Toning Solution,The Ordinary,Skincare,13.0,4.3456,542743,43,0,0,0.0
P427408,High-Adherence Silicone Primer,The Ordinary,Makeup,6.7,3.902,97414,14,0,0,0.0
P427409,Vitamin C Suspension 30% in Silicone,The Ordinary,Skincare,8.3,3.6345,72633,4,0,0,0.0
P427410,Vitamin C Suspension 23% + HA Spheres 2%,The Ordinary,Skincare,7.8,3.4454,132601,15,0,0,0.0
P427411,Azelaic Acid 10% Suspension Brightening Cream,The Ordinary,Skincare,11.1,4.1578,190367,17,0,0,0.0
P427412,Alpha Arbutin 2% + HA Hyperpigmentation Serum,The Ordinary,Skincare,11.1,4.0411,190345,12,0,0,0.0
P427413,Lactic Acid 10% + HA 2% Exfoliating Serum,The Ordinary,Skincare,8.9,4.5035,295071,16,0,0,0.0
P427414,Natural Moisturizing Factors + HA,The Ordinary,Skincare,6.5,4.1472,258456,46,0,0,0.0
P427415,100% Organic Cold-Pressed Rose Hip Seed Oil,The Ordinary,Skincare,10.9,4.3988,240783,1,0,0,0.0
P427416,Caffeine 5% + EGCG Depuffing Eye Serum,The Ordinary,Skincare,8.9,3.7715,281928,27,0,0,0.0
P427417,Niacinamide 10% + Zinc 1% Oil Control Serum,The Ordinary,Skincare,6.0,4.2439,763168,11,0,0,0.0
P427418,Granactive Retinoid* 2% Emulsion,The Ordinary,Skincare,11.7,4.4548,195325,31,0,0,0.0
P427419,Hyaluronic Acid 2% + B5 Hydrating Serum,The Ordinary,Skincare,15.7,4.2133,720504,18,0,0,0.0
P427420,Multi-Peptide + HA Serum,The Ordinary,Skincare,30.8,4.1429,338410,51,0,0,0.0
P427421,Protini Polypeptide Firming Refillable Moisturizer,Drunk Elephant,Skincare,68.0,3.962,411372,59,0,0,0.0
P427430,Skin Long-Wear Weightless Foundation SPF 15,Bobbi Brown,Makeup,52.0,4.4647,79100,32,0,0,0.0
P427513,Perfectionist Pro Rapid Firm + Lift Treatment,Estée Lauder,Skincare,86.0,4.0,4615,88,0,0,0.0
P427514,Beard Wash,Jack Black,Men,19.0,4.8571,2813,42,0,0,0.0
P427516,Arch Brow Volumizing Fiber Gel,Hourglass,Makeup,29.0,4.5323,35876,19,0,0,0.0
P427517,BADgal BANG! Volumizing Mascara,Benefit Cosmetics,Makeup,28.0,3.7636,107810,34,0,0,0.0
P427525,Clay Play Face Shaping Palette II,tarte,Makeup,49.0,4.1957,37111,256,0,0,0.0
P427527,Vanish Flash Highlighting Stick,Hourglass,Makeup,46.0,4.5407,55328,16,0,0,0.0
P427529,Powerful-Strength Vitamin C Serum,Kiehl's Since 1851,Skincare,78.0,3.6684,45478,1,0,0,0.0
P427536,The Deep Cleanse Gentle Exfoliating Cleanser,Tatcha,Skincare,40.0,4.1478,245976,22,0,0,0.0
P427600,Chrome Paint Shadow Pot,tarte,Makeup,22.0,4.6314,95968,8,0,0,0.0
P427605,Arch Brow Shaping Gel,Hourglass,Makeup,29.0,4.3797,4963,10,0,0,0.0
P427607,Wisteria Blue Eau de Parfum Travel Spray,NEST New York,Fragrance,30.0,4.3288,6276,18,0,0,0.0
P427608,Wisteria Blue Eau de Parfum,NEST New York,Fragrance,86.0,4.5208,8765,18,0,0,0.0
P427638,Nutrient-Charged Water Gel,Murad,Skincare,71.0,4.4755,21135,71,0,0,0.0
P427640,DayWear Eye Cooling Anti-Oxidant Moisture GelCreme,Estée Lauder,Skincare,46.0,4.2727,2157,41,0,0,0.0
P427641,Mini Confidence in a Cream Hydrating Moisturizer,IT Cosmetics,Skincare,20.0,3.6809,13406,39,0,0,0.0
P427647,Artist Color Eye Shadow,MAKE UP FOR EVER,Makeup,19.0,4.2577,232369,27,0,0,0.0
P427652,Gen Nude Powder Blush,bareMinerals,Makeup,26.0,4.6062,31318,21,0,0,0.0
P427703,Volume Spray,OUAI,Hair,26.0,4.1534,28622,22,0,0,0.0
P427712,"Mini Precisely, My Brow Pencil Waterproof Eyebrow Definer",Benefit Cosmetics,Mini Size,15.0,4.4663,92185,27,0,0,0.0
P427715,Scalp Revival Charcoal + Coconut Oil Micro-exfoliating Shampoo Mini,Briogeo,Hair,15.0,3.6965,41332,27,0,0,0.0
P427718,"Don’t Despair, Repair! Super Moisture Shampoo for Damaged Hair",Briogeo,Hair,39.0,4.1077,50461,35,0,0,0.0
P427722,Glisten + Glow Highlighting Skin Illuminator,lilah b.,Makeup,32.0,4.4722,12150,34,0,0,0.0
P427729,Capture Youth Age-Delay Advanced Crème,Dior,Skincare,110.0,3.9219,7745,41,0,0,0.0
P427731,Capture Youth Glow Booster Age-Delay Illuminating Serum,Dior,Skincare,110.0,4.6667,0,21,0,0,0.0
P427732,Capture Youth Plump Filler Age-Delay Plumping Serum,Dior,Skincare,110.0,4.0,0,23,0,0,0.0
P427916,Powder Bronzer,Anastasia Beverly Hills,Makeup,28.0,4.5012,44106,24,0,0,0.0
P428005,NuBODY Skin Toning Device,NuFACE,Skincare,399.0,4.25,6851,26,0,0,0.0
P428037,Mini Hangover 3-in-1 Replenishing Primer & Setting Spray,Too Faced,Mini Size,18.0,4.2667,9991,28,0,0,0.0
P428060,Mini Detox Dry Shampoo,Drybar,Mini Size,14.0,3.5769,6534,29,0,0,0.0
P428061,Vita Rejuvenating Anti-Aging Hair Mask,Rossano Ferretti Parma,Hair,72.0,3.7273,698,42,0,0,0.0
P428062,Favoloso Volumizing Mousse,Rossano Ferretti Parma,Hair,50.0,4.1111,731,28,0,0,0.0
P428063,Vita Rejuvenating Anti-Aging Shampoo,Rossano Ferretti Parma,Hair,52.0,4.5556,637,43,0,0,0.0
P428074,CAVIAR Anti-Aging Smoothing Anti-Frizz Shampoo,ALTERNA Haircare,Hair,35.0,4.3879,2410,54,0,0,0.0
P428075,CAVIAR Anti-Aging Smoothing Anti-Frizz Conditioner,ALTERNA Haircare,Hair,36.0,4.1518,1991,57,0,0,0.0
P428076,CAVIAR Anti-Aging Smoothing Anti-Frizz Blowout Butter,ALTERNA Haircare,Hair,35.0,4.1298,8213,43,0,0,0.0
P428095,Ready Steady Glow Daily AHA Tonic,REN Clean Skincare,Skincare,40.0,4.143,76269,16,0,0,0.0
P428100,Potent-C Vitamin C Power Serum,Peter Thomas Roth,Skincare,105.0,4.0276,30830,29,0,0,0.0
P428103,Ultimate Revival Essence,SK-II,Skincare,315.0,4.5455,3863,14,0,0,0.0
P428119,In A Dream World Iridescent Sheer Gloss,INC.redible,Makeup,13.0,4.1429,13949,21,0,0,0.0
P428120,Jelly Shot,INC.redible,Makeup,10.0,2.5202,43760,13,0,0,0.0
P428123,Hashtag - PRO Eyeshadow Palette,Violet Voss,Makeup,45.0,4.5527,43353,18,0,0,0.0
P428222,Detangling and Frizz Fighting Leave In Conditioner,OUAI,Hair,30.0,3.9394,120959,61,0,0,0.0
P428224,No. 3 Hair Repair Perfector,Olaplex,Hair,30.0,4.328,527201,27,0,0,0.0
P428235,Luminous Blur Stick Primer,MILK MAKEUP,Makeup,36.0,4.1845,30932,17,0,0,0.0
P428240,Calm Water Gel Moisturizer,Dermalogica,Skincare,55.0,4.3562,8686,26,0,0,0.0
P428250,Oil-Absorbing Pore Treatment Strips,Peace Out,Skincare,19.0,3.975,102327,3,0,0,0.0
P428255,Capture Youth Serum Collection,Dior,Skincare,110.0,4.2434,47079,21,0,0,0.0
P428414,Skin Saviors,Jack Black,Skincare,37.0,4.5,8231,118,0,0,0.0
P428416,Honey Butter Beeswax Lip Balm,Farmacy,Skincare,12.0,4.2551,55236,22,0,0,0.0
P428422,Oil Control Blotting Paper,Shiseido,Skincare,20.0,3.9697,4649,15,0,0,0.0
P428423,Refreshing Cleansing Sheets,Shiseido,Skincare,20.0,4.1765,5363,22,0,0,0.0
P428439,Nectar,Commodity,Fragrance,135.0,4.1905,4575,10,0,0,0.0
P428440,Velvet Expressive Travel Spray,Commodity,Fragrance,25.0,4.5263,4595,8,0,0,0.0
P428441,Velvet Expressive,Commodity,Fragrance,135.0,4.4359,4134,8,0,0,0.0
P428442,Maya Rollerball,TOCCA,Fragrance,27.0,4.3846,3764,8,0,0,0.0
P428443,Maya,TOCCA,Fragrance,27.0,4.0154,4297,8,0,0,0.0
P428446,Legend Night,Montblanc,Fragrance,78.0,4.875,1281,15,0,0,0.0
P428450,Nomade Eau de Parfum Travel Spray,Chloé,Fragrance,38.0,4.3566,19606,29,0,0,0.0
P428451,Nomade Eau de Parfum,Chloé,Fragrance,147.0,4.3566,28064,29,0,0,0.0
P428452,Eau de Soleil Blanc,TOM FORD,Fragrance,150.0,4.165,23309,16,0,0,0.0
P428454,Hibiscus Palm Eau de Parfum,AERIN,Fragrance,145.0,4.3333,8201,21,0,0,0.0
P428500,Sauvage Eau de Parfum,Dior,Fragrance,120.0,4.5798,36609,19,0,0,0.0
P428505,Mini BADgal BANG! Volumizing Mascara,Benefit Cosmetics,Mini Size,15.0,3.8187,40352,34,0,0,0.0
P428636,Mini The Cleansing Foam,La Mer,Skincare,25.0,3.6087,8063,54,0,0,0.0
P428637,Mini The Lifting and Firming Mask,La Mer,Skincare,95.0,4.3636,7589,103,0,0,0.0
P428639,Mini The Renewal Oil,La Mer,Skincare,145.0,4.3077,6304,70,0,0,0.0
P428661,The Silk Canvas Protective Primer,Tatcha,Makeup,54.0,4.0885,185135,36,0,0,0.0
P428662,Pop Splash Lip Gloss,CLINIQUE,Makeup,20.0,4.373,25819,46,0,0,0.0
P428668,Baggage Claim Eye Masks,Wander Beauty,Skincare,26.0,4.0796,47687,41,0,0,0.0
P428669,Petit PRO 2 Eyeshadow Palette,Viseart,Makeup,30.0,3.8247,23624,16,0,0,0.0
P428673,Nude Metallics For Eyes,NUDESTIX,Makeup,30.0,4.0865,55750,63,0,0,0.0
P428676,Ultra HD Soft Light Liquid Highlighter,MAKE UP FOR EVER,Makeup,29.0,4.3239,8166,24,0,0,0.0
P428677,Ultra HD Underpainting Color Correction Palette,MAKE UP FOR EVER,Makeup,42.0,4.1087,23037,148,0,0,0.0
P428686,Twilly d’Hermès Body Shower Cream,HERMÈS,Bath & Body,62.0,3.0,762,23,0,0,0.0
P428696,Vanille Fatale,TOM FORD,Fragrance,295.0,3.65,8796,21,0,0,0.0
P428704,Jasmine Neroli Eau de Parfum,The 7 Virtues,Fragrance,88.0,4.3362,5189,19,0,0,0.0
P428705,Jasmine Neroli Eau de Parfum Rollerball,The 7 Virtues,Fragrance,32.0,4.3362,5719,19,0,0,0.0
P428706,Orange Blossom Eau de Parfum,The 7 Virtues,Fragrance,88.0,4.3131,4948,13,0,0,0.0
P428707,Orange Blossom Eau de Parfum Rollerball,The 7 Virtues,Fragrance,32.0,4.3131,6313,13,0,0,0.0
P428708,Patchouli Citrus Eau de Parfum,The 7 Virtues,Fragrance,88.0,4.3093,3882,15,0,0,0.0
P428709,Patchouli Citrus Eau de Parfum Rollerball,The 7 Virtues,Fragrance,32.0,4.3093,4093,15,0,0,0.0
P428711,Rose Amber Eau de Parfum,The 7 Virtues,Fragrance,88.0,4.3977,5244,13,0,0,0.0
P428712,Rose Amber Eau de Parfum Rollerball,The 7 Virtues,Fragrance,32.0,4.3977,4684,13,0,0,0.0
P428713,Vanilla Woods Eau de Parfum,The 7 Virtues,Fragrance,88.0,4.3717,72345,6,0,0,0.0
P428714,Vanilla Woods Eau de Parfum Rollerball,The 7 Virtues,Fragrance,32.0,4.3717,49498,6,0,0,0.0
P428715,Vetiver Elemi Eau de Parfum,The 7 Virtues,Fragrance,88.0,4.4478,3062,11,0,0,0.0
P428816,Noni Radiant Brightening Eye Oil,KORA Organics,Skincare,42.0,3.7915,24957,19,0,0,0.0
P428817,Shea Shower Oil,L'Occitane,Bath & Body,29.0,3.9677,7508,21,0,0,0.0
P428819,Watermelon Pink Juice Oil-Free Moisturizer,Glow Recipe,Skincare,39.0,3.9995,162336,24,0,0,0.0
P428823,SKIN FEELS GOOD Tinted Moisturizer with SPF 23,Lancôme,Makeup,37.0,4.2722,45277,29,0,0,0.0
P428901,Custom Match Stix Trio,Fenty Beauty by Rihanna,Makeup,32.0,,0,30,0,0,0.0
P428908,Brow Sculptor,TOM FORD,Makeup,56.0,4.5911,7354,13,0,0,0.0
P429007,Southern Belle Volume-Boosting Root Lifter,Drybar,Hair,29.0,3.4144,6734,29,0,0,0.0
P429008,Stay All Day Waterproof Liquid Eye Liner - Micro Tip,stila,Makeup,24.0,4.0805,26788,18,0,0,0.0
P429018,Ultra Shine Lip Color,TOM FORD,Makeup,59.0,4.6596,34411,42,0,0,0.0
P429021,Super Fan Lash Lengthening Mascara,Smashbox,Makeup,28.0,4.2082,16780,45,0,0,0.0
P429043,LUXE+ Advanced Sonic Dermaplaning + Peach Fuzz Removal,DERMAFLASH,Skincare,199.0,3.9735,37545,5,3,1,0.6
P429050,Flawless Fusion Ultra Longwear Concealer,Laura Mercier,Makeup,33.0,4.4189,93565,35,0,0,0.0
P429076,Eau de citron noir Eau de Cologne,HERMÈS,Fragrance,104.0,4.5556,2177,16,0,0,0.0
P429078,Reserve - Acqua Neroli Travel Spray,CLEAN RESERVE,Fragrance,29.0,4.4667,10993,12,0,0,0.0
P429079,Reserve - Acqua Neroli,CLEAN RESERVE,Fragrance,110.0,4.1514,11079,12,0,0,0.0
P429082,Flowerbomb Nectar,Viktor&Rolf,Fragrance,132.0,4.4426,41686,15,0,0,0.0
P429242,Clear Sunscreen Stick SPF 50+,Shiseido,Skincare,30.0,4.6566,74272,27,0,0,0.0
P429250,Cicapair  Tiger Grass Camo Drops Color Corrector SPF 35,Dr. Jart+,Skincare,48.0,4.1395,62298,77,0,0,0.0
P429254,Mini Dry Body Oil,Moroccanoil,Bath & Body,29.0,4.5,9361,12,0,0,0.0
P429263,Direct Flight Multi-Tasking Dry Shampoo,IGK,Hair,32.0,3.2,3997,25,0,0,0.0
P429264,First Class Charcoal Detox Dry Shampoo,IGK,Hair,32.0,4.2049,35043,24,0,0,0.0
P429265,Mini Direct Flight Multi-Tasking Dry Shampoo,IGK,Mini Size,16.0,3.2222,2005,24,0,0,0.0
P429266,Mini First Class Charcoal Detox Dry Shampoo,IGK,Mini Size,16.0,3.9448,11323,23,0,0,0.0
P429271,Diamond Glow Powder,Artist Couture,Makeup,27.0,4.5736,65209,6,0,0,0.0
P429277,Effortless - No Trim - Natural Lash Collection,Velour Lashes,Makeup,26.0,4.4301,68879,2,0,0,0.0
P429278,Effortless Kit - No Trim No Measure Natural Lash Kit,Velour Lashes,Makeup,29.0,3.9385,48693,4,0,0,0.0
P429291,Fucking Fabulous,TOM FORD,Fragrance,395.0,3.9544,34439,19,0,0,0.0
P429405,PERMA PRECISION Liquid Eyeliner,PAT McGRATH LABS,Makeup,34.0,3.7236,22438,21,0,0,0.0
P429419,Jasmine Sambac & Marigold Cologne Intense,Jo Malone London,Fragrance,220.0,4.52,9381,16,0,0,0.0
P429430,Diorshow Pump'N'Volume Waterproof Mascara,Dior,Makeup,29.5,2.9111,3580,28,0,0,0.0
P429434,You Glow Girl Iridescent Jelly,INC.redible,Makeup,12.0,3.8776,27977,11,0,0,0.0
P429440,Monsieur Big Waterproof Mascara,Lancôme,Makeup,30.0,4.1268,22532,39,0,0,0.0
P429504,Extra-Firming & Smoothing Night Moisturizer,Clarins,Skincare,98.0,4.25,5829,36,0,0,0.0
P429508,Sunless Tan Dry Body Oil Mist,COOLA,Skincare,46.0,4.3478,2101,24,0,0,0.0
P429515,C-Tango Vitamin C Eye Cream,Drunk Elephant,Skincare,64.0,3.7473,124160,78,0,0,0.0
P429516,Full Spectrum 360° Sun Silk Drops Organic Sunscreen SPF 30,COOLA,Skincare,48.0,4.4205,41546,30,0,0,0.0
P429522,Super Fluid Daily UV Defense Sunscreen Broad Spectrum SPF 50+,Kiehl's Since 1851,Skincare,68.0,3.6048,18993,24,0,0,0.0
P429526,Multi-Vitamin Infusion Oil,Murad,Skincare,85.0,4.4272,5518,28,3,1,0.10714285714285714
P429529,Sheet Masks,Dr. Jart+,Skincare,7.0,4.2176,77748,36,0,0,0.0
P429538,Lotus Youth Preseve Rescue Mask Mini,fresh,Skincare,28.0,4.2667,0,55,0,0,0.0
P429548,True Skin Medium Coverage Serum Foundation with Niacinamide,ILIA,Makeup,54.0,4.332,113034,41,0,0,0.0
P429602,Natural Eyes Eyeshadow Palette,Too Faced,Makeup,44.0,4.3351,84383,238,0,0,0.0
P429604,Natural Face Palette,Too Faced,Makeup,44.0,4.5449,62747,166,0,0,0.0
P429612,SEA H2O Lip Gloss,tarte,Makeup,19.0,4.2838,80397,33,0,0,0.0
P429619,Intoxicated,KILIAN Paris,Fragrance,275.0,3.9231,8498,17,0,0,0.0
P429620,"Love, Don't be Shy Mini Spray Set",KILIAN Paris,Fragrance,215.0,3.8857,15711,14,0,0,0.0
P429621,"Love, Don't Be Shy",KILIAN Paris,Fragrance,275.0,3.6656,93308,14,0,0,0.0
P429623,Moonlight in Heaven,KILIAN Paris,Fragrance,275.0,3.2105,6033,23,0,0,0.0
P429625,Vodka on the Rocks,KILIAN Paris,Fragrance,275.0,4.3333,3040,12,0,0,0.0
P429626,"Black Phantom - ""Memento Mori"" Mini Spray Set",KILIAN Paris,Fragrance,215.0,4.125,4058,5,0,0,0.0
P429627,"Black Phantom - ""Memento Mori""",KILIAN Paris,Fragrance,275.0,4.2759,14688,5,0,0,0.0
P429629,"Straight To Heaven, White Cristal",KILIAN Paris,Fragrance,275.0,4.0526,6995,7,0,0,0.0
P429630,Good Girl Gone Bad by KILIAN Mini Spray Set,KILIAN Paris,Fragrance,215.0,4.6429,8587,16,0,0,0.0
P429631,Good Girl Gone Bad by KILIAN,KILIAN Paris,Fragrance,275.0,4.2139,25783,17,0,0,0.0
P429637,The Moisturizing Cool Gel Cream,La Mer,Skincare,200.0,3.6788,8727,55,0,0,0.0
P429659,Squalane + Hyaluronic Toning Mist,Biossance,Skincare,32.0,4.2551,28719,32,0,0,0.0
P429661,pores no more Mattifying Hydrator Pore Minimizing Gel,Dr. Brandt Skincare,Skincare,50.0,4.2039,6925,37,0,0,0.0
P429662,pores no more Vacuum Cleaner Pore Purifying Mask,Dr. Brandt Skincare,Skincare,44.0,3.887,16237,28,3,1,0.10714285714285714
P429675,Hydra Life Balancing Hydration 2 in 1 Sorbet Water,Dior,Skincare,45.0,3.7692,2966,27,0,0,0.0
P429676,Hydra Life Cooling Hydration Sorbet Eye Gel,Dior,Skincare,60.0,3.3226,6630,32,0,0,0.0
P429683,Self Tan Purity Bronzing Water Mousse,St. Tropez,Skincare,44.0,3.8312,9236,18,0,0,0.0
P429692,COCO MADEMOISELLE Eau de Parfum Intense,CHANEL,Fragrance,128.0,4.3708,49313,20,0,0,0.0
P429716,Mini Mistress Hydrating Hair Balm,IGK,Mini Size,16.0,4.137,10123,20,0,0,0.0
P429720,Diorshow On Stage Waterproof Liquid Eyeliner,Dior,Makeup,32.0,3.432,25849,24,0,0,0.0
P429903,KUSH High Volumizing Mascara,MILK MAKEUP,Makeup,28.0,3.8976,130385,30,0,0,0.0
P429905,Mini Dandelion Twinkle Highlighter,Benefit Cosmetics,Mini Size,18.0,3.8654,25362,34,0,0,0.0
P429909,Cali Contour Face Palette,Smashbox,Makeup,43.0,4.6478,79413,112,0,0,0.0
P429910,Always On Liquid Eyeliner,Smashbox,Makeup,23.0,3.1277,6000,15,0,0,0.0
P429952,Jet Lag Mask,Summer Fridays,Skincare,49.0,4.0262,245435,33,0,0,0.0
P429953,Glow Stick Sunscreen SPF 50 PA++++,Supergoop!,Skincare,26.0,3.6587,72075,20,0,0,0.0
P429954,Clarifying Blemish & Oil Control Cleanser,Tata Harper,Skincare,88.0,3.9476,19570,44,0,0,0.0
P429970,Dolce Garden Travel Spray,Dolce&Gabbana,Fragrance,29.0,4.3333,8832,17,0,0,0.0
P429971,Dolce Garden,Dolce&Gabbana,Fragrance,29.0,4.6193,20120,17,0,0,0.0
P429981,Dylan Blue Pour Femme,Versace,Fragrance,98.0,4.1516,36867,22,0,0,0.0
P430124,Terracotta Light Healthy Glow Bronzer,GUERLAIN,Makeup,59.0,4.2647,19012,28,0,0,0.0
P430127,Essence Absolue Overnight Nourishing Hair Treatment,shu uemura,Hair,69.0,4.6262,8880,16,0,0,0.0
P430143,Mini Confidence in a Cleanser,IT Cosmetics,Skincare,15.0,4.1667,2196,70,0,0,0.0
P430146,Superberry Hydrate + Glow Dream Oil,Youth To The People,Skincare,48.0,4.5094,109521,25,0,0,0.0
P430174,Gentleman Eau de Parfum,Givenchy,Fragrance,124.0,4.7407,3041,18,0,0,0.0
P430238,Veil Retouching Fluid,Hourglass,Makeup,36.0,3.9386,18479,39,3,1,0.07692307692307693
P430240,Veil Translucent Setting Powder - Talc Free,Hourglass,Makeup,49.0,4.5108,122040,12,0,0,0.0
P430337,C-Rush Vitamin C Gel Moisturizer,OLEHENRIKSEN,Skincare,51.0,4.3404,105730,47,0,0,0.0
P430338,Extra-Firming & Smoothing Day Moisturizer with SPF 15,Clarins,Skincare,93.0,4.0417,5420,45,0,0,0.0
P430348,Acqua di Gio Absolu,Armani Beauty,Fragrance,126.0,4.6763,5815,17,0,0,0.0
P430405,Mini The Moisturizing Cool Gel Cream,La Mer,Skincare,100.0,4.3,3320,55,0,0,0.0
P430718,"Super Pomade Vegan Eyeliner, Shadow & Brow Pigment",KVD Beauty,Makeup,25.0,4.6512,117427,20,0,0,0.0
P430809,THE ESSENTIALS Sonic Dermaplaning Refill Kit,DERMAFLASH,Skincare,87.0,4.3125,8018,5,3,1,0.6
P430812,Max Mineral Tinted Sunscreen Broad Spectrum SPF 45,Peter Thomas Roth,Skincare,38.0,4.2035,17046,38,0,0,0.0
P430813,Advanced Génifique Hydrogel Melting Mask,Lancôme,Skincare,15.0,4.0833,13528,40,0,0,0.0
P430818,SEA Mermaid Skin Hyaluronic H2O Serum,tarte,Skincare,15.0,4.1093,20912,9,0,0,0.0
P430845,Mixed Feelings Purple Leave-In Blonde Toning Drops,IGK,Hair,29.0,4.3454,25549,26,0,0,0.0
P430851,Air Dry Foam,OUAI,Hair,28.0,3.8423,28597,22,0,0,0.0
P430871,Sì Passione Eau de Parfum,Armani Beauty,Fragrance,122.0,4.6165,34799,15,0,0,0.0
P430903,Watermelon Brightening Serum,MILK MAKEUP,Skincare,36.0,3.7258,38968,46,0,0,0.0
P430909,Black Orchid Eau de Parfum Travel Spray,TOM FORD,Fragrance,50.0,4.2191,19060,20,0,0,0.0
P430910,Velvet Orchid Travel Spray,TOM FORD,Fragrance,50.0,4.3795,16789,29,0,0,0.0
P430912,Noir Extreme Travel Spray,TOM FORD,Fragrance,49.0,4.2857,2231,20,0,0,0.0
P430932,Sephora Colorful Eyeshadow,SEPHORA COLLECTION,Makeup,10.0,3.7494,437510,21,0,0,0.0
P430966,Deborah Lippmann Hyper Vibes - Gel Lab Pro Color,Deborah Lippmann,Makeup,20.0,4.1538,8433,37,0,0,0.0
P430969,"Artist Color Pencil Brow, Eye & Lip Liner",MAKE UP FOR EVER,Makeup,22.0,4.2698,303646,25,0,0,0.0
P431104,Listen Hard Girl Neon Lip Paint,INC.redible,Makeup,10.0,3.4848,6303,26,0,0,0.0
P431151,Daisy Love Eau de Toilette,Marc Jacobs Fragrances,Fragrance,128.0,4.5216,38065,27,0,0,0.0
P431153,Daisy Love Eau de Toilette Pen Spray,Marc Jacobs Fragrances,Fragrance,34.0,4.5216,15857,27,0,0,0.0
P431155,MYTH Eau de Parfum Travel Spray,Ellis Brooklyn,Fragrance,32.0,4.2647,6302,18,0,0,0.0
P431156,RROSE Eau de Parfum Travel Spray,Ellis Brooklyn,Fragrance,32.0,5.0,0,16,0,0,0.0
P431157,Antidris Cassis Eau de Parfum,Maison Louis Marie,Fragrance,93.0,3.7778,2000,27,0,0,0.0
P431158,Antidris Cassis Perfume Oil,Maison Louis Marie,Bath & Body,65.0,3.8824,2226,24,0,0,0.0
P431160,No.04 Bois de Balincourt Eau de Parfum,Maison Louis Marie,Fragrance,93.0,3.872,20350,53,0,0,0.0
P431161,No.04 Bois de Balincourt Perfume Oil,Maison Louis Marie,Fragrance,65.0,4.0769,24710,9,0,0,0.0
P431163,No.02 Le Long Fond Eau de Parfum,Maison Louis Marie,Fragrance,93.0,4.0,1285,107,0,0,0.0
P431164,No.02 Le Long Fond Perfume Oil,Maison Louis Marie,Bath & Body,65.0,4.45,3431,10,0,0,0.0
P431166,No.05 Kandilli Perfume Oil,Maison Louis Marie,Bath & Body,65.0,3.5455,2232,16,0,0,0.0
P431167,No.09 Vallée de Farney Perfume Oil,Maison Louis Marie,Bath & Body,65.0,4.1111,2688,14,0,0,0.0
P431168,No.09 Vallée de Farney Eau de Parfum,Maison Louis Marie,Fragrance,93.0,4.5217,4445,63,0,0,0.0
P431180,Self Tanning Bronzing Face Drops,Isle of Paradise,Skincare,32.0,3.9547,209716,28,0,0,0.0
P431181,Self-Tanning Water,Isle of Paradise,Skincare,32.0,3.712,73112,32,0,0,0.0
P431187,Clean Bee Ultra Gentle Facial Cleanser,Farmacy,Skincare,28.0,4.0341,52562,46,0,0,0.0
P431192,Curl Corps Curl Enhancing Hair Gel,amika,Hair,28.0,4.2192,14341,30,1,1,0.03333333333333333
P431193,Curl Corps Curl Defining Cream,amika,Hair,28.0,4.1951,19111,38,0,0,0.0
P431196,Normcore Sulfate Free Shampoo,amika,Hair,23.0,3.3309,22389,25,0,0,0.0
P431197,Normcore Hydrating Conditioner,amika,Hair,23.0,3.6875,19943,27,0,0,0.0
P431232,Moscow Mule,Juliette Has a Gun,Fragrance,140.0,3.519,10409,7,0,0,0.0
P431233,Moscow Mule Travel Spray,Juliette Has a Gun,Fragrance,30.0,3.8,0,7,0,0,0.0
P431416,The Replenishing Oil Exfoliator,La Mer,Skincare,135.0,4.6596,8653,53,0,0,0.0
P431418,Disco Tan Instant Wash-Off Body Bronzer,Isle of Paradise,Skincare,24.0,3.5,5272,28,0,0,0.0
P431419,Over It Magic Self-Tan Eraser,Isle of Paradise,Skincare,30.0,3.04,5750,23,0,0,0.0
P431440,Miss Dior Body Oil,Dior,Bath & Body,70.0,3.6429,6021,35,0,0,0.0
P431441,Leila Lou Perfume,By Rosie Jane,Fragrance,70.0,4.4725,7507,20,0,0,0.0
P431443,James Perfume,By Rosie Jane,Fragrance,70.0,4.5957,4050,26,0,0,0.0
P431444,Rosie Perfume,By Rosie Jane,Fragrance,70.0,4.4498,4794,5,0,0,0.0
P431455,All Nighter Waterproof Setting Powder,Urban Decay,Makeup,35.0,4.1881,34825,15,0,0,0.0
P431505,Mini Vitamin Enriched Face Base Priming Moisturizer,Bobbi Brown,Mini Size,24.0,4.5871,85824,34,0,0,0.0
P431509,Aqua Foundation,Koh Gen Do,Makeup,96.0,3.9848,17605,60,0,0,0.0
P431511,L'Absolu Lacquer Long-Lasting Liquid Lipstick,Lancôme,Makeup,32.0,4.2708,71038,37,0,0,0.0
P431542,"Superfoods Apple, Matcha + Kale Replenishing Shampoo + Conditioner Duo",Briogeo,Hair,52.0,4.0365,34319,74,0,0,0.0
P431543,Superfoods Matcha + Apple Replenishing Shampoo,Briogeo,Hair,30.0,3.7602,18032,26,0,0,0.0
P431544,Superfoods Kale + Apple Replenishing Conditioner,Briogeo,Hair,30.0,4.3213,15186,32,0,0,0.0
P431565,1 Million Lucky Eau de Toilette,Paco Rabanne,Fragrance,106.0,4.5515,5151,17,0,0,0.0
P431722,Dry Shampoo for Dark Hair,Verb,Hair,20.0,4.1961,10698,33,0,0,0.0
P431723,Dry Shampoo for Light Hair,Verb,Hair,20.0,4.5399,8971,32,0,0,0.0
P431732,Charcoal Body Bar Massaging Soap,Jack Black,Bath & Body,16.0,4.72,3352,29,0,0,0.0
P431733,Epidermal Re-Texturizing Micro-Dermabrasion,Kiehl's Since 1851,Skincare,46.0,4.6173,17152,17,0,0,0.0
P431735,Mini Ultimate Strength Hand Salve,Kiehl's Since 1851,Bath & Body,22.0,4.6411,17000,44,0,0,0.0
P431738,Clinique For Men Anti-Aging Starter Kit,CLINIQUE,Men,17.0,3.0,4238,87,0,0,0.0
P431750,Limitless Lash Lengthening Clean Mascara,ILIA,Makeup,28.0,4.2482,229614,26,0,0,0.0
P431758,Tinted Blur Foundation Stick,NUDESTIX,Makeup,32.0,3.6797,32176,22,0,0,0.0
P431765,Leila Lou Perfume Travel Spray,By Rosie Jane,Fragrance,28.0,4.2931,5363,20,0,0,0.0
P431767,James Perfume Travel Spray,By Rosie Jane,Fragrance,28.0,4.0833,2776,28,0,0,0.0
P431768,Rosie Perfume Travel Spray,By Rosie Jane,Fragrance,28.0,3.6111,3365,5,0,0,0.0
P431840,Coconut Milk Bath Soak,Herbivore,Skincare,22.0,3.5497,31953,40,0,0,0.0
P431845,AHA Smart Renewal Body Serum,REN Clean Skincare,Bath & Body,46.0,3.9149,25308,31,0,0,0.0
P431847,Glow Sweet Glow - Skin Hydration Vegan Gummies with Hyaluronic Acid & Vitamin C + E,HUM Nutrition,Skincare,26.0,4.107,18297,11,0,0,0.0
P431848,Cold Plunge Pore Mask,OLEHENRIKSEN,Skincare,41.0,4.5335,102859,31,3,1,0.0967741935483871
P431852,LUST: Lip Gloss,PAT McGRATH LABS,Makeup,29.0,4.5563,207742,25,0,0,0.0
P431915,Dylan Blue Pour Femme Travel Spray,Versace,Fragrance,32.0,4.1176,4226,22,0,0,0.0
P432032,Protect & Prevent Spray,Moroccanoil,Hair,30.0,4.5935,25280,38,0,0,0.0
P432045,GENIUS Liquid Collagen Lip Treatment,Algenist,Skincare,29.0,3.8721,44448,38,0,0,0.0
P432048,Resurfacing AHA + BHA Serum,Tata Harper,Skincare,92.0,4.2562,18261,53,0,0,0.0
P432049,SuperYou Daily Stress Management,Moon Juice,Skincare,49.0,4.5584,17924,11,0,0,0.0
P432053,Multivitamins 15% Vitamin C + Retinol Mini Set,Sunday Riley,Skincare,28.0,3.8481,54878,43,0,0,0.0
P432059,Rose Gold REMASTERED Eyeshadow Palette,HUDA BEAUTY,Makeup,65.0,3.8943,89849,164,0,0,0.0
P432076,LashCraft Eyelash Primer,SEPHORA COLLECTION,Makeup,12.0,3.7059,9169,37,0,0,0.0
P432077,Beauty Amplifier Pore Primer,SEPHORA COLLECTION,Makeup,14.0,3.6716,20125,28,0,0,0.0
P432078,LashCraft Have It All Mascara,SEPHORA COLLECTION,Makeup,12.0,2.2622,8251,22,0,0,0.0
P432079,Golden Hour Liquid Highlighter,SEPHORA COLLECTION,Makeup,14.0,4.0139,13118,29,0,0,0.0
P432080,Melting Lip Clicks Lip Balm,SEPHORA COLLECTION,Makeup,14.0,4.5631,70168,19,0,0,0.0
P432087,L'Homme Cologne Bleue,Yves Saint Laurent,Fragrance,89.0,4.6071,6318,16,0,0,0.0
P432089,BLEU DE CHANEL PARFUM,CHANEL,Fragrance,144.0,4.9091,11686,18,0,0,0.0
P432231,Hypno Highlight Creamy Shimmer Strobe,INC.redible,Makeup,10.0,2.0,1759,20,0,0,0.0
P432232,Mini KUSH High Volumizing Mascara,MILK MAKEUP,Mini Size,15.0,3.7667,65563,30,0,0,0.0
P432239,Buttermask Intense Repair Lip Treatment,Kiehl's Since 1851,Skincare,28.0,4.0419,40755,24,0,0,0.0
P432240,Oil-Control Toner,Jack Black,Skincare,25.0,2.0,473,35,3,1,0.08571428571428572
P432241,Dramatically Different Hydrating Jelly,CLINIQUE,Skincare,45.0,3.8743,32096,30,0,0,0.0
P432242,Blackhead Solutions 7 Day Deep Pore Cleanse & Face Scrub,CLINIQUE,Skincare,26.5,4.1125,24438,25,0,0,0.0
P432243,Blackhead Solutions Self-heating Blackhead Extractor,CLINIQUE,Skincare,32.0,3.0859,33034,20,0,0,0.0
P432255,Mini Black Tea Firming Overnight Mask,fresh,Skincare,40.0,4.0,0,53,0,0,0.0
P432256,Mini Black Tea Instant Perfecting Mask,fresh,Skincare,40.0,4.3571,9725,49,0,0,0.0
P432262,Self Tan Purity Bronzing Water Face Mist,St. Tropez,Skincare,33.0,3.88,33699,27,0,0,0.0
P432283,Mini Protect & Prevent Spray,Moroccanoil,Mini Size,14.0,3.6765,16793,38,0,0,0.0
P432284,The Curler Lengthening and Curling Mascara,Yves Saint Laurent,Makeup,29.0,4.2586,15238,38,0,0,0.0
P432298,Born This Way Super Coverage Multi-Use Longwear Concealer,Too Faced,Makeup,34.0,4.339,501464,33,0,0,0.0
P432418,Bright Crystal Absolu Ovetto Spray,Versace,Fragrance,33.0,4.4516,13467,17,0,0,0.0
P432419,Dylan Blue Pour Femme Ovetto Spray,Versace,Fragrance,33.0,4.4231,18576,22,0,0,0.0
P432421,SUPERMASK - The Charcoal Mask,SEPHORA COLLECTION,Skincare,5.5,3.7614,16867,26,0,0,0.0
P432500,BACKSTAGE Face & Body Foundation,Dior,Makeup,40.0,4.3445,329288,30,0,0,0.0
P432502,BACKSTAGE Glow Face Palette,Dior,Makeup,45.0,4.5317,229844,90,0,0,0.0
P432504,BACKSTAGE Eyeshadow Palette,Dior,Makeup,49.0,4.2467,201544,183,0,0,0.0
P432622,’REPLICA’ By The Fireplace Travel Spray,Maison Margiela,Fragrance,35.0,4.3562,38419,19,0,0,0.0
P432630,24/7 Glide-On Eye Pencil - Born To Run Collection,Urban Decay,Makeup,25.0,4.4167,28895,35,0,0,0.0
P432662,Rose Quartz Facial Roller,Herbivore,Skincare,40.0,3.0952,14116,63,0,0,0.0
P432664,Instant Hero Skin Perfector,TAN-LUXE,Bath & Body,36.0,3.4545,3205,30,0,0,0.0
P432665,Glyco Water Self-Tan Eraser,TAN-LUXE,Bath & Body,35.0,2.1429,1389,18,0,0,0.0
P432668,D-Bronzi Anti-Pollution Bronzing Drops with Peptides,Drunk Elephant,Skincare,38.0,4.433,328059,36,0,0,0.0
P432820,Body Fuel All-In-One Energizing Wash,Kiehl's Since 1851,Men,25.0,4.8,1526,43,3,1,0.06976744186046512
P432824,De-Puffing Jade Facial Roller,Mount Lai,Skincare,36.0,3.8771,32471,2,0,0,0.0
P432829,Adaptogen Deep Moisturizing Cream with Ashwagandha + Reishi,Youth To The People,Skincare,58.0,4.3655,104812,31,0,0,0.0
P432831,Plump Jelly Hyaluronic Serum,Moon Juice,Skincare,58.0,4.2605,12648,18,0,0,0.0
P432842,Primer Plus Mattifier,Bobbi Brown,Makeup,42.0,4.3692,9886,31,0,0,0.0
P432847,Mini DÉFINICILS - High Definition Mascara,Lancôme,Mini Size,16.0,,3411,26,0,0,0.0
P432863,Sublime Skin Highlighting Trio,PAT McGRATH LABS,Makeup,53.0,4.5249,31876,57,0,0,0.0
P432866,SEA Quench Hydrating Primer,tarte,Makeup,32.0,3.805,12114,41,0,0,0.0
P433003,Skin Fetish Highlighter & Balm Duo,PAT McGRATH LABS,Makeup,50.0,3.7234,29955,29,0,0,0.0
P433005,"Sephora Colorful Face Powders – Blush, Bronze, Highlight, & Contour",SEPHORA COLLECTION,Makeup,14.0,4.1794,136013,21,0,0,0.0
P433124,KUSH Clear Brow Gel,MILK MAKEUP,Makeup,22.0,3.8917,22116,11,0,0,0.0
P433125,KUSH Fiber Eyebrow Gel,MILK MAKEUP,Makeup,22.0,4.3577,86371,24,0,0,0.0
P433131,Blush Color Infusion,Laura Mercier,Makeup,36.0,4.6951,96023,16,0,0,0.0
P433143,Outsmart Acne Clarifying Treatment,Murad,Skincare,49.0,4.1923,10030,46,0,0,0.0
P433155,Prep It Self-Tan Priming Spray,Isle of Paradise,Skincare,24.0,4.0313,11103,27,0,0,0.0
P433172,No. 4 Bond Maintenance Shampoo,Olaplex,Hair,30.0,3.7813,259602,71,0,0,0.0
P433173,No. 5 Bond Maintenance Conditioner,Olaplex,Hair,30.0,4.0582,255670,75,0,0,0.0
P433206,Maracuja Creaseless Concealer,tarte,Makeup,29.0,3.2345,136004,65,0,0,0.0
P433402,Easy Bake Loose Baking & Setting Powder,HUDA BEAUTY,Makeup,38.0,4.2632,326279,24,0,0,0.0
P433435,CC+ Cream Oil-Free Matte with SPF 40,IT Cosmetics,Skincare,44.0,3.846,94058,54,0,0,0.0
P433440,Wonder Oil Illuminating Self-Tan Oil,TAN-LUXE,Skincare,69.0,3.8182,4124,63,0,0,0.0
P433443,Aqua Bomb Sleeping Mask,belif,Skincare,38.0,4.5147,47248,48,0,0,0.0
P433444,Clear Improvement Charcoal Honey Mask to Purify and Nourish,Origins,Skincare,37.0,4.6453,34965,47,0,0,0.0
P433446,Mini Original Skin Matte Moisturizer with Willowherb,Origins,Skincare,24.0,4.0714,2661,59,3,1,0.05084745762711865
P433456,Potent-C Vitamin C Power Eye Cream,Peter Thomas Roth,Skincare,68.0,4.0116,11436,43,0,0,0.0
P433457,Potent-C Vitamin C Targeted Spot Brightener,Peter Thomas Roth,Skincare,62.0,4.3428,8238,26,0,0,0.0
P433461,Rose Sugar Scrub,Lancôme,Skincare,34.0,3.8049,7764,37,3,1,0.08108108108108109
P433465,Make My Day Activated Mask,FOREO,Skincare,10.99,4.1667,9889,12,0,0,0.0
P433466,Call It A Night Activated Mask,FOREO,Skincare,10.99,4.5909,13055,21,0,0,0.0
P433468,EradiKate Salicylic Acid Acne Treatment,Kate Somerville,Skincare,68.0,4.1143,8230,48,0,0,0.0
P433469,ELEVATE Advanced Retinol Serum,Algenist,Skincare,98.0,4.1026,5451,47,0,0,0.0
P433472,Clinique Happy Heart,CLINIQUE,Fragrance,62.0,4.8,4984,19,0,0,0.0
P433500,Lip Fetish Noir Lip Balm,PAT McGRATH LABS,Makeup,38.0,3.4611,73459,21,0,0,0.0
P433516,Lip Cheat Lip Liner,Charlotte Tilbury,Makeup,25.0,4.399,436721,33,0,0,0.0
P433519,Refillable Magic Night Moisturizer with Retinol,Charlotte Tilbury,Skincare,145.0,3.5492,12841,49,0,0,0.0
P433520,Magic Cream Moisturizer with Hyaluronic Acid,Charlotte Tilbury,Skincare,100.0,4.4045,111513,50,0,0,0.0
P433521,Charlotte’s Magic Eye Cream with Retinol,Charlotte Tilbury,Skincare,65.0,4.3539,31496,58,0,0,0.0
P433522,Goddess Clay Mask,Charlotte Tilbury,Skincare,58.0,4.3115,11636,30,0,0,0.0
P433523,Luxury Eyeshadow Palette,Charlotte Tilbury,Makeup,55.0,3.9373,237828,41,0,0,0.0
P433524,Multi-Miracle Glow Cleansing Balm,Charlotte Tilbury,Skincare,60.0,4.1429,7612,35,0,0,0.0
P433525,Unisex Healthy Glow Tinted Moisturizer,Charlotte Tilbury,Makeup,46.0,3.9533,27459,43,0,0,0.0
P433526,Airbrush Flawless Finish Setting Powder,Charlotte Tilbury,Makeup,48.0,4.1738,484780,28,0,0,0.0
P433527,Cheek To Chic Blush,Charlotte Tilbury,Makeup,42.0,3.9104,113032,21,0,0,0.0
P433528,Filmstar Bronze & Glow Contour Duo,Charlotte Tilbury,Makeup,68.0,4.4183,72392,20,0,0,0.0
P433529,Full Fat Lashes Mascara,Charlotte Tilbury,Makeup,29.0,3.2907,8448,21,0,0,0.0
P433530,Matte Revolution Lipstick,Charlotte Tilbury,Makeup,35.0,4.3527,340123,32,0,0,0.0
P433531,K.I.S.S.I.N.G Lipstick,Charlotte Tilbury,Makeup,38.0,3.9275,98277,27,0,0,0.0
P433532,Feline Flick Volume 2 Liquid Eyeliner,Charlotte Tilbury,Makeup,32.0,3.1071,13808,19,0,0,0.0
P433569,Fix It Forget It Setting Spray,Lancôme,Makeup,34.0,4.3771,9814,17,0,0,0.0
P433616,Mini Green Clean Makeup Meltaway Cleansing Balm,Farmacy,Mini Size,24.0,4.4958,39775,33,0,0,0.0
P433617,Deep Cleansing Foam,Shiseido,Skincare,36.0,4.1957,6015,36,0,0,0.0
P433618,Clarifying Cleansing Foam,Shiseido,Skincare,36.0,4.2455,12520,31,0,0,0.0
P433619,Extra Rich Cleansing Milk,Shiseido,Skincare,36.0,4.2381,4643,27,0,0,0.0
P433620,Treatment Softener,Shiseido,Skincare,50.0,3.25,1957,33,0,0,0.0
P433621,Treatment Softener Enriched,Shiseido,Skincare,50.0,4.3077,5752,36,0,0,0.0
P433627,Turmeric BHA Pore & Brightening Treatment Mask,KORA Organics,Skincare,52.0,4.1626,40323,37,3,1,0.08108108108108109
P433652,The Best of Black Honey All About Shadow Palette,CLINIQUE,Makeup,46.0,4.5,10930,33,0,0,0.0
P433656,Luna Rossa Black Eau de Parfum,Prada,Fragrance,107.0,4.2888,7431,12,0,0,0.0
P433658,Alien Eau de Parfum Travel Spray,Mugler,Fragrance,35.0,4.48,29343,21,0,0,0.0
P433659,Angel Eau de Parfum Travel Spray,Mugler,Fragrance,35.0,4.0626,15289,28,0,0,0.0
P433663,Ombré Leather Eau de Parfum,TOM FORD,Fragrance,150.0,4.2316,26555,17,0,0,0.0
P433669,Soleil Blanc Travel Spray,TOM FORD,Fragrance,70.0,4.1481,27143,20,0,0,0.0
P433671,Oud Wood Travel Spray,TOM FORD,Fragrance,70.0,4.4396,16369,12,0,0,0.0
P433672,Tobacco Vanille Travel Spray,TOM FORD,Fragrance,70.0,4.3116,43689,15,0,0,0.0
P433809,Caution Extreme Lash Mascara,Hourglass,Makeup,32.0,4.0747,66180,22,0,0,0.0
P433811,Scattered Light Glitter Eye Shadow,Hourglass,Makeup,30.0,4.5427,123508,21,0,0,0.0
P433812,Mini Caution Extreme Lash Mascara,Hourglass,Mini Size,15.0,3.435,4493,22,0,0,0.0
P433813,Mini Veil Translucent Setting Powder - Talc Free,Hourglass,Mini Size,24.0,4.1199,70852,12,0,0,0.0
P433827,"Take The Day Off Makeup Remover For Lids, Lashes & Lips Jumbo",CLINIQUE,Makeup,31.5,4.5,0,13,0,0,0.0
P433830,Good Behavior Spirulina Protein Anti-Frizz Smoothing Spray,IGK,Hair,34.0,4.2097,25750,23,0,0,0.0
P433836,Bad & Bougie Amla Oil Deep Repair Shampoo,IGK,Hair,27.0,3.4878,3633,33,0,0,0.0
P433837,Bad & Bougie Amla Oil Deep Repair Conditioner,IGK,Hair,27.0,3.5429,3282,32,0,0,0.0
P433850,Translucent Pressed Setting Powder,Laura Mercier,Makeup,42.0,4.2237,17875,11,0,0,0.0
P433852,Translucent Loose Setting Powder - Glow Finish,Laura Mercier,Makeup,24.0,4.4055,24914,19,0,0,0.0
P433863,Brow Lift Refillable Triangular Eyebrow Pencil,Charlotte Tilbury,Makeup,26.0,4.4371,16680,18,0,0,0.0
P433864,Lip Lustre Lip Gloss,Charlotte Tilbury,Makeup,25.0,3.3417,48768,18,0,0,0.0
P433884,Dermask Ultra Jet Peeling Solution,Dr. Jart+,Skincare,9.0,4.2462,9689,50,0,0,0.0
P433887,Squalane + Omega Repair Deep Hydration Moisturizer,Biossance,Skincare,60.0,4.2101,76514,26,0,0,0.0
P433901,Ikat Jasmine Travel Spray,AERIN,Fragrance,35.0,4.0,4264,15,0,0,0.0
P433906,Rose De Grasse,AERIN,Fragrance,260.0,4.5278,4952,13,0,0,0.0
P433910,Fougère d'Argent,TOM FORD,Fragrance,295.0,5.0,2775,16,0,0,0.0
P433938,Princess Eau de Parfum Travel Spray,KILIAN Paris,Fragrance,30.0,4.2921,42544,14,0,0,0.0
P433962,Treatment Lotion Hydrating Mask,La Mer,Skincare,190.0,4.2609,8179,72,0,0,0.0
P433971,Skin Warrior Moisture Rescue Cream,Naturally Serious,Skincare,35.0,4.1905,3211,52,0,0,0.0
P433973,Get Even Cold-Pressed Peel Pads,Naturally Serious,Skincare,32.0,4.7217,8129,36,0,0,0.0
P433974,Supercharge Anti-Oxidant Moisture Serum,Naturally Serious,Skincare,39.0,4.5758,3597,50,0,0,0.0
P433975,Zero Baggage Anti-Dark Circle Eye Cream,Naturally Serious,Skincare,26.0,4.2155,6994,39,0,0,0.0
P433987,Bounce Liquid Whip Long Wear Foundation,beautyblender,Makeup,29.0,4.074,126259,21,0,0,0.0
P434002,Hollywood Contour Wand,Charlotte Tilbury,Makeup,42.0,3.7815,359114,26,0,0,0.0
P434004,Wonderglow Face Primer,Charlotte Tilbury,Makeup,55.0,3.5646,34551,51,0,0,0.0
P434012,Legendary Lashes Volume 2 Mascara,Charlotte Tilbury,Makeup,32.0,3.8367,17548,18,0,0,0.0
P434015,Essential High Coverage Crème Foundation,Jouer Cosmetics,Makeup,38.0,3.2583,30215,24,0,0,0.0
P434021,Blush Bouquet Duo Blush Palette,Jouer Cosmetics,Makeup,33.0,4.5971,51350,49,0,0,0.0
P434022,Powder Highlighter,Jouer Cosmetics,Makeup,25.0,4.2041,27408,17,0,0,0.0
P434023,Matte Velvet Skin Full Coverage Foundation,MAKE UP FOR EVER,Makeup,40.0,3.8216,64524,42,0,0,0.0
P434100,Hot Lips Lipstick,Charlotte Tilbury,Makeup,35.0,4.0179,89849,36,0,0,0.0
P434101,Eyes To Mesmerize Cream Eyeshadow,Charlotte Tilbury,Makeup,35.0,4.4094,220095,34,0,0,0.0
P434104,Hollywood Flawless Filter,Charlotte Tilbury,Makeup,49.0,4.3332,496092,24,0,0,0.0
P434205,Ultimate Reset Conditioner for Very Damaged Hair,shu uemura,Hair,62.0,4.4899,3667,32,0,0,0.0
P434206,Ultimate Reset Hair Mask for Very Damaged Hair,shu uemura,Hair,72.0,4.6617,9585,30,0,0,0.0
P434207,Ultimate Reset Shampoo for Very Damaged Hair,shu uemura,Hair,52.0,4.5045,4549,38,3,1,0.07894736842105263
P434221,Cleansing Scalp & Body Sugar Scrub,OUAI,Hair,40.0,4.4454,81968,37,0,0,0.0
P434224,Hot Toddy Heat Protectant Mist,Drybar,Hair,29.0,4.0594,21221,24,0,0,0.0
P434327,Sì Passione Eau de Parfum Travel Spray,Armani Beauty,Fragrance,34.0,4.0,13135,15,0,0,0.0
P434336,Mini Noni Glow Face Oil,KORA Organics,Skincare,28.0,4.3877,26453,16,0,0,0.0
P434340,De-Puffing Rose Quartz Facial Roller,Mount Lai,Skincare,40.0,4.0,18840,2,0,0,0.0
P434360,High-Potency Night-a-Mins Resurfacing Cream with Fruit-Derived AHAs,Origins,Skincare,52.0,4.3159,18198,62,3,1,0.04838709677419355
P434361,High-Potency Night-A-Mins Oil-Free Resurfacing Cream with Fruit Derived AHAs,Origins,Skincare,52.0,4.3358,10847,51,3,1,0.058823529411764705
P434383,Luxe Matte Lipstick,Bobbi Brown,Makeup,38.0,4.2719,24078,31,0,0,0.0
P434385,Climax Mascara,NARS,Makeup,13.0,3.2924,18814,19,0,0,0.0
P434392,Aura Botanica Conditioner,Kérastase,Hair,42.0,4.075,1893,15,0,0,0.0
P434397,Nutritive Shampoo for Normal to Dry Hair,Kérastase,Hair,38.0,3.4179,7149,24,3,1,0.125
P434398,Nutritive Shampoo for Dry Hair,Kérastase,Hair,38.0,4.0,11276,24,3,1,0.125
P434399,Nutritive Conditioner for Normal to Dry Hair,Kérastase,Hair,42.0,3.8889,10095,30,0,0,0.0
P434400,Nutritive Mask for Dry Fine Hair,Kérastase,Hair,63.0,4.1579,7884,26,0,0,0.0
P434401,Nutritive Mask for Dry Thick Hair,Kérastase,Hair,63.0,4.6667,8827,28,0,0,0.0
P434402,Nutritive Heat Protecting Leave-In Treatment For Dry Hair,Kérastase,Hair,45.0,4.6966,40523,34,0,0,0.0
P434404,Nutritive Shampoo for Severely Dry Hair,Kérastase,Hair,38.0,4.25,7566,37,3,1,0.08108108108108109
P434405,Nutritive Conditioner for Severely Dry Hair,Kérastase,Hair,42.0,3.7667,7276,34,0,0,0.0
P434406,Nutritive Mask for Severely Dry Hair,Kérastase,Hair,63.0,4.4854,19333,28,0,0,0.0
P434407,Nutritive Hair Balm for Severely Dry Hair,Kérastase,Hair,45.0,4.35,5229,37,0,0,0.0
P434408,Elixir Ultime Hydrating Shampoo,Kérastase,Hair,40.0,3.4483,5657,26,3,1,0.11538461538461539
P434409,Elixir Ultime Hydrating Hair Mask,Kérastase,Hair,68.0,4.1304,6382,26,0,0,0.0
P434410,Elixir Ultime Hydrating Conditioner,Kérastase,Hair,46.0,3.7917,4870,28,0,0,0.0
P434411,Elixir Ultime Hydrating Hair Oil Serum,Kérastase,Hair,54.0,4.442,87771,16,0,0,0.0
P434413,Discipline Sulfate-Free Smoothing Shampoo for Frizzy Hair,Kérastase,Hair,40.0,4.0593,18190,43,3,1,0.06976744186046512
P434415,Discipline Smoothing Conditioner for Frizzy Hair,Kérastase,Hair,46.0,4.0261,12821,22,0,0,0.0
P434416,Discipline Smoothing Hair Mask for Frizzy Hair,Kérastase,Hair,68.0,4.4194,8007,26,0,0,0.0
P434417,Discipline Anti-Frizz Smoothing Spray,Kérastase,Hair,45.0,4.1013,17384,28,0,0,0.0
P434418,Discipline Heat Protecting Leave-In Treatment For Frizzy Hair,Kérastase,Hair,45.0,4.4511,17340,26,0,0,0.0
P434423,Initialiste Strengthening & Volumizing Advanced Scalp & Hair Serum,Kérastase,Hair,58.0,3.8,29024,21,0,0,0.0
P434428,Resistance Strengthening Shampoo for Damaged Hair,Kérastase,Hair,38.0,3.9938,30860,40,3,1,0.075
P434429,Resistance Strengthening Conditioner for Damaged Hair,Kérastase,Hair,42.0,4.1678,25520,40,3,1,0.075
P434430,Resistance Strengthening Hair Mask for Damaged Hair,Kérastase,Hair,63.0,4.0891,16071,40,3,1,0.075
P434431,Resistance Heat Protecting Leave In Treatment for Damaged Hair,Kérastase,Hair,45.0,4.5758,32083,32,0,0,0.0
P434432,Resistance Strengthening Shampoo for Extremely Damaged Hair,Kérastase,Hair,40.0,4.4884,8494,38,3,1,0.07894736842105263
P434434,Resistance Strengthening Hair Mask for Extremely Damaged Hair,Kérastase,Hair,68.0,3.9189,12618,30,0,0,0.0
P434435,Resistance Hair Serum for Extremely Damaged Hair,Kérastase,Hair,45.0,4.2835,25105,36,0,0,0.0
P434436,Resistance Strengthening Shampoo for Damaged Lengths and Split Ends,Kérastase,Hair,40.0,3.6049,18836,30,3,1,0.1
P434437,Resistance Strengthening Conditioner for Damaged Lengths & Split Ends,Kérastase,Hair,46.0,3.625,12329,33,0,0,0.0
P434438,Resistance Strengthening Mask for Lengths & Split Ends,Kérastase,Hair,68.0,4.5833,8285,30,0,0,0.0
P434439,Resistance Strengthening Scalp & Hair Serum for Damaged Hair,Kérastase,Hair,58.0,4.0,15733,31,0,0,0.0
P434440,Densifique Thickening Shampoo for Thinning Hair,Kérastase,Hair,40.0,3.9861,27197,31,3,1,0.0967741935483871
P434441,Densifique Thickening Conditioner for Thinning Hair,Kérastase,Hair,46.0,4.125,13970,29,3,1,0.10344827586206896
P434442,Densifique Leave-In Thickening Mousse,Kérastase,Hair,45.0,3.9375,6579,27,0,0,0.0
P434443,Densifique Thickening Mask for Thinning Hair,Kérastase,Hair,68.0,4.0909,5483,31,3,1,0.0967741935483871
P434444,Densifique Bodifying Shampoo for Men,Kérastase,Hair,38.0,4.1429,2385,31,3,1,0.0967741935483871
P434451,Mousse Bouffante Volumizing Hair Mousse,Kérastase,Hair,32.0,3.25,3164,29,0,0,0.0
P434452,VIP Strong Hold Texturizing Hair Spray,Kérastase,Hair,32.0,3.8519,5128,18,0,0,0.0
P434455,Laque Couture Medium Hold Hair Spray,Kérastase,Hair,32.0,4.1,2997,17,0,0,0.0
P434456,L'incroyable Blow-Dry Reshapable Hair Lotion,Kérastase,Hair,45.0,4.3559,10347,37,0,0,0.0
P434500,Good Girl Rollerball,Carolina Herrera,Fragrance,32.0,4.4665,34288,19,0,0,0.0
P434526,Legendary Brows Tinted Eyebrow Gel,Charlotte Tilbury,Makeup,26.0,4.5696,53879,21,0,0,0.0
P434527,Brightening Youth Glow Primer,Charlotte Tilbury,Makeup,55.0,3.6129,14627,51,0,0,0.0
P434531,Mini Fix It Forget It Setting Spray,Lancôme,Mini Size,17.0,3.2051,8506,17,0,0,0.0
P434532,Mini Highlighting Powder,Bobbi Brown,Mini Size,25.0,4.1452,47907,27,0,0,0.0
P434534,Marvelous Matte Crème Foundation,lilah b.,Makeup,54.0,3.975,5162,26,0,0,0.0
P434541,Temporary Color Gel,Christophe Robin,Hair,35.0,3.3212,6624,22,0,0,0.0
P434545,Glow Cycle Retin-ALT Power Serum,OLEHENRIKSEN,Skincare,60.0,4.2873,43324,42,0,0,0.0
P434546,Goodnight Glow Bakuchiol Sleeping Crème,OLEHENRIKSEN,Skincare,60.0,3.8817,55708,50,0,0,0.0
P434548,Honeymoon Glow AHA Resurfacing Night Serum,Farmacy,Skincare,60.0,4.3154,177152,53,0,0,0.0
P434550,Revitalixir Recovery Serum,Murad,Skincare,97.0,4.3693,7556,47,0,0,0.0
P434551,Hello FAB Bendy Avocado Concealer,First Aid Beauty,Makeup,22.0,4.2075,27682,38,0,0,0.0
P434559,Vibrancy Argan Oil Full Coverage Concealer Fluid,Josie Maran,Makeup,28.0,4.2905,19544,36,0,0,0.0
P434566,Transformatte Pore Vanishing Matte Foundation,Natasha Denona,Makeup,45.0,3.3209,16477,36,0,0,0.0
P435107,Angie Perfume,By Rosie Jane,Fragrance,28.0,4.4808,1877,30,0,0,0.0
P435207,Clinique For Men Super Energizer Anti-Fatigue Depuffing Eye Gel,CLINIQUE,Men,37.0,4.2222,3226,33,0,0,0.0
P435209,Radiance Resurfacing Foam,Dr. Brandt Skincare,Skincare,72.0,4.4478,1903,64,0,0,0.0
P435313,Terre d'Hermes Eau Intense Vétiver Eau de Parfum,HERMÈS,Fragrance,108.0,4.0625,2294,20,0,0,0.0
P435343,Honeysuckle & Davana Cologne,Jo Malone London,Fragrance,155.0,4.0106,12636,22,0,0,0.0
P435359,Mini Translucent Loose Setting Powder Glow,Laura Mercier,Mini Size,24.0,3.8941,22128,19,0,0,0.0
P435386,Mini Watermelon Pink Juice Oil-Free Moisturizer,Glow Recipe,Skincare,21.0,3.7555,69635,24,0,0,0.0
P435387,Mini Rose Floral Toner,fresh,Skincare,15.0,3.7,0,11,0,0,0.0
P435402,Curl Charisma Chia + Flax Seed Coil Custard,Briogeo,Hair,26.0,4.0,8740,23,0,0,0.0
P435412,"Kajal Ink Artist Shadow, Liner, Brow",Shiseido,Makeup,25.0,4.3136,23248,27,0,0,0.0
P435415,MicroLiner Ink Eyeliner,Shiseido,Makeup,22.0,4.1553,34578,20,0,0,0.0
P435416,VisionAiry Gel Lipstick,Shiseido,Makeup,26.0,4.5687,29431,36,0,0,0.0
P435713,Seal The Deal Talc-Free Loose Setting Powder,LAWLESS,Makeup,36.0,4.0977,16319,6,0,0,0.0
P435790,Radiance Revitalizing Foam,Dr. Brandt Skincare,Skincare,65.0,5.0,597,64,0,0,0.0
P435800,Acid Potion AHA + BHA Resurfacing Exfoliator,Moon Juice,Skincare,42.0,4.547,43083,20,3,1,0.15
P435801,Aqua Bomb Mist,belif,Skincare,38.0,4.1042,12101,44,0,0,0.0
P435804,Mini Crème de Corps Hydrating Body Lotion with Squalane,Kiehl's Since 1851,Mini Size,16.0,3.2432,7198,38,0,0,0.0
P435805,Mini Creamy Eye Treatment with Avocado,Kiehl's Since 1851,Mini Size,36.0,3.9994,70802,26,0,0,0.0
P435806,Dreamskin Fresh & Perfect Cushion Broad Spectrum SPF 50,Dior,Makeup,90.0,4.1378,30793,49,0,0,0.0
P435807,Dreamskin Fresh & Perfect Cushion Broad Spectrum SPF 50 Refill,Dior,Makeup,45.0,4.2619,13114,49,0,0,0.0
P435832,Color Hit Mini Nail Polish,SEPHORA COLLECTION,Makeup,5.0,3.4892,104646,27,0,0,0.0
P435915,JOY by Dior,Dior,Fragrance,160.0,3.8208,14852,28,0,0,0.0
P435931,CAVIAR Anti-Aging Restructuring Bond Repair Leave-In Protein Cream,ALTERNA Haircare,Hair,37.0,3.3333,2640,41,0,0,0.0
P435932,CAVIAR Anti-Aging Restructuring Bond Repair Leave-In Heat Protection Spray,ALTERNA Haircare,Hair,32.0,4.1513,7742,53,0,0,0.0
P435933,CAVIAR Anti-Aging Restructuring Bond Repair Leave-In Overnight Serum,ALTERNA Haircare,Hair,40.0,4.3761,5177,39,0,0,0.0
P435934,CAVIAR Anti-Aging Restructuring Bond Repair 3-in-1 Sealing Serum,ALTERNA Haircare,Hair,38.0,4.0101,5870,52,0,0,0.0
P435939,Night Body Serum,Moroccanoil,Bath & Body,62.0,4.6836,24381,16,0,0,0.0
P435975,Mini Charlotte's Magic Cream,Charlotte Tilbury,Skincare,30.0,3.6585,62966,49,0,0,0.0
P436005,Y Eau de Parfum,Yves Saint Laurent,Fragrance,148.0,4.5523,28016,14,0,0,0.0
P436089,Atlantic Kelp and Magnesium Anti-Fatigue Body Wash - 100% Recycled Plastic,REN Clean Skincare,Bath & Body,30.0,4.3361,13291,29,0,0,0.0
P436094,Evercalm Overnight Recovery Balm,REN Clean Skincare,Skincare,55.0,4.4864,38294,28,0,0,0.0
P436148,Eye Bento Bouncy Eyeshadow Trio,Kaja,Makeup,26.0,4.5255,334894,71,0,0,0.0
P436151,Cat Nap Under Eye Brightener,Kaja,Makeup,21.0,3.969,16376,29,0,0,0.0
P436152,Cheeky Stamp Blendable Blush,Kaja,Makeup,27.0,4.2645,100568,25,0,0,0.0
P436154,Don't Settle Concealer,Kaja,Makeup,19.0,4.3421,26448,28,0,0,0.0
P436155,Mochi Glow Bouncy Highlighter,Kaja,Makeup,21.0,4.0573,47352,13,0,0,0.0
P436156,Mochi Pop Bouncy Blush,Kaja,Makeup,21.0,4.1589,34631,19,0,0,0.0
P436258,Cosmic Blur Set,INC.redible,Makeup,15.0,4.1837,13783,12,0,0,0.0
P436270,Color Block High Impact Lipstick,ILIA,Makeup,28.0,4.5108,50146,42,0,0,0.0
P436273,Mini Star Eyeshadow Palette,Natasha Denona,Makeup,25.0,3.6311,46425,65,0,0,0.0
P436343,H2Overdose Activated Mask,FOREO,Skincare,20.0,3.8182,4878,33,0,0,0.0
P436346,Youth Junkie Activated Mask,FOREO,Skincare,21.99,4.6316,9611,32,0,0,0.0
P436347,Glow Addict Activated Mask,FOREO,Skincare,21.99,4.5,8426,35,0,0,0.0
P436353,Mini Rose & Hyaluronic Acid Deep Hydration Toner,fresh,Skincare,26.0,4.125,65185,20,0,0,0.0
P436359,Blueberry Bounce Gentle Cleanser,Glow Recipe,Skincare,34.0,3.8103,72289,20,0,0,0.0
P436365,+Retinol Vita C Power Serum,Kate Somerville,Skincare,110.0,3.5041,8879,38,0,0,0.0
P436378,Dermatologist Solutions Centella Sensitive Cica-Cream,Kiehl's Since 1851,Skincare,46.0,4.5152,6043,29,0,0,0.0
P436387,Overtime Mask,Summer Fridays,Skincare,49.0,4.4087,68583,29,0,0,0.0
P436391,Mini Thickening Dryspun Volume Texture Spray,Bumble and bumble,Hair,16.0,3.9,19966,18,0,0,0.0
P436392,Thickening Volume Conditioner,Bumble and bumble,Hair,35.0,2.9206,7726,60,0,0,0.0
P436393,Thickening Great Body Blow Dry Crème,Bumble and bumble,Hair,32.0,3.4878,4435,39,0,0,0.0
P436395,Thickening Full Form Soft Mousse,Bumble and bumble,Hair,32.0,3.2558,5482,28,0,0,0.0
P436489,Lost Cherry,TOM FORD,Fragrance,395.0,4.1758,66898,29,0,0,0.0
P436506,Rouge Pur Couture The Slim Matte Lipstick,Yves Saint Laurent,Makeup,45.0,4.5358,109925,31,0,0,0.0
P436742,Essential High Coverage Liquid Concealer,Jouer Cosmetics,Makeup,25.0,4.0403,56923,28,0,0,0.0
P436850,Angie Perfume Travel Spray,By Rosie Jane,Fragrance,28.0,3.8182,1903,30,0,0,0.0
P437018,Miss Dior Blooming Bouquet Roller-pearl,Dior,Fragrance,45.0,4.3024,40949,18,0,0,0.0
P437082,Mini Thickening Volume Conditioner,Bumble and bumble,Mini Size,16.0,,976,60,0,0,0.0
P437097,Lip + Cheek Cream Blush Stick,MILK MAKEUP,Makeup,24.0,4.2705,251478,33,0,0,0.0
P437098,Mini Luminous Blur Stick Primer,MILK MAKEUP,Mini Size,20.0,3.1628,12669,19,0,0,0.0
P437230,L'Absolu Rouge Drama Matte Lipstick,Lancôme,Makeup,35.0,4.7168,22968,50,0,0,0.0
P437299,Semi-Permanent Hair Color,Good Dye Young,Hair,18.0,3.3188,14360,29,0,0,0.0
P437302,Poser Paste Temporary Hair Makeup,Good Dye Young,Hair,18.0,2.8053,9998,28,0,0,0.0
P437317,Mini Aglow Hydrating + Setting Face Mist,lilah b.,Mini Size,16.0,3.7895,12509,22,0,0,0.0
P437364,Star Lit Diamond Powder,MAKE UP FOR EVER,Makeup,26.0,4.4359,51702,5,0,0,0.0
P437367,Nude Illusion Liquid Foundation,Wander Beauty,Makeup,40.0,4.1,18197,39,0,0,0.0
P437477,Stop Being So Sensitive Evercalm Kit,REN Clean Skincare,Skincare,34.0,3.6087,17141,206,0,0,0.0
P437631,Her Eau de Parfum,BURBERRY,Fragrance,123.0,4.3023,118787,17,0,0,0.0
P437632,Her Eau de Parfum Rollerball,BURBERRY,Fragrance,38.0,4.3023,33036,17,0,0,0.0
P437657,Scalp Care Dry Scalp Treatment,Living Proof,Hair,37.0,4.301,33713,25,0,0,0.0
P437672,Mini Calendula Herbal Extract Alcohol Free Toner,Kiehl's Since 1851,Mini Size,29.0,3.5769,10996,12,0,0,0.0
P437925,24/7 Glide-On Eye Pencil - Naked Cherry Collection,Urban Decay,Makeup,25.0,3.8696,13068,35,0,0,0.0
P437960,Baggage Claim Rose Gold Eye Masks,Wander Beauty,Skincare,26.0,4.0986,38772,41,0,0,0.0
P437981,Emerald Hemp Seed Deep Moisture Glow Oil,Herbivore,Skincare,50.0,4.3291,42381,20,0,0,0.0
P437987,Bye Bye Under Eye Full Coverage Anti-Aging Waterproof Concealer,IT Cosmetics,Makeup,29.0,4.1734,87147,37,0,0,0.0
P43818047,The New Nude Eyeshadow Palette,HUDA BEAUTY,Makeup,65.0,4.4682,252554,123,0,0,0.0
P438362,Tonique Confort Hydrating & Toning Duo,Lancôme,Skincare,49.0,4.6667,11331,23,0,0,0.0
P438526,Good Girl Eau de Parfum Légère,Carolina Herrera,Fragrance,110.0,4.5467,17941,21,0,0,0.0
P438602,Moroccanoil Body Soap,Moroccanoil,Bath & Body,14.0,3.7424,9369,16,0,0,0.0
P438613,Mini Lock-It Full-Coverage Long-Wear Matte Liquid Foundation,KVD Beauty,Mini Size,18.0,3.5,27802,29,0,0,0.0
P438617,All Day Hyaluronic Acid Hydrator Moisturizer,SEPHORA COLLECTION,Skincare,18.0,4.5647,54075,27,0,0,0.0
P438618,Clean Skin Gel Cleanser with Prebiotics,SEPHORA COLLECTION,Skincare,12.0,4.6286,43752,10,0,0,0.0
P438619,Brightening Eye Cream with Caffeine and Hyaluronic Acid,SEPHORA COLLECTION,Skincare,18.0,4.375,126673,23,0,0,0.0
P438620,Nourishing Moisturizer with Prebiotics,SEPHORA COLLECTION,Skincare,18.0,4.5182,59250,36,0,0,0.0
P438628,Contouring + De-Puffing Rose Quartz Roller,BeautyBio,Skincare,65.0,4.5833,18126,1,0,0,0.0
P438629,The Radiance Brightening Vitamin E + Rosehip Seed Facial Oil,BeautyBio,Skincare,70.0,4.1818,4050,26,0,0,0.0
P438630,Contouring + De-Puffing Rose Quartz GloPRO Attachment Head,BeautyBio,Skincare,49.0,4.1429,3334,1,0,0,0.0
P438631,The Sculptor with LipoCare Cellulite Smoothing Body Cream,BeautyBio,Bath & Body,65.0,3.5333,7820,48,0,0,0.0
P438635,The Pout Sparkling Rosé Hyaluronic Acid Collagen Plumping Lip Serum,BeautyBio,Skincare,39.0,3.4268,15560,25,0,0,0.0
P438637,Bright Eyes Collagen-Infused Brightening Colloidal Silver Eye Masks,BeautyBio,Skincare,40.0,4.0594,16264,22,0,0,0.0
P438640,The Nightly Retinol + Peptide Anti-Aging Serum,BeautyBio,Skincare,95.0,3.7,5003,31,0,0,0.0
P438642,GloPRO Prep Pads Clarifying Skin Cleansing Wipes with Peptides,BeautyBio,Skincare,39.0,3.5556,4747,21,0,0,0.0
P438643,The Balance pH Balancing Gel Cleanser,BeautyBio,Skincare,39.0,4.4713,10844,17,0,0,0.0
P438648,The Quench Quadralipid Rapid Recovery Facial Moisturizer,BeautyBio,Skincare,129.0,3.8462,5300,41,0,0,0.0
P438934,Get Off Callus Softener Intensive Treatment,Deborah Lippmann,Bath & Body,49.0,,3564,9,3,1,0.3333333333333333
P439036,One Two Lash Magnetic Lashes,SEPHORA COLLECTION,Makeup,69.0,3.1055,16141,2,0,0,0.0
P439055,GENIUS Sleeping Collagen Moisturizer,Algenist,Skincare,98.0,4.5413,33910,43,0,0,0.0
P439057,Confidence in a Gel Lotion,IT Cosmetics,Skincare,45.0,4.5826,14365,45,0,0,0.0
P439058,Violet-C Brightening Serum 20% Vitamin C + 10% AHA,Tatcha,Skincare,89.0,4.2124,129875,30,0,0,0.0
P439061,Glow2OH Dark Spot Toner,OLEHENRIKSEN,Skincare,35.0,4.1922,182201,22,0,0,0.0
P439069,Pretty Rich Diamond Light Eyeshadow Palette,Too Faced,Makeup,49.0,4.1953,42605,272,0,0,0.0
P439070,BlitzTrance Lipstick,PAT McGRATH LABS,Makeup,40.0,3.75,63050,24,0,0,0.0
P439091,Mini Full Thickening Cream,Living Proof,Hair,17.0,3.9412,8315,17,0,0,0.0
P439093,Crybaby Anti-Frizz Smoothing Serum,IGK,Hair,32.0,4.1392,12463,17,0,0,0.0
P439098,Clarifying Lotion 3,CLINIQUE,Skincare,36.0,4.1667,577,17,3,1,0.17647058823529413
P439099,Clarifying Lotion 2,CLINIQUE,Skincare,36.0,4.4286,545,13,0,0,0.0
P439202,Essential Brow Natural Volumizing Brow Gel,ILIA,Makeup,26.0,2.6232,12633,27,0,0,0.0
P439204,The One Talc-Free Eyeshadow Palette,LAWLESS,Makeup,64.0,3.8482,27309,262,0,0,0.0
P439401,Sheer Liquid Eyeshadow,SEPHORA COLLECTION,Makeup,10.0,3.4476,68632,15,0,0,0.0
P439403,CITRUS | 08,KAYALI,Fragrance,125.0,4.0253,8240,19,0,0,0.0
P439404,ELIXIR | 11,KAYALI,Fragrance,125.0,3.7491,16111,14,0,0,0.0
P439405,MUSK | 12,KAYALI,Fragrance,25.0,3.8053,14633,15,0,0,0.0
P439406,VANILLA | 28,KAYALI,Fragrance,125.0,3.8714,107686,14,0,0,0.0
P439601,Soft Matte Perfection Blush Duos,SEPHORA COLLECTION,Makeup,16.0,4.2727,30047,48,0,0,0.0
P439626,Black Tea Firming Eye Serum,fresh,Skincare,72.0,3.7619,14953,42,0,0,0.0
P439633,Acqua di Gioia Travel Spray,Armani Beauty,Fragrance,34.0,4.4286,15373,21,0,0,0.0
P439643,Clinique iD Custom-Blend Hydrator Collection,CLINIQUE,Skincare,41.0,3.631,59756,62,0,0,0.0
P439648,Clinique iD:  Moisturizer + Concentrate for Pores & Uneven Texture,CLINIQUE,Skincare,41.0,3.1538,904,62,0,0,0.0
P439652,Ultra HD Self-Setting Medium Coverage Concealer,MAKE UP FOR EVER,Makeup,30.0,4.2324,81885,46,0,0,0.0
P439913,Crushed Liquid Lipstick,Bobbi Brown,Makeup,32.0,4.4202,65660,38,0,0,0.0
P439926,A-Passioni Retinol Cream,Drunk Elephant,Skincare,74.0,4.2008,214435,63,0,0,0.0
P439927,Liquid ExfoliKate Triple Acid Resurfacing Treatment,Kate Somerville,Skincare,72.0,4.3723,20613,31,0,0,0.0
P439928,Superscreen Daily Moisturizer Sunscreen SPF 40 PA+++,Supergoop!,Skincare,44.0,3.6997,42616,22,0,0,0.0
P439932,"Mini Lights, Camera, Lashes 4-in-1 Mascara",tarte,Makeup,15.0,3.6266,14675,19,0,0,0.0
P439936,Gloss Angeles Lip Gloss,Smashbox,Makeup,25.0,4.5058,20339,35,0,0,0.0
P439937,Gloss Angeles Extra Shine Clear Lip Gloss,Smashbox,Makeup,25.0,4.303,6677,8,0,0,0.0
P439940,Dior Forever Matte Foundation SPF 15,Dior,Makeup,55.0,4.3064,87092,39,0,0,0.0
P439941,Dior Forever Skin Glow Foundation SPF 15,Dior,Makeup,55.0,4.3385,140059,43,0,0,0.0
P439943,Heart Melter Lip Gloss Stick,Kaja,Makeup,19.0,4.2526,106968,25,0,0,0.0
P440044,Studio Skin Flawless Oil-Free 24 Hour Concealer,Smashbox,Makeup,29.0,4.3951,25465,38,0,0,0.0
P440072,Noni Glow Overnight Plumping Hydration Mask,KORA Organics,Skincare,52.0,3.7283,12672,35,3,1,0.08571428571428572
P440075,A+ High-Dose Retinol Serum,Sunday Riley,Skincare,85.0,4.2016,66551,56,0,0,0.0
P440093,Chance Eau Tendre Eau de Parfum,CHANEL,Fragrance,160.0,4.3348,77727,19,0,0,0.0
P440102,Matte & Metal Melted Double Ended Liquid Eyeshadows,HUDA BEAUTY,Makeup,25.0,4.0065,139076,45,0,0,0.0
P440207,Ameline Eau de Parfum,PHLUR,Fragrance,96.0,3.9077,4788,3,0,0,0.0
P440260,Tarteist Double Take Eyeliner- Travel Size,tarte,Makeup,15.0,3.4722,23193,29,0,0,0.0
P440268,Flawless Lumière Radiance-Perfecting Foundation,Laura Mercier,Makeup,49.0,4.212,67983,45,0,0,0.0
P440278,Mini Prep Rally Prime & Prep Detangler,Drybar,Hair,14.0,3.8333,10976,32,0,0,0.0
P440302,needles no more Neck Sculpting Cream,Dr. Brandt Skincare,Skincare,95.0,3.7742,6052,43,0,0,0.0
P440305,Goat Milk Moisturizing Cleanser,Kate Somerville,Skincare,44.0,4.5575,16803,41,0,0,0.0
P440306,SEA Mini Drink of H2O Hydrating Boost Moisturizer,tarte,Skincare,14.0,3.5814,12223,35,0,0,0.0
P440307,Superberry Hydrate + Glow Dream Night Mask with Vitamin C,Youth To The People,Skincare,52.0,4.3237,248887,32,0,0,0.0
P440312,Lotus Anti-Aging Night Moisturizer,fresh,Skincare,56.0,4.4843,103629,39,0,0,0.0
P440313,Mini Nude Eyeshadow Palette,Natasha Denona,Makeup,27.0,4.5207,73763,48,0,0,0.0
P440317,Potent-C Vitamin C Bright & Plump Moisturizer,Peter Thomas Roth,Skincare,72.0,3.6239,5285,60,0,0,0.0
P440445,Cashmere Mist Travel Spray,Donna Karan,Fragrance,30.0,4.4,4932,20,0,0,0.0
P440447,’REPLICA’ Beach Walk Travel Spray,Maison Margiela,Fragrance,35.0,4.2097,46196,28,0,0,0.0
P440448,’REPLICA’ Lazy Sunday Morning Travel Spray,Maison Margiela,Fragrance,35.0,4.1206,25702,17,0,0,0.0
P440482,"Facial Spray with Aloe, Herbs and Rosewater",Mario Badescu,Skincare,7.0,3.7567,42146,17,0,0,0.0
P440483,"Facial Spray with Aloe, Cucumber and Green Tea",Mario Badescu,Skincare,7.0,3.9603,19617,22,0,0,0.0
P440484,"Facial Spray with Aloe, Chamomile and Lavender",Mario Badescu,Skincare,7.0,4.4396,16337,19,0,0,0.0
P440485,Enzyme Cleansing Gel,Mario Badescu,Skincare,14.0,3.75,6291,20,0,0,0.0
P440486,Glycolic Acid Toner,Mario Badescu,Skincare,18.0,4.1507,14598,18,0,0,0.0
P440489,Glycolic Foaming Cleanser,Mario Badescu,Skincare,16.0,4.129,8640,16,0,0,0.0
P440490,Acne Facial Cleanser,Mario Badescu,Skincare,15.0,3.7625,13045,21,3,1,0.14285714285714285
P440491,Botanical Exfoliating Scrub,Mario Badescu,Skincare,26.0,4.5405,6646,15,0,0,0.0
P440492,Buttermilk Moisturizer,Mario Badescu,Skincare,18.0,3.9714,5546,22,0,0,0.0
P440493,Oil Free Moisturizer Broad Spectrum SPF 30,Mario Badescu,Skincare,28.0,3.6452,4935,21,0,0,0.0
P440494,Vitamin C Serum,Mario Badescu,Skincare,45.0,4.0816,10060,12,0,0,0.0
P440496,Buffering Lotion,Mario Badescu,Skincare,19.0,3.9512,4679,18,0,0,0.0
P440498,Drying Lotion,Mario Badescu,Skincare,17.0,4.0955,57039,10,3,1,0.3
P440499,Silver Powder,Mario Badescu,Skincare,12.0,4.3939,6384,3,0,0,0.0
P440500,Super Collagen Mask,Mario Badescu,Skincare,18.0,4.0,9986,17,0,0,0.0
P440501,Seaweed Night Cream,Mario Badescu,Skincare,22.0,3.8387,7833,26,0,0,0.0
P440502,Hyaluronic Eye Cream,Mario Badescu,Skincare,18.0,3.24,10678,26,0,0,0.0
P440503,Lip Balm,Mario Badescu,Skincare,8.0,4.2515,32609,39,0,0,0.0
P440504,R + R Mask,Summer Fridays,Skincare,54.0,3.7972,47304,17,0,0,0.0
P440505,Goddess Cleansing Ritual Duo,Charlotte Tilbury,Skincare,46.0,4.4545,7741,51,0,0,0.0
P440527,Mini Climax Mascara,NARS,Mini Size,13.0,3.4078,14816,19,0,0,0.0
P440634,REPLICA' Under the Lemon Trees,Maison Margiela,Fragrance,160.0,4.209,27964,13,0,0,0.0
P440635,REPLICA' Under the Lemon Trees Travel Spray,Maison Margiela,Fragrance,35.0,4.209,26344,13,0,0,0.0
P440637,Wild Poppy Eau de Parfum,NEST New York,Fragrance,86.0,4.4568,17162,20,0,0,0.0
P440638,Wild Poppy Eau de Parfum Travel Spray,NEST New York,Fragrance,30.0,4.4568,11193,20,0,0,0.0
P440650,Mini Retinol Youth Renewal Serum,Murad,Skincare,32.0,4.6089,16664,53,0,0,0.0
P440651,Mini Acne Control Clarifying Cleanser,Murad,Skincare,14.0,4.236,12651,39,3,1,0.07692307692307693
P440658,Baby Bar Travel Duo with Case,Drunk Elephant,Skincare,22.0,4.3955,22114,28,0,0,0.0
P440660,Jelly Shot Heart Lip Quencher,INC.redible,Makeup,10.0,3.6667,5342,28,0,0,0.0
P440662,Laque Extreme Hair Spray,Kérastase,Hair,32.0,3.7143,1712,20,0,0,0.0
P440678,On the Rocks Charcoal Scalp Scrub,Drybar,Hair,32.0,3.5088,4272,35,0,0,0.0
P440700,Mini Gimme Brow+ Tinted Volumizing Eyebrow Gel,Benefit Cosmetics,Makeup,15.0,4.0832,121605,30,0,0,0.0
P440905,Brow Blade Waterproof Eyebrow Pencil & Ink Stain,Urban Decay,Makeup,28.0,4.1106,57374,31,0,0,0.0
P440907,Naked Reloaded Eyeshadow Palette,Urban Decay,Makeup,50.0,4.0458,51066,120,0,0,0.0
P440909,Good Girl Légère Rollerball,Carolina Herrera,Fragrance,30.0,4.3636,6743,21,0,0,0.0
P440915,Miss Dior Eau de Toilette,Dior,Fragrance,130.0,4.0172,8986,22,0,0,0.0
P440916,Miss Dior Eau de Toilette Roller-pearl,Dior,Fragrance,45.0,4.3548,16153,24,0,0,0.0
P440917,Gia,TOCCA,Fragrance,27.0,3.9535,8392,17,0,0,0.0
P440918,Gia Rollerball,TOCCA,Fragrance,27.0,4.1667,3124,17,0,0,0.0
P440922,Capture Youth Intense Rescue Age-Delay Revitalizing Oil-Serum,Dior,Skincare,110.0,3.4,0,28,0,0,0.0
P440923,Capture Youth Age-Delay Advanced Eye Treatment,Dior,Skincare,75.0,3.4667,4285,39,0,0,0.0
P440925,Drink Up Intensive Overnight Hydrating Mask with Avocado & Swiss Glacier Water,Origins,Skincare,32.0,4.4954,39378,63,0,0,0.0
P440926,Mini Drink Up Intensive Overnight Hydrating Mask with Avocado & Swiss Glacier Water,Origins,Skincare,17.0,4.1143,26184,63,0,0,0.0
P440929,Mini Original Skin Retexturizing Mask with Rose Clay,Origins,Skincare,17.0,4.4762,29477,42,0,0,0.0
P440933,Mini Clear Improvement Active Charcoal Mask to Clear Pore,Origins,Skincare,17.0,3.9843,43176,23,0,0,0.0
P440934,The Silk Canvas Protective Primer Mini,Tatcha,Skincare,24.0,3.6444,98580,36,0,0,0.0
P440937,Cannabis Sativa Seed Oil Herbal Concentrate (Hemp-Derived),Kiehl's Since 1851,Skincare,55.0,4.1396,17721,12,0,0,0.0
P440949,Liquid Gold Exfoliating Treatment with Glycolic acid,Alpha-H,Skincare,56.0,4.5093,18300,9,0,0,0.0
P440951,Roller Liner Waterproof Liquid Eyeliner,Benefit Cosmetics,Makeup,22.0,4.0819,33026,30,0,0,0.0
P440952,Mini Roller Liner Waterproof Liquid Eyeliner,Benefit Cosmetics,Makeup,12.0,3.6819,33363,30,0,0,0.0
P440956,Ultra HD Invisible Cover Cream Foundation Palette,MAKE UP FOR EVER,Makeup,110.0,4.186,22356,36,0,0,0.0
P440967,FetishEyes Lengthening Mascara,PAT McGRATH LABS,Makeup,32.0,3.8628,38201,28,0,0,0.0
P440971,Touche Éclat High Cover Radiant Under-Eye Concealer,Yves Saint Laurent,Makeup,40.0,4.0926,46061,23,0,0,0.0
P440977,Perfect hair Day (PhD) Triple Detox Shampoo,Living Proof,Hair,32.0,4.4595,13296,35,0,0,0.0
P440981,Age Adapting CBD Serum,Flora + Bast,Skincare,77.0,4.6158,13007,3,0,0,0.0
P441024,Lock-It Powder Foundation,KVD Beauty,Makeup,37.0,3.9884,34515,21,0,0,0.0
P441101,The Dewy Skin Cream Plumping & Hydrating Moisturizer,Tatcha,Skincare,70.0,4.1023,388775,47,0,0,0.0
P441206,Pure Musc Eau de Parfum,Narciso Rodriguez,Fragrance,70.0,4.3934,10488,16,0,0,0.0
P441220,Ultra Repair Oat & Hemp Seed Dry Oil,First Aid Beauty,Skincare,36.0,4.3545,28615,28,0,0,0.0
P441304,Guilty Pour Femme Eau de Parfum,Gucci,Fragrance,123.0,3.9018,13097,21,0,0,0.0
P441306,Double Wear Stay-in-Place Matte Refillable Powder Foundation,Estée Lauder,Makeup,48.0,4.2464,22038,29,0,0,0.0
P441312,Diorshow Pump 'N' Volume Mascara,Dior,Makeup,29.5,3.44,12142,32,0,0,0.0
P441323,Mini Blueberry Bounce Gentle Cleanser,Glow Recipe,Skincare,10.0,3.7057,47027,20,0,0,0.0
P441329,Guilty Pour Femme Eau de Parfum Rollerball,Gucci,Fragrance,38.0,3.9018,9333,21,0,0,0.0
P441638,CAVIAR Anti-Aging Perfect Texture Spray,ALTERNA Haircare,Hair,30.0,4.5281,2132,26,0,0,0.0
P441644,Mini Superfood Antioxidant Cleanser,Youth To The People,Skincare,14.0,4.2121,121678,35,0,0,0.0
P441645,Sunless Tan Firming Lotion,COOLA,Skincare,46.0,4.25,8889,27,0,0,0.0
P441730,SCI FI Eau de Parfum Travel Spray,Ellis Brooklyn,Fragrance,32.0,3.4444,4199,14,0,0,0.0
P441810,Mini Voyageur Eyeshadow Palette,NARS,Makeup,32.0,4.0297,79696,162,0,0,0.0
P441813,Hydro Grip Hydrating Makeup Primer,MILK MAKEUP,Makeup,38.0,4.1158,325001,34,0,0,0.0
P441814,Mini Hydro Grip Hydrating Makeup Primer,MILK MAKEUP,Makeup,20.0,3.661,270077,34,0,0,0.0
P441815,Roller Baby Lip Gloss,INC.redible,Makeup,10.0,2.9961,31499,11,0,0,0.0
P441817,Power Fabric Concealer,Armani Beauty,Makeup,40.0,4.4506,38873,26,0,0,0.0
P441825,CAVIAR Anti-Aging Rapid Blowout Balm,ALTERNA Haircare,Hair,32.0,4.6927,6640,54,0,0,0.0
P441826,CAVIAR Anti-Aging Replenishing Moisture Priming Leave-In Conditioner,ALTERNA Haircare,Hair,32.0,4.4488,4536,34,0,0,0.0
P441827,Next Level Nordic Cotton Volumizing Mist,IGK,Hair,28.0,2.9649,3638,31,0,0,0.0
P441831,No. 6 Bond Smoother Reparative Styling Creme,Olaplex,Hair,30.0,4.3311,258870,45,0,0,0.0
P441838,DIPBROW Gel,Anastasia Beverly Hills,Makeup,20.0,3.7853,76766,22,0,0,0.0
P441841,Micellar Magic Makeup Remover & Cleanser,tarte,Makeup,18.0,3.414,17047,14,0,0,0.0
P441844,Blond Absolu Anti-Brass Purple Hair Mask,Kérastase,Hair,68.0,4.1136,17597,21,3,1,0.14285714285714285
P441845,Blond Absolu Anti-Brass Purple Shampoo,Kérastase,Hair,40.0,4.3528,27728,31,3,1,0.0967741935483871
P441846,Blond Absolu Hydrating Illuminating Shampoo,Kérastase,Hair,40.0,4.1585,16765,19,3,1,0.15789473684210525
P441847,Blond Absolu Strengthening Conditioner,Kérastase,Hair,46.0,4.5422,24080,27,0,0,0.0
P441848,Blond Absolu Heat Protecting Leave-In Treatment for Blonde Hair,Kérastase,Hair,45.0,4.6127,20738,28,0,0,0.0
P441854,Better Than Sex Easy Glide Waterproof Liquid Eyeliner,Too Faced,Makeup,24.0,3.6175,38095,9,0,0,0.0
P441872,Bloom Cheek Palette,Natasha Denona,Makeup,59.0,4.6331,26992,77,0,0,0.0
P441873,True Skin Serum Concealer with Vitamin C,ILIA,Makeup,32.0,4.1369,93991,33,0,0,0.0
P441874,True Skin Radiant Priming Serum,ILIA,Makeup,52.0,4.3396,24351,30,0,0,0.0
P441880,Power Bullet Matte Lipstick,HUDA BEAUTY,Makeup,27.0,4.1942,197231,25,0,0,0.0
P441882,GrandeDRAMA Intense Thickening Mascara,Grande Cosmetics,Makeup,25.0,3.6458,6286,21,0,0,0.0
P441884,Tinted Face Oil Comfy Skin Tint,Kosas,Makeup,42.0,3.6687,112124,18,0,0,0.0
P441886,Color & Light: Crème Cream Blush & Highlighter Duo,Kosas,Makeup,34.0,4.1706,43994,32,0,0,0.0
P442001,Hyaluronic Facial Cream,Dr. Brandt Skincare,Skincare,72.0,3.814,3056,57,3,1,0.05263157894736842
P442002,Amethyst Body Scrub with Epsom Salt,Herbivore,Bath & Body,46.0,4.0274,17686,24,0,0,0.0
P442003,Sugar Mint Rush Freshening Lip Treatment,fresh,Skincare,25.0,4.0833,26121,29,0,0,0.0
P442012,Banana Bright Face Primer,OLEHENRIKSEN,Makeup,40.0,4.3071,53172,53,0,0,0.0
P442263,needles no more 3-D LIP PLUMPFIX,Dr. Brandt Skincare,Skincare,39.0,2.8947,5114,106,0,0,0.0
P442267,Sunless Tan Express Sculpting Mousse,COOLA,Skincare,48.0,4.0,3650,31,0,0,0.0
P442287,Ultimate Reset Serum for Damaged Hair,shu uemura,Hair,42.0,4.4865,3982,52,0,0,0.0
P442304,Mini Daisy Perfume Set,Marc Jacobs Fragrances,Fragrance,25.0,4.4766,108057,50,0,0,0.0
P442513,Daisy Love Eau So Sweet,Marc Jacobs Fragrances,Fragrance,128.0,4.4223,36509,27,0,0,0.0
P442514,Daisy Love Eau So Sweet Penspray,Marc Jacobs Fragrances,Fragrance,34.0,,0,27,0,0,0.0
P442515,Aegea Blossom Eau de Parfum,AERIN,Fragrance,145.0,4.3529,2202,19,0,0,0.0
P442516,Mini Aegea Blossom Eau de Parfum Travel Spray,AERIN,Fragrance,35.0,3.7059,2453,19,0,0,0.0
P442520,Reserve - Solar Bloom,CLEAN RESERVE,Fragrance,110.0,4.2346,6178,14,0,0,0.0
P442521,Reserve - Solar Bloom Travel Spray,CLEAN RESERVE,Fragrance,29.0,4.1316,6238,14,0,0,0.0
P442531,Lil' Bronze Duo,Fenty Beauty by Rihanna,Makeup,24.0,4.2293,101523,69,0,0,0.0
P442535,Glow Peel Pads,SEPHORA COLLECTION,Skincare,15.0,3.9956,45067,17,0,0,0.0
P442537,Liquid Gold Firming Eye Cream,Alpha-H,Skincare,82.0,3.8824,3406,43,0,0,0.0
P442539,Vitamin B Serum with 5% Niacinamide and Peptides,Alpha-H,Skincare,65.0,4.2619,6331,20,0,0,0.0
P442540,Vitamin A Serum with 0.5% Retinol,Alpha-H,Skincare,65.0,4.3579,7074,18,0,0,0.0
P442542,Beauty Sleep Power Peel Age-Defying Night Peel,Alpha-H,Skincare,106.0,4.6,6057,8,0,0,0.0
P442545,Triple Action Cleanser,Alpha-H,Skincare,38.0,4.25,2138,13,0,0,0.0
P442546,Balancing Cleanser,Alpha-H,Skincare,38.0,4.5455,3612,14,0,0,0.0
P442548,Mini Liquid Gold Exfoliating Treatment with Glycolic Acid,Alpha-H,Skincare,22.0,4.0,11971,9,0,0,0.0
P442563,AHA 30% + BHA 2% Exfoliating Peeling Solution,The Ordinary,Skincare,9.5,4.5734,533877,26,3,1,0.11538461538461539
P442564,Emerald CBD + Adaptogens Deep Moisture Glow Oil,Herbivore,Skincare,60.0,4.3645,41254,23,0,0,0.0
P442566,Slaai  Makeup-Melting Butter Cleanser,Drunk Elephant,Skincare,36.0,3.781,88374,23,0,0,0.0
P442589,Instant Masks,SEPHORA COLLECTION,Skincare,8.0,3.5165,50038,27,0,0,0.0
P442594,Ultra Glow Serum: Glow + Strengthen Vitamin C Serum,SEPHORA COLLECTION,Skincare,20.0,4.125,113866,25,0,0,0.0
P442598,Maya Hair Fragrance,TOCCA,Fragrance,34.0,4.0,3678,16,0,0,0.0
P442701,Shimmershade Illuminating Cream Eyeshadow SPF 30,Supergoop!,Makeup,24.0,4.0567,41275,21,0,0,0.0
P442713,FAB Skin Lab Retinol Eye Cream with Triple Hyaluronic Acid,First Aid Beauty,Skincare,44.0,3.7222,37716,58,0,0,0.0
P442726,Eros Flame,Versace,Fragrance,107.0,4.4928,8916,14,0,0,0.0
P442727,Eros Flame Travel Spray,Versace,Fragrance,32.0,4.6364,5023,14,0,0,0.0
P442734,Immortelle Reset Overnight Reset Oil-In Serum,L'Occitane,Skincare,65.0,4.5333,12040,24,0,0,0.0
P442735,Almond Delightful Body Balm,L'Occitane,Bath & Body,40.0,4.6429,8894,25,0,0,0.0
P442741,Peptide 21 Wrinkle Resist Serum,Peter Thomas Roth,Skincare,125.0,4.4472,8393,57,0,0,0.0
P442742,Peptide 21 Amino Acid Exfoliating Peel Pads,Peter Thomas Roth,Skincare,55.0,4.6453,16263,52,3,1,0.057692307692307696
P442743,Peptide 21 Wrinkle Resist Moisturizer,Peter Thomas Roth,Skincare,95.0,4.5531,9001,71,0,0,0.0
P442744,Watermelon Glow Ultra-Fine Mist,Glow Recipe,Skincare,29.0,4.1552,120381,24,0,0,0.0
P442745,Plantscription Retinol Night Moisturizer,Origins,Skincare,73.0,4.5385,11217,69,0,0,0.0
P442747,Self Tan Purity Water Gel,St. Tropez,Skincare,44.0,3.3103,1821,28,0,0,0.0
P442748,Hydrating Floral Mask,Tata Harper,Skincare,95.0,4.375,4076,49,0,0,0.0
P442752,"""Buffet"" + Copper Peptides 1%",The Ordinary,Skincare,30.9,4.1804,91079,49,0,0,0.0
P442753,Argireline Solution 10%,The Ordinary,Skincare,9.4,4.1984,85389,11,0,0,0.0
P442754,Ascorbic Acid 8% + Alpha Arbutin 2%,The Ordinary,Skincare,12.2,3.7505,106253,3,0,0,0.0
P442755,Resveratrol 3% + Ferulic Acid 3%,The Ordinary,Skincare,10.0,4.0,60746,3,0,0,0.0
P442756,Ascorbyl Glucoside Solution 12%,The Ordinary,Skincare,14.3,4.0926,43799,13,0,0,0.0
P442757,"""B"" Oil",The Ordinary,Skincare,11.1,4.2286,49358,19,0,0,0.0
P442758,Mandelic Acid 10% + HA,The Ordinary,Skincare,7.5,4.464,106124,14,0,0,0.0
P442759,Amino Acids + B5,The Ordinary,Skincare,8.9,4.4123,55852,27,0,0,0.0
P442761,C.E.O Glow Vitamin C + Turmeric Face Oil,Sunday Riley,Skincare,80.0,4.0759,75741,30,0,0,0.0
P442770,Go Big or Go Home Long-Wear Vegan Volumizing Mascara,KVD Beauty,Makeup,25.0,3.6613,16108,21,0,0,0.0
P442789,Ghost Hair Mask,Verb,Hair,20.0,4.0685,12552,38,0,0,0.0
P442792,babassu foundcealer skincare foundation SPF 20,tarte,Makeup,40.0,3.8002,44242,41,0,0,0.0
P442793,Rouge Blush,Dior,Makeup,45.0,4.6618,33669,41,0,0,0.0
P442803,Peach Puff Long-Wearing Diffused Matte Lip Color,Too Faced,Makeup,19.0,4.2839,54730,37,0,0,0.0
P442821,Glowmotions Glow Body Oil,Sol de Janeiro,Bath & Body,35.0,4.081,141170,29,0,0,0.0
P442831,Multi-Peptide Serum for Hair Density,The Ordinary,Hair,21.7,3.863,254620,36,0,0,0.0
P442833,EUK 134 0.1%,The Ordinary,Skincare,11.1,4.35,35874,2,0,0,0.0
P442836,Barrier+ Foaming Oil Hydrating Cleanser,Skinfix,Skincare,30.0,4.5791,56605,29,0,0,0.0
P442837,Barrier+ Triple Lipid-Hyaluronate Serum,Skinfix,Skincare,50.0,4.6381,24567,38,0,0,0.0
P442838,Barrier+ Triple Lipid-Boost 360° Brightening Eye Cream,Skinfix,Skincare,44.0,4.3169,39524,35,0,0,0.0
P442839,Barrier+ Triple Lipid-Peptide Lotion Moisturizer,Skinfix,Skincare,42.0,4.6503,25515,39,0,0,0.0
P442840,Barrier+ Triple Lipid-Peptide Face Cream,Skinfix,Skincare,54.0,4.2924,206494,46,0,0,0.0
P442841,Barrier+ Lip Repair Balm,Skinfix,Skincare,15.0,3.0462,10271,6,0,0,0.0
P442842,Eczema+ Hand Repair Cream,Skinfix,Bath & Body,20.0,4.4588,26022,27,0,0,0.0
P442843,Eczema+ Dermatitis Face Balm,Skinfix,Skincare,29.0,4.2109,16974,9,0,0,0.0
P442844,Resurface+ Glycolic and Lactic Acid Renewing Body Scrub,Skinfix,Bath & Body,32.0,4.5769,66575,39,0,0,0.0
P442845,Resurface+ AHA Renewing Body Cream,Skinfix,Bath & Body,48.0,4.5741,63550,39,0,0,0.0
P442846,Eczema+ Extra Strength Body Cream,Skinfix,Bath & Body,39.0,4.5982,8931,27,0,0,0.0
P442847,Eczema+ Foaming Oil Body Wash,Skinfix,Bath & Body,27.0,4.1301,14613,26,0,0,0.0
P442848,Eczema+ Targeted Body Balm,Skinfix,Bath & Body,27.0,4.3786,6366,10,0,0,0.0
P442850,Redness Recovery+ Antioxidant Redness Treatment Overnight Mask,Skinfix,Skincare,52.0,4.1577,19905,42,0,0,0.0
P442851,Remedy+ 911 Ointment,Skinfix,Bath & Body,28.0,3.7,5631,12,0,0,0.0
P442853,Focuspot Blemish Micro Tip Patch,Dr. Jart+,Skincare,20.0,3.9684,0,8,0,0,0.0
P442854,Focuspot Dark Spot Micro Tip Patch,Dr. Jart+,Skincare,20.0,3.6311,0,8,0,0,0.0
P442857,Focuspot Micro Tip Patches,Dr. Jart+,Skincare,20.0,3.0381,54955,8,0,0,0.0
P442858,Rose Deep Hydration Sleeping Mask,fresh,Skincare,29.0,4.4586,44288,60,0,0,0.0
P442859,ALIVE Prebiotic Balancing Mask,Algenist,Skincare,38.0,4.3729,14367,44,0,0,0.0
P442860,ALIVE Prebiotic Balancing Moisturizer SPF 15,Algenist,Skincare,40.0,3.2,1897,30,0,0,0.0
P442867,Kx Active Concentrates Bio-Mimicking Peptides Serum,Kate Somerville,Skincare,98.0,4.4297,6479,38,0,0,0.0
P442871,Beta Hydroxy Acid (BHA) Blemish + Blackhead Serum,The INKEY List,Skincare,12.99,4.0835,72805,13,3,1,0.23076923076923078
P442989,Youth or Dare Multi-Acid & C-Serum,tarte,Skincare,42.0,3.1014,11296,17,0,0,0.0
P442990,Clean Screen Mineral SPF 30 Mattifying Face Sunscreen,REN Clean Skincare,Skincare,40.0,3.3558,13299,44,0,0,0.0
P442999,DIPBROW Gel - Mini,Anastasia Beverly Hills,Makeup,9.0,3.3403,65374,22,0,0,0.0
P443307,KUSH Waterproof Mascara,MILK MAKEUP,Makeup,15.0,2.8077,13155,32,0,0,0.0
P443308,KUSH Lash Primer,MILK MAKEUP,Makeup,28.0,3.9871,17973,30,0,0,0.0
P443317,Cream Lip Shine Liquid Lipstick,SEPHORA COLLECTION,Makeup,15.0,3.861,55782,18,0,0,0.0
P443321,Eyeliner Pencil To Go,SEPHORA COLLECTION,Makeup,6.0,4.1269,50074,15,0,0,0.0
P443322,Fine Line Waterproof Felt Tip Liquid Eyeliner,SEPHORA COLLECTION,Makeup,14.0,3.5812,10836,13,0,0,0.0
P443327,Great Brow Basics Pencil & Gel Set,Benefit Cosmetics,Makeup,36.0,4.1325,84252,78,0,0,0.0
P443328,Hot Line Brush Tip Waterproof Liquid Eyeliner,SEPHORA COLLECTION,Makeup,14.0,4.1208,21410,11,0,0,0.0
P443331,Mini No. 5 Bond Maintenance Conditioner,Olaplex,Hair,15.0,3.8848,79016,76,0,0,0.0
P443332,Mini No. 4 Bond Maintenance Shampoo,Olaplex,Hair,15.0,3.822,75009,71,0,0,0.0
P443336,Rouge Lacquer Long-Lasting Lipstick,SEPHORA COLLECTION,Makeup,15.0,4.121,78759,37,0,0,0.0
P443339,Surf Styling Leave In,Bumble and bumble,Hair,32.0,3.7816,8931,29,0,0,0.0
P443349,Skin Squad Pre + ProbioticSupplement for Acne-Prone Skin,HUM Nutrition,Skincare,40.0,4.1152,15373,15,0,0,0.0
P443350,Mini Precleanse Cleansing Oil,Dermalogica,Skincare,15.0,4.5435,20995,24,0,0,0.0
P443351,Mini Multi-Active Toner,Dermalogica,Skincare,13.0,4.3987,14201,49,0,0,0.0
P443352,Mini Daily Microfoliant Exfoliator,Dermalogica,Skincare,18.0,4.696,110141,29,3,1,0.10344827586206896
P443358,Intensive Moisture Balance Moisturizer,Dermalogica,Skincare,47.0,4.4667,10341,38,0,0,0.0
P443359,Skin Smoothing Cream Moisturizer,Dermalogica,Skincare,74.0,4.6055,12290,63,0,0,0.0
P443361,Skinperfect Primer SPF 30,Dermalogica,Makeup,58.0,4.3226,4932,35,0,0,0.0
P443366,Prisma Protect SPF 30 Moisturizer,Dermalogica,Skincare,69.0,4.3571,6322,50,0,0,0.0
P443369,Sound Sleep Cocoon Night Gel-Cream,Dermalogica,Skincare,89.0,4.1823,7619,29,0,0,0.0
P443370,BioLumin-C Vitamin C Serum,Dermalogica,Skincare,95.0,4.5714,21673,33,0,0,0.0
P443375,White Lucent Brightening Gel Cream,Shiseido,Skincare,75.0,3.4848,6154,58,0,0,0.0
P443376,White Lucent Overnight Cream & Mask,Shiseido,Skincare,110.0,3.2727,3749,50,0,0,0.0
P443377,White Lucent Day Emulsion Broad Spectrum SPF 23,Shiseido,Skincare,75.0,3.5,3128,52,0,0,0.0
P443383,Moisture Surge Eye 96-Hour Hydro-Filler Concentrate,CLINIQUE,Skincare,37.0,3.338,11769,52,0,0,0.0
P443390,’REPLICA’ Sailing Day Travel Spray,Maison Margiela,Fragrance,35.0,4.3043,13540,17,0,0,0.0
P443401,Blu Mediterraneo Mini Eau de Toilette Set,Acqua di Parma,Mini Size,77.0,3.3333,7290,88,0,0,0.0
P443514,Moon Crystal Sparkling Eye Pigment,Kaja,Makeup,19.0,4.384,64030,33,0,0,0.0
P443549,Dr. Andrew Weil for Origins Mega-Mushroom Relief & Resilience Soothing Cream,Origins,Skincare,71.0,4.2667,3524,48,0,0,0.0
P443550,Dr. Andrew Weil for Origins Mega-Mushroom Relief & Resilience Hydra Burst Gel Lotion,Origins,Skincare,71.0,4.0345,3001,47,0,0,0.0
P443563,Lip Glowy Balm,LANEIGE,Skincare,18.0,4.3923,471406,36,0,0,0.0
P443565,No.04 Bois de Balincourt Eau de Parfum Travel Spray,Maison Louis Marie,Fragrance,32.0,3.4961,12540,7,0,0,0.0
P443567,Soft Focus Hydrate + Set Powder,Jouer Cosmetics,Makeup,32.0,3.9898,20780,21,0,0,0.0
P443586,Your Skin But Better Makeup Primer+,IT Cosmetics,Makeup,39.5,4.453,28915,32,0,0,0.0
P443623,Major Glow Lip Shine,PATRICK TA,Makeup,26.0,4.6809,59552,22,0,0,0.0
P443626,Major Glow Body Oil,PATRICK TA,Bath & Body,58.0,3.7028,56380,18,0,0,0.0
P443700,Mini Special Cleansing Gel,Dermalogica,Skincare,13.0,4.5196,16436,26,0,0,0.0
P443743,Longwear Lip Liner,Laura Mercier,Makeup,28.0,2.9143,11315,14,0,0,0.0
P443744,Rouge Essentiel Silky Cream Lipstick,Laura Mercier,Makeup,38.0,4.2411,28260,28,0,0,0.0
P443753,Dewy Set Setting Spray,Anastasia Beverly Hills,Makeup,26.0,4.2373,50318,13,0,0,0.0
P443757,Detox Clear Invisible Dry Shampoo,Drybar,Hair,26.0,3.0787,5112,25,0,0,0.0
P443762,Mini Lash Paint Mascara,tarte,Makeup,15.0,3.6667,5188,21,0,0,0.0
P443764,Kosasport LipFuel Hyaluronic Acid Lip Balm,Kosas,Makeup,18.0,4.0215,70946,42,0,0,0.0
P443788,Bright Crystal Travel Spray,Versace,Fragrance,32.0,4.5377,15569,12,0,0,0.0
P443789,Un Jardin sur la Lagune Eau de Toilette,HERMÈS,Fragrance,112.0,4.2683,4763,18,0,0,0.0
P443790,Mini Pro Filt’r Instant Retouch Setting Powder,Fenty Beauty by Rihanna,Makeup,22.0,4.375,118111,15,0,0,0.0
P443795,Color Gel Lip Balm,Shiseido,Makeup,26.0,4.2353,14668,33,0,0,0.0
P443810,The Daily Vitamin C Day Serum with Antioxidant Complex,BeautyBio,Skincare,75.0,3.1176,2415,18,0,0,0.0
P443812,R45 The Lift 3-Phase Advanced Neck Contouring Treatment,BeautyBio,Skincare,85.0,3.1667,2668,113,0,0,0.0
P443829,"Glow Clear, Color Correcting Self-Tanning Mousse",Isle of Paradise,Skincare,32.0,3.4289,23933,28,0,0,0.0
P443830,Polyglutamic Acid Hydrating Serum,The INKEY List,Skincare,14.99,4.3937,48143,25,0,0,0.0
P443833,Salicylic Acid Acne + Pore Cleanser,The INKEY List,Skincare,11.99,4.3775,150051,26,3,1,0.11538461538461539
P443834,Rosehip Nourishing Night Oil,The INKEY List,Skincare,11.99,4.1029,34950,1,0,0,0.0
P443837,Kaolin Mask,The INKEY List,Skincare,7.49,4.3084,30744,27,0,0,0.0
P443838,Glycolic Acid Exfoliating Toner,The INKEY List,Skincare,12.99,4.3918,45406,14,0,0,0.0
P443840,Caffeine Eye Cream,The INKEY List,Skincare,10.99,3.898,174319,33,0,0,0.0
P443841,Vitamin C Brightening Cream,The INKEY List,Skincare,10.99,3.0271,31769,4,0,0,0.0
P443842,Retinol Anti-Aging Serum,The INKEY List,Skincare,12.99,4.3826,200087,31,0,0,0.0
P443843,Q10 Antioxidant Serum,The INKEY List,Skincare,9.99,4.3088,43585,26,0,0,0.0
P443845,Hyaluronic Acid Hydrating Serum,The INKEY List,Skincare,9.99,4.4073,169217,14,0,0,0.0
P443846,Collagen Booster Firming Peptide Serum,The INKEY List,Skincare,12.99,4.3103,66477,15,0,0,0.0
P443930,Soleil Glow Bronzer,TOM FORD,Makeup,70.0,4.4894,17214,28,0,0,0.0
P443932,Lip Blush,TOM FORD,Makeup,58.0,3.7297,7899,21,0,0,0.0
P444024,Mini Bronze & Glow Cheek Duo,Natasha Denona,Makeup,20.0,4.0545,32576,42,0,0,0.0
P444034,Transfix Matte Concealer,Natasha Denona,Makeup,28.0,2.7031,10437,15,0,0,0.0
P444042,Whipped Argan Oil SPF 45 Body Butter,Josie Maran,Bath & Body,42.0,3.75,5174,30,0,0,0.0
P444047,SuperHair  Daily Hair Nutrition Supplement,Moon Juice,Hair,60.0,4.3648,13616,21,0,0,0.0
P444048,Bum Bum Jet Set,Sol de Janeiro,Bath & Body,30.0,4.5094,256184,63,0,0,0.0
P444057,Aqua Bomb Jelly Cleanser,belif,Skincare,30.0,4.2943,17087,35,0,0,0.0
P444142,N.Y.M.P.H. Not Your Mama’s Panty Hose All Over Body Highlighter,HUDA BEAUTY,Makeup,49.0,2.8625,36052,25,0,0,0.0
P444149,Pro Kiss'r Luscious Lip Balm,Fenty Beauty by Rihanna,Makeup,20.0,4.2103,112726,20,0,0,0.0
P444154,Beauty Highlighter Wand,Charlotte Tilbury,Makeup,42.0,3.6491,450495,23,0,0,0.0
P444194,J'adore Huile Divine - Dry Silky Body & Hair Oil,Dior,Bath & Body,75.0,4.0833,7089,24,0,0,0.0
P444196,Yellow Diamond Travel Spray,Versace,Fragrance,32.0,4.5789,5905,20,0,0,0.0
P444199,WEST Eau de Parfum,Ellis Brooklyn,Fragrance,108.0,4.0704,4456,21,0,0,0.0
P444216,After-Dark Natural Peptide Sleeping Cream,Naturally Serious,Skincare,37.0,4.4407,6996,43,0,0,0.0
P444225,Clean Biotic pH-balanced yogurt cleanser with chlorophyll,Dr. Brandt Skincare,Skincare,36.0,4.2212,4790,27,0,0,0.0
P444226,Honey Grail Ultra-Hydrating Face Oil,Farmacy,Skincare,48.0,4.2355,47186,5,0,0,0.0
P444237,Mini Cleansing Wipes - Coconut Water,SEPHORA COLLECTION,Skincare,3.0,4.3,265,19,0,0,0.0
P444303,Mini Superhero Elastic Stretch Volumizing Mascara,IT Cosmetics,Mini Size,15.0,3.2209,6459,31,0,0,0.0
P444304,Mini Brow Power Universal Brow Pencil,IT Cosmetics,Mini Size,15.0,4.1481,5168,21,0,0,0.0
P444400,Mini KUSH Waterproof Mascara,MILK MAKEUP,Makeup,15.0,2.4578,17062,32,0,0,0.0
P444417,Marvelous CBD Massage and Body Oil,Ellis Brooklyn,Bath & Body,65.0,4.6585,3579,25,0,0,0.0
P444425,Unreal High Shine Volumizing Lip Gloss,Hourglass,Makeup,32.0,4.3037,64883,32,0,0,0.0
P444428,Thirsty Girl Coconut Milk Anti-Frizz Shampoo,IGK,Hair,27.0,2.9333,2227,86,4,1,0.046511627906976744
P444429,Thirsty Girl Coconut Milk Anti-Frizz Conditioner,IGK,Hair,27.0,3.85,2673,68,3,1,0.04411764705882353
P444433,Big Ego Mascara,tarte,Makeup,25.0,3.4153,9434,32,0,0,0.0
P444438,Color Haze Multi-Use Pigment,ILIA,Makeup,32.0,4.0541,58849,28,0,0,0.0
P444439,Mini Limitless Lash Lengthening Mascara,ILIA,Makeup,13.0,4.1158,96331,26,0,0,0.0
P444444,Smoke Sessions Eyeshadow Palette,Melt Cosmetics,Makeup,48.0,4.2561,61838,28,0,0,0.0
P444446,Twenty-Seven Eyeshadow Palette,Melt Cosmetics,Makeup,58.0,4.36,18311,24,0,0,0.0
P444545,Digital Dust Highlight,Melt Cosmetics,Makeup,39.0,4.5217,25338,23,0,0,0.0
P444546,Blush,Melt Cosmetics,Makeup,22.0,3.587,11874,20,0,0,0.0
P444547,Blushlight,Melt Cosmetics,Makeup,22.0,4.4412,18058,12,0,0,0.0
P444548,Liquid Lipstick,Melt Cosmetics,Makeup,19.0,3.8091,42989,18,0,0,0.0
P444597,BACKSTAGE Face & Body Primer,Dior,Makeup,36.0,4.1186,47975,32,0,0,0.0
P444600,Damn Girl! 24-Hour Mascara,Too Faced,Makeup,29.0,3.1733,43513,30,0,0,0.0
P444605,Tantour Contour & Bronzer Cream,HUDA BEAUTY,Makeup,30.0,4.2211,84069,10,0,0,0.0
P444607,Resting Boss Face Waterproof Setting Spray,HUDA BEAUTY,Makeup,33.0,3.1331,24991,21,0,0,0.0
P444609,Nudies Bloom All Over Dewy Color,NUDESTIX,Makeup,35.0,4.2869,48597,25,0,0,0.0
P444614,Express Ultra Dark Mousse,Isle of Paradise,Skincare,32.0,3.7833,9912,36,0,0,0.0
P444615,Witch Hazel & Rosewater Toner,Mario Badescu,Skincare,14.0,4.0882,12154,25,0,0,0.0
P444718,Squalane Cleanser,The Ordinary,Skincare,9.0,4.0068,121486,20,0,0,0.0
P444919,Liquid Light Serum Highlighter,ILIA,Makeup,42.0,4.1716,28712,22,0,0,0.0
P444920,Nude Plumping Lip Glace,NUDESTIX,Makeup,28.0,4.411,15479,188,0,0,0.0
P444921,Tan Bronze & Glow Palette,Natasha Denona,Makeup,59.0,4.5074,21961,81,0,0,0.0
P444926,Pro Kiss’r Lip-Loving Scrubstick,Fenty Beauty by Rihanna,Makeup,16.0,3.9164,34457,23,0,0,0.0
P444964,The Lip Volumizer,La Mer,Skincare,85.0,3.5536,19686,91,0,0,0.0
P444967,"Mini Facial Spray with Aloe, Herbs and Rosewater",Mario Badescu,Skincare,5.0,4.1138,32572,17,0,0,0.0
P444968,"Mini Facial Spray with Aloe, Cucumber and Green Tea",Mario Badescu,Skincare,5.0,3.8382,16475,22,0,0,0.0
P444969,"Mini Facial Spray with Aloe, Chamomile and Lavender",Mario Badescu,Skincare,5.0,3.8511,11554,19,0,0,0.0
P444970,Replenishing Multi-Acid Peel,Murad,Skincare,79.0,4.6106,8621,36,3,1,0.08333333333333333
P444980,Adaptogen Soothe + Hydrate Activated Mist with Peptides,Youth To The People,Skincare,42.0,4.1878,34503,24,0,0,0.0
P444987,Capture Youth Age-Delay Progressive Peeling Crème,Dior,Skincare,110.0,4.4286,2275,41,0,0,0.0
P444988,The Radiance Nourishing Body Oil with Jojoba + Apricot + Olive Oil,BeautyBio,Bath & Body,60.0,4.2105,4084,17,0,0,0.0
P444989,KP Bump Eraser Body Scrub with 10% AHA,First Aid Beauty,Bath & Body,30.0,4.4216,201467,31,0,0,0.0
P444990,Blend It Multi-Purpose Self-Tan Blender,Isle of Paradise,Skincare,22.0,2.3846,5294,21,0,0,0.0
P445101,Wood Sage & Sea Salt/ Peony & Blush Suede Mini Set,Jo Malone London,Fragrance,45.0,4.125,40893,31,0,0,0.0
P445401,Vanilla Vibes,Juliette Has a Gun,Fragrance,140.0,4.0963,23921,9,0,0,0.0
P445402,Vanilla Vibes Travel Spray,Juliette Has a Gun,Fragrance,30.0,4.1688,16904,14,0,0,0.0
P445411,Her Blossom Eau de Toilette,BURBERRY,Fragrance,101.0,4.069,12882,22,0,0,0.0
P445412,Her Blossom Eau de Toilette Rollerball,BURBERRY,Fragrance,38.0,4.069,4712,22,0,0,0.0
P445416,Vitamin Enriched Face Base & Skin Long Wear Foundation Customizable Set,Bobbi Brown,Makeup,72.0,4.0,14844,69,0,0,0.0
P445423,Perversion Waterproof Mascara,Urban Decay,Makeup,28.0,3.9231,7638,42,0,0,0.0
P445424,Perversion Waterproof Liquid Eyeliner,Urban Decay,Makeup,25.0,3.4397,7036,13,0,0,0.0
P445433,Emotionproof Mascara,TOM FORD,Makeup,50.0,4.0698,5743,48,0,0,0.0
P445721,Spicebomb Night Vision,Viktor&Rolf,Fragrance,128.0,4.3796,5708,18,0,0,0.0
P445724,Triple Action Cleansing Water - Cleanse + Purify,SEPHORA COLLECTION,Makeup,12.0,4.131,17037,14,0,0,0.0
P445725,Mini Triple Action Cleansing Water - Cleanse + Purify,SEPHORA COLLECTION,Mini Size,7.0,3.9545,8025,14,0,0,0.0
P445726,Firming Night Cream with Peptides,SEPHORA COLLECTION,Skincare,18.0,4.0217,34044,29,0,0,0.0
P445737,Antisocial Leave-In Dry Hair Mask,IGK,Hair,34.0,4.2305,24618,34,0,0,0.0
P445811,Invictus Legend,Paco Rabanne,Fragrance,106.0,4.9474,3025,16,0,0,0.0
P445822,Intensive Moisture Cleanser,Dermalogica,Skincare,42.0,4.0,2582,63,0,0,0.0
P445827,Sugar Strawberry Exfoliating Face Wash,fresh,Skincare,33.0,4.1597,61862,22,0,0,0.0
P445832,Acne Clearing Skin Wash Cleanser,Dermalogica,Skincare,42.0,4.6303,15540,56,3,1,0.05357142857142857
P445833,AGE Bright Clearing Serum,Dermalogica,Skincare,75.0,4.3528,9307,32,3,1,0.09375
P445951,Midnight Recovery Concentrate Moisturizing Face Oil,Kiehl's Since 1851,Skincare,30.0,4.2174,29687,23,0,0,0.0
P446023,Eau de Soleil Blanc Travel Spray,TOM FORD,Fragrance,50.0,4.141,15096,16,0,0,0.0
P446027,Mini Eye Primer,Anastasia Beverly Hills,Makeup,13.0,3.6888,23776,41,0,0,0.0
P446101,Lashes to Die For Turbo Conditioning Lash Enhancer,Peter Thomas Roth,Makeup,85.0,3.7254,4594,31,0,0,0.0
P446102,"Mini DayWear Advanced Multi-Protection Anti-Oxidant Creme, Normal/Combination",Estée Lauder,Skincare,36.0,4.4545,2904,78,0,0,0.0
P446111,V Shaping Facial Lift Depuff & Contour Serum with Hyaluronic Acid,Clarins,Skincare,90.0,3.5714,4239,29,0,0,0.0
P446119,Flowerbomb Travel Spray,Viktor&Rolf,Fragrance,35.0,4.587,43947,16,0,0,0.0
P446310,MiniMist & Fix Hydrating Setting Spray,MAKE UP FOR EVER,Mini Size,15.0,3.7632,10239,18,0,0,0.0
P446334,Volume Disturbia Mascara,Givenchy,Makeup,28.0,4.1452,4384,35,0,0,0.0
P446338,Nutritive 8H Magic Night Serum Hydrating Treatment,Kérastase,Hair,59.0,4.3376,64023,33,0,0,0.0
P446340,Superfoods Banana + Coconut Nourishing Shampoo,Briogeo,Hair,30.0,3.9829,11078,30,0,0,0.0
P446341,Superfoods Banana + Coconut Nourishing Conditioner,Briogeo,Hair,30.0,4.2579,10585,1,0,0,0.0
P446343,Superfoods Banana + Coconut Nourishing Shampoo + Conditioner Duo for Dry Hair,Briogeo,Hair,52.0,4.194,42162,61,0,0,0.0
P446344,Shimmer Body Oil,Anastasia Beverly Hills,Bath & Body,38.0,3.8095,20253,21,0,0,0.0
P446354,Mini Elixir Ultime Hydrating Hair Oil Serum,Kérastase,Hair,26.0,4.442,67121,16,0,0,0.0
P446419,Noni Bright 12% Vitamin C Serum,KORA Organics,Skincare,73.0,4.2288,21320,41,0,0,0.0
P446421,Clear Improvement Pore Clearing Moisturizer with Salicylic Acid,Origins,Skincare,40.0,4.2685,17465,42,0,0,0.0
P446422,Avocado Nourishing Hydration Mask,Kiehl's Since 1851,Skincare,48.0,3.9019,18646,28,0,0,0.0
P446423,InvisiScar Post-Acne Resurfacing Treatment,Murad,Skincare,38.0,4.1167,43504,19,3,1,0.15789473684210525
P446445,Elixir des Merveilles Eau de Parfum Spray,HERMÈS,Fragrance,181.0,4.4167,3134,16,0,0,0.0
P446518,Soothing Face Cleanser Oil,Bobbi Brown,Skincare,53.0,4.4063,10137,38,0,0,0.0
P446602,You Glow Girl Body Blur,INC.redible,Bath & Body,15.0,3.3846,3389,24,0,0,0.0
P446609,Hot Lips Lipstick 2,Charlotte Tilbury,Makeup,38.0,4.2977,109233,27,0,0,0.0
P446610,Superstar Lips Lipstick,Charlotte Tilbury,Makeup,35.0,4.1731,42117,30,0,0,0.0
P446612,Instant Magic Facial Dry Sheet Mask,Charlotte Tilbury,Skincare,25.0,3.4906,11527,47,0,0,0.0
P446621,Organic Cotton Pads,SEPHORA COLLECTION,Makeup,4.5,4.4944,47223,1,0,0,0.0
P446638,Power Cleanse Duo,Dermalogica,Skincare,19.0,4.5752,23348,51,3,1,0.058823529411764705
P446641,Argan Bright Skin Vitamin C Serum,Josie Maran,Skincare,66.0,4.3955,12342,20,0,0,0.0
P446787,Mini Go Big or Go Home Long-Wear Vegan Volumizing Mascara,KVD Beauty,Mini Size,13.0,3.1163,4066,21,0,0,0.0
P446790,Acqua Di Giò Absolu Instinct Eau De Parfum,Armani Beauty,Fragrance,102.0,4.0,958,22,0,0,0.0
P446794,Si Fiori Eau de Parfum,Armani Beauty,Fragrance,76.0,4.4674,12599,17,0,0,0.0
P446816,24/7 Glide-On Eye Pencil - Sparkle Out Loud Collection,Urban Decay,Makeup,25.0,4.5449,12816,31,0,0,0.0
P446820,Grapefruit Peeling Mask - Skin Perfection,SEPHORA COLLECTION,Skincare,8.0,3.4444,0,27,0,0,0.0
P446821,Heavy Metal Glitter Eyeliner - Sparkle Out Loud Collection,Urban Decay,Makeup,25.0,,0,37,0,0,0.0
P446822,Hemp Mousse Mask - Anti-Blemish,SEPHORA COLLECTION,Skincare,8.0,3.5769,0,40,0,0,0.0
P446824,KUSH Lash + Brow Enhancing Serum,MILK MAKEUP,Makeup,52.0,3.7877,48673,25,0,0,0.0
P446827,Liner Disturbia Felt Tip Eyeliner,Givenchy,Makeup,28.0,3.8065,1999,15,0,0,0.0
P446871,Mini Big Ego Mascara,tarte,Makeup,15.0,3.5385,6055,32,0,0,0.0
P446874,Even Better Refresh Hydrating and Repairing Makeup Foundation,CLINIQUE,Makeup,37.0,4.0,5900,57,3,1,0.05263157894736842
P446901,Mini Bye Bye Under Eye Full Coverage Anti-Aging Waterproof Concealer,IT Cosmetics,Makeup,13.0,3.8168,53470,30,0,0,0.0
P446908,Advanced Night Repair Treatment Intense Reset Concentrate,Estée Lauder,Skincare,92.0,4.4595,11042,56,3,1,0.05357142857142857
P446909,Zincscreen 100% Mineral Sunscreen Lotion SPF 40 PA+++,Supergoop!,Skincare,44.0,3.8729,20095,33,0,0,0.0
P446911,Voyage d'Hermès Pure Perfume,HERMÈS,Fragrance,123.0,4.4286,1359,16,0,0,0.0
P446916,Eczema+ Care Kit,Skinfix,Skincare,35.0,4.2,9573,69,0,0,0.0
P446930,Cream Skin Toner & Moisturizer,LANEIGE,Skincare,33.0,4.4481,143173,16,0,0,0.0
P446934,Oil and Pore Control Mattifier Broad Spectrum SPF 45 PA++++,Murad,Skincare,49.0,3.9357,17782,39,0,0,0.0
P446938,Lala Retro Whipped Refillable Moisturizer with Ceramides,Drunk Elephant,Skincare,62.0,4.1535,145717,35,0,0,0.0
P446942,Niacinamide Oil Control Serum,The INKEY List,Skincare,9.99,4.199,80563,23,0,0,0.0
P447113,Reset Clarifying Shampoo,Verb,Hair,20.0,3.687,8056,41,0,0,0.0
P447114,Reset RepairingHairMask,Verb,Hair,20.0,3.7636,5288,57,0,0,0.0
P447115,Reset SealingHairMist,Verb,Hair,20.0,3.9048,3281,48,0,0,0.0
P447121,Hello Happy Flawless Brightening Foundation SPF 15,Benefit Cosmetics,Makeup,15.0,3.8846,6746,35,0,0,0.0
P447122,Hello Happy Velvet Powder Foundation,Benefit Cosmetics,Makeup,30.0,2.6667,7565,42,0,0,0.0
P447123,Born This Way Pressed Powder Foundation,Too Faced,Makeup,39.0,4.0047,39049,36,0,0,0.0
P447142,Bleu de Chanel 2 in 1 Moisturizer,CHANEL,Bath & Body,68.0,3.0,1017,29,0,0,0.0
P447143,Stay Naked Weightless Foundation,Urban Decay,Makeup,40.0,4.117,70914,35,0,0,0.0
P447156,Rose Gold Blush Bouquet Dual Blush Palette Mini,Jouer Cosmetics,Makeup,19.0,4.1667,13046,41,0,0,0.0
P447199,Super Glow Hyaluronic Self-Tan Serum,TAN-LUXE,Skincare,49.0,3.9845,13931,43,0,0,0.0
P447200,Baba Bomb Moisturizer,tarte,Skincare,39.0,4.4104,10945,29,0,0,0.0
P447210,Squalane + Marine Algae Firming & Lifting Eye Cream,Biossance,Skincare,56.0,4.1436,92333,21,0,0,0.0
P447212,Hyaluronic Serum,Dr. Barbara Sturm,Skincare,320.0,3.9386,7257,8,0,0,0.0
P447213,4.5% Retinol Serum,SOBEL SKIN Rx,Skincare,105.0,4.4459,6274,30,0,0,0.0
P447355,Mini Farewell Frizz Rosarco Milk Leave-In Conditioner Spray,Briogeo,Hair,12.0,3.3594,26674,21,0,0,0.0
P447358,Mini Hello Happy Flawless Brightening Foundation SPF 15,Benefit Cosmetics,Makeup,15.0,3.7407,8226,35,0,0,0.0
P447359,Arch Brow Micro Sculpting Pencil,Hourglass,Makeup,29.0,4.238,17714,17,0,0,0.0
P447363,Studio Skin 24 Hour Full Coverage Waterproof Foundation,Smashbox,Makeup,38.0,3.5725,37179,31,0,0,0.0
P447364,Mini Maracuja Creaseless Concealer,tarte,Mini Size,14.0,3.2108,107596,16,0,0,0.0
P447368,Hello Happy Flawless Brightening Foundation,Benefit Cosmetics,Makeup,30.0,3.2258,2168,35,0,0,0.0
P447371,BADgal BANG! 24-Hour Waterproof Eyeliner,Benefit Cosmetics,Makeup,22.0,3.8421,7560,16,0,0,0.0
P447375,Cookie and Tickle Powder Highlighters,Benefit Cosmetics,Makeup,35.0,4.7399,87043,35,0,0,0.0
P447376,No. 7 Bonding Hair Oil,Olaplex,Hair,30.0,4.1018,302328,25,0,0,0.0
P447377,Color Depositing Mask,Moroccanoil,Hair,30.0,3.6638,31196,55,0,0,0.0
P447378,Mini Color Depositing Mask,Moroccanoil,Hair,8.0,3.5338,31250,56,0,0,0.0
P447409,Mini Baba Bomb Moisturizer,tarte,Skincare,14.0,4.1111,5514,29,0,0,0.0
P447504,AA (Alguronic Acid) Barrier Serum,Algenist,Skincare,85.0,3.97,3877,51,0,0,0.0
P447519,Sublime Perfection Foundation,PAT McGRATH LABS,Makeup,68.0,4.1832,122029,25,0,0,0.0
P447529,Capri Summer Eau De Parfum Rollerball,SKYLAR,Fragrance,30.0,4.363,5914,48,0,0,0.0
P447530,Capri Summer Eau De Parfum,SKYLAR,Fragrance,90.0,4.363,5239,48,0,0,0.0
P447535,Isle Escape Eau De Parfum Rollerball,SKYLAR,Fragrance,30.0,3.9872,3752,33,0,0,0.0
P447536,Isle Escape Eau De Parfum,SKYLAR,Fragrance,90.0,3.9872,4441,33,0,0,0.0
P447551,Pro Filt'r Mattifying Primer,Fenty Beauty by Rihanna,Makeup,36.0,3.7479,43489,24,0,0,0.0
P447553,Stay Naked Correcting Concealer,Urban Decay,Makeup,30.0,4.345,37001,38,0,0,0.0
P447557,Lock-It Powder Foundation Refills,KVD Beauty,Makeup,24.0,4.24,5612,21,0,0,0.0
P447573,Mini Resistance Heat Protecting Leave In Treatment for Damaged Hair,Kérastase,Hair,24.0,4.0,19734,32,0,0,0.0
P447576,Mini Nutritive Conditioner for Normal to Dry Hair,Kérastase,Hair,24.0,3.0,3178,30,0,0,0.0
P447583,Mixed Feelings Leave-In Brunette Toning Drops,IGK,Hair,29.0,3.381,4477,36,0,0,0.0
P447584,1-800-Hold-Me No-Crunch Flexible Hold Hairspray,IGK,Hair,29.0,3.8182,3044,22,0,0,0.0
P447592,Alpha Beta Pore Perfecting & Refining Serum,Dr. Dennis Gross Skincare,Skincare,68.0,4.4672,26675,56,3,1,0.05357142857142857
P447596,100% Organic Cold-Pressed Moroccan Argan Oil,The Ordinary,Skincare,7.5,4.1709,65051,1,0,0,0.0
P447597,100% Organic Virgin Chia Seed Oil,The Ordinary,Skincare,8.5,4.1892,21125,1,0,0,0.0
P447598,High-Spreadability Fluid Primer,The Ordinary,Makeup,10.0,4.0462,41985,7,0,0,0.0
P447603,Ultra Repair Wild Oat Hydrating Toner,First Aid Beauty,Skincare,24.0,4.4746,54752,29,0,0,0.0
P447607,Rose Milk Re-Hydrating Mist,Lancôme,Skincare,30.0,3.5517,5507,33,3,1,0.09090909090909091
P447608,Rose Sorbet Cryo-Mask,Lancôme,Skincare,45.0,3.5185,3771,21,3,1,0.14285714285714285
P447718,Fly Baby Mini Eye Primer and Liner Set,Fenty Beauty by Rihanna,Makeup,24.0,3.398,44962,44,0,0,0.0
P447742,Mini KUSH Lash Primer,MILK MAKEUP,Mini Size,15.0,3.033,14342,30,0,0,0.0
P447744,10-Second Eye Gel Watercolor Eyeshadow,Kosas,Makeup,15.0,3.3796,67674,21,0,0,0.0
P447753,No.03 L'Etang Noir Perfume Oil,Maison Louis Marie,Bath & Body,65.0,4.1724,2319,83,0,0,0.0
P447761,Ameline Eau de Parfum Travel Spray,PHLUR,Fragrance,26.0,3.9077,2487,3,0,0,0.0
P447764,Sublime Perfection Hydrating Primer,PAT McGRATH LABS,Makeup,45.0,3.3895,8904,33,0,0,0.0
P447768,Mini Damn Girl! 24-Hour Mascara,Too Faced,Mini Size,17.0,3.3969,15490,42,0,0,0.0
P447770,Sublime Perfection Setting Powder,PAT McGRATH LABS,Makeup,39.0,3.7536,18337,16,0,0,0.0
P447773,PITERA First Experience Kit,SK-II,Skincare,99.0,3.9146,30424,32,3,1,0.09375
P447775,Brazilian 4 Play Moisturizing Shower Cream-Gel Mini,Sol de Janeiro,Bath & Body,10.0,4.1687,26229,27,0,0,0.0
P447778,Bakuchiol Retinol Alternative Moisturizer,The INKEY List,Skincare,12.99,4.0376,28723,19,0,0,0.0
P447780,The Silk Peony Melting Eye Cream,Tatcha,Skincare,62.0,4.1593,91742,44,0,0,0.0
P447781,Face Cream,Dr. Barbara Sturm,Skincare,225.0,4.2407,4738,32,0,0,0.0
P447782,Glow Drops,Dr. Barbara Sturm,Skincare,150.0,4.0601,8905,36,0,0,0.0
P447783,Cleanser,Dr. Barbara Sturm,Skincare,75.0,4.2,6271,19,3,1,0.15789473684210525
P447785,Eye Cream,Dr. Barbara Sturm,Skincare,145.0,3.8221,4529,23,0,0,0.0
P447787,Super Anti-Aging Serum,Dr. Barbara Sturm,Skincare,370.0,3.3684,4523,10,0,0,0.0
P447788,Calming Serum,Dr. Barbara Sturm,Skincare,255.0,3.7778,2487,23,0,0,0.0
P447789,Sun Drops SPF 50,Dr. Barbara Sturm,Skincare,150.0,2.7164,3538,27,0,0,0.0
P447790,Anti-Pollution Drops,Dr. Barbara Sturm,Skincare,150.0,3.6327,3528,13,0,0,0.0
P447791,Avocado Fine Line Eye Cream with Retinol,Glow Recipe,Skincare,42.0,4.1087,176653,58,0,0,0.0
P448102,Libre Eau De Parfum,Yves Saint Laurent,Fragrance,130.0,4.5144,154683,21,0,0,0.0
P448106,Libre Eau De Parfum Travel Spray,Yves Saint Laurent,Fragrance,34.0,4.5144,60012,21,0,0,0.0
P448108,Poppy & Barley Cologne,Jo Malone London,Fragrance,145.0,4.4474,9658,12,0,0,0.0
P448111,Idôle Eau de Parfum,Lancôme,Fragrance,118.0,4.5362,43464,24,0,0,0.0
P448117,Neon Rose Eau De Parfum,Floral Street,Fragrance,89.0,4.1628,3225,12,0,0,0.0
P448120,Wonderland Peony Eau De Parfum,Floral Street,Fragrance,34.0,4.3732,10415,13,0,0,0.0
P448122,Wonderland Peony Eau De Parfum Travel Spray,Floral Street,Fragrance,34.0,4.3732,10155,13,0,0,0.0
P448129,Wild Vanilla Orchid Eau De Parfum,Floral Street,Fragrance,89.0,4.2066,8673,8,0,0,0.0
P448131,Wild Vanilla Orchid Eau De Parfum  Travel Spray,Floral Street,Fragrance,34.0,4.2066,7837,8,0,0,0.0
P448138,Black Lotus Eau De Parfum,Floral Street,Fragrance,34.0,3.3,1672,19,0,0,0.0
P448140,Black Lotus Eau De Parfum Travel Spray,Floral Street,Fragrance,34.0,3.3,1651,19,0,0,0.0
P448141,Ylang Ylang Espresso Eau De Parfum,Floral Street,Fragrance,89.0,3.0414,1629,14,0,0,0.0
P448147,Lash Blowout Volumizing Mascara,IT Cosmetics,Makeup,26.0,3.9892,21456,48,0,0,0.0
P448148,Mini Seal The Deal Talc-Free Loose Setting Powder,LAWLESS,Mini Size,23.0,3.5577,10829,6,0,0,0.0
P448151,Flex Foundation Stick,MILK MAKEUP,Makeup,36.0,4.1264,51881,32,0,0,0.0
P448152,Tinted Cover Skin Tint Foundation,NUDESTIX,Makeup,36.0,4.0,15218,52,0,0,0.0
P448155,MÉTALLIQUE,TOM FORD,Fragrance,235.0,3.6533,6591,17,0,0,0.0
P448158,Resistance Heat Protecting Leave-In Treatment for Split Ends,Kérastase,Hair,45.0,4.5225,7361,28,0,0,0.0
P448161,Norvina Pro Pigment Palette Vol. 1 for Face & Body,Anastasia Beverly Hills,Makeup,60.0,4.7151,47248,475,0,0,0.0
P448162,Boi-ing Cakeless Full Coverage Waterproof Liquid Concealer,Benefit Cosmetics,Makeup,27.0,4.3136,50440,30,0,0,0.0
P448169,"Restorative, Hydrating Treatment Hair Mask with Keratin",Virtue,Hair,34.0,4.4179,9793,76,1,1,0.013157894736842105
P448182,The Hydrating Illuminator,La Mer,Makeup,90.0,4.619,5330,79,0,0,0.0
P448184,Cicapair Tiger Grass Calming Mist,Dr. Jart+,Skincare,25.0,4.4314,23218,40,0,0,0.0
P448185,Cicapair Tiger Grass Calming Gel Cream,Dr. Jart+,Skincare,49.0,4.4977,34356,50,0,0,0.0
P448192,Mini Sugar Strawberry Exfoliating Face Wash,fresh,Skincare,15.0,3.8956,25388,22,0,0,0.0
P448200,Benefiance Wrinkle Smoothing Cream,Shiseido,Skincare,75.0,4.6037,6215,53,0,0,0.0
P448201,Benefiance Wrinkle Smoothing Day Cream SPF 23,Shiseido,Skincare,75.0,4.5121,18392,49,0,0,0.0
P448202,Benefiance Wrinkle Smoothing Cream Enriched,Shiseido,Skincare,75.0,4.5776,12045,51,0,0,0.0
P448203,Benefiance Wrinkle Smoothing Eye Cream,Shiseido,Skincare,64.0,4.3298,43729,58,0,0,0.0
P448207,PHAT Glow Facial Mask,OLEHENRIKSEN,Skincare,52.0,4.3854,49921,43,0,0,0.0
P448211,Coco Cabana Intense Hydration Body Cream,Sol de Janeiro,Bath & Body,48.0,3.3654,51711,24,0,0,0.0
P4484,Hypnotic Poison,Dior,Fragrance,100.0,4.4289,71756,8,0,0,0.0
P448443,Discipline Oleo-Relax Anti-Frizz Shampoo,Kérastase,Hair,40.0,3.9286,5241,1,0,0,0.0
P448444,Discipline Oleo-Relax Anti-Frizz Hair Mask,Kérastase,Hair,68.0,4.0556,5449,28,0,0,0.0
P448445,Discipline Oleo-Relax Anti-Frizz Hair Oil Serum,Kérastase,Hair,45.0,4.1628,12988,15,0,0,0.0
P448446,Hydration Detangler + UV Barrier,Rahua,Hair,32.0,4.5,4357,21,0,0,0.0
P448464,Fucking Fabulous Travel Spray,TOM FORD,Fragrance,80.0,3.9544,23918,19,0,0,0.0
P448466,Tuscan Leather Travel Spray,TOM FORD,Fragrance,70.0,3.8034,2824,8,0,0,0.0
P448496,Matte Perfection Lightweight Tinted Moisturizer,SEPHORA COLLECTION,Makeup,18.0,3.7148,64563,29,0,0,0.0
P448502,Lipstick,NARS,Makeup,26.0,4.1729,156297,32,0,0,0.0
P448503,High-Pigment Longwear Eyeliner,NARS,Makeup,24.0,2.2627,19169,27,0,0,0.0
P448530,Salicylic Acid 2% Masque,The Ordinary,Skincare,13.3,4.3736,164697,19,3,1,0.15789473684210525
P448537,Alpha Arbutin Brightening Serum,The INKEY List,Skincare,12.99,4.2174,29698,22,0,0,0.0
P448542,Clarifying Mask,Dr. Barbara Sturm,Skincare,150.0,4.125,2446,36,0,0,0.0
P448544,Darker Skin Tones Face Cream,Dr. Barbara Sturm,Skincare,225.0,5.0,1685,47,0,0,0.0
P448545,Darker Skin Tones Foam Cleanser,Dr. Barbara Sturm,Skincare,75.0,3.7,1146,18,3,1,0.16666666666666666
P448546,Darker Skin Tones Enzyme Cleanser,Dr. Barbara Sturm,Skincare,75.0,4.7778,3148,9,0,0,0.0
P448547,Darker Skin Tones Face Cream Rich,Dr. Barbara Sturm,Skincare,240.0,4.6667,873,38,0,0,0.0
P448548,Darker Skin Tones Hyaluronic Serum,Dr. Barbara Sturm,Skincare,300.0,4.3636,2233,12,0,0,0.0
P448549,Brightening Serum,Dr. Barbara Sturm,Skincare,310.0,3.5556,1709,30,0,0,0.0
P448550,Brightening Face Cream,Dr. Barbara Sturm,Skincare,240.0,5.0,2000,41,0,0,0.0
P448551,Brightening Face Lotion,Dr. Barbara Sturm,Skincare,205.0,4.4286,1490,39,0,0,0.0
P448553,Face Cream Rich,Dr. Barbara Sturm,Skincare,240.0,4.3182,3298,35,0,0,0.0
P448554,Enzyme Cleanser,Dr. Barbara Sturm,Skincare,75.0,3.8276,7182,9,0,0,0.0
P448557,Clarifying Serum,Dr. Barbara Sturm,Skincare,255.0,4.125,2524,16,0,0,0.0
P448558,Clarifying Face Cream,Dr. Barbara Sturm,Skincare,225.0,3.3182,2288,49,0,0,0.0
P448560,Clinique For Men Maximum Hydrator Eye 96-Hour Hydro-Filler Concentrate,CLINIQUE,Men,37.0,4.75,1859,51,0,0,0.0
P448561,Clinique For Men Maximum Hydrator 72-Hour Auto-Replenishing Hydrator,CLINIQUE,Men,44.0,5.0,2223,40,0,0,0.0
P448562,Barrier+ Foaming Clay Cleanser,Skinfix,Skincare,32.0,4.4493,9256,26,0,0,0.0
P448563,Clinique Smart Clinical MD Multi-Dimensional Age Transformer Revolumize,CLINIQUE,Skincare,74.0,3.3265,1423,69,0,0,0.0
P448564,Clinique Smart Clinical MD Multi-Dimensional Age Transformer Resculpt,CLINIQUE,Skincare,74.0,3.6875,1410,63,0,0,0.0
P448565,Clinique Smart Clinical MD Multi-Dimensional Age Transformer Duo Resculpt + Revolumize,CLINIQUE,Skincare,74.0,3.0,1968,134,0,0,0.0
P448702,Pro Filt'r Hydrating Longwear Foundation,Fenty Beauty by Rihanna,Makeup,36.0,3.5143,172476,35,0,0,0.0
P448703,Pro Filt'r Hydrating Primer,Fenty Beauty by Rihanna,Makeup,36.0,4.4586,71902,32,0,0,0.0
P448710,pores no more Pore Purifying Cleanser,Dr. Brandt Skincare,Skincare,38.0,4.2537,5136,23,3,1,0.13043478260869565
P448711,Face Mask,Dr. Barbara Sturm,Skincare,125.0,4.5185,5780,16,0,0,0.0
P448713,Clarifying Spot Treatment,Dr. Barbara Sturm,Skincare,55.0,4.125,2729,34,0,0,0.0
P448715,Balancing Toner,Dr. Barbara Sturm,Skincare,75.0,4.4828,4371,15,0,0,0.0
P448716,Anti-Aging Body Cream,Dr. Barbara Sturm,Bath & Body,125.0,4.0909,2304,42,0,0,0.0
P448719,PRO Strength Lactic Pore Treatment,Peter Thomas Roth,Skincare,88.0,4.5779,16862,27,0,0,0.0
P448729,Volumizing Full Shampoo for Fine Hair,Virtue,Hair,40.0,4.4832,7484,32,0,0,0.0
P448730,Volumizing Full Conditioner for Fine Hair,Virtue,Hair,42.0,4.6019,4136,76,1,1,0.013157894736842105
P448739,6-in-1 Vitamin E Hair Smoothing Styler,Virtue,Hair,36.0,4.6634,7387,30,0,0,0.0
P448744,Create Hair Texturizing Spray,Virtue,Hair,38.0,4.6364,2188,37,0,0,0.0
P448802,Brighten-i Eye Cream,The INKEY List,Skincare,12.99,3.7617,87730,30,0,0,0.0
P448845,The Necessary Eyeshadow Palette,ILIA,Makeup,40.0,4.4141,62201,91,0,0,0.0
P448846,Clean Line Gel Eyeliner,ILIA,Makeup,26.0,3.4744,16972,35,0,0,0.0
P448847,Clean Line Liquid Eyeliner,ILIA,Makeup,28.0,3.9856,17883,14,0,0,0.0
P448851,Midnight Maven Eyeshadow Palette,Artist Couture,Makeup,29.0,4.7333,3505,142,0,0,0.0
P448852,SOS Daily Rescue Facial Spray,Tower 28 Beauty,Skincare,12.0,4.2481,91499,3,0,0,0.0
P448853,Mini SOS Daily Rescue Facial Spray,Tower 28 Beauty,Skincare,12.0,3.9091,64871,3,0,0,0.0
P448855,SuperDew Shimmer-Free Highlight Balm,Tower 28 Beauty,Makeup,18.0,3.7799,34412,27,0,0,0.0
P448859,Caviar Anti-Aging Smoothing Anti-Frizz Air-Dry Balm,ALTERNA Haircare,Hair,32.0,4.1563,2682,44,0,0,0.0
P448864,Correct Un-Frizz Hair Styling & Smoothing Cream,Virtue,Hair,44.0,4.6701,4403,28,0,0,0.0
P448865,Hydrating & Heat Protectant Healing Hair Oil,Virtue,Hair,44.0,4.7287,15926,22,0,0,0.0
P448866,Jump Start Quick Dry Blowout Serum,Drybar,Hair,29.0,3.5545,11870,40,0,0,0.0
P448869,Airbrush Flawless Longwear Foundation,Charlotte Tilbury,Makeup,49.0,3.7697,304583,35,0,0,0.0
P448878,Brow MVP Ultra Fine Brow Pencil & Styler,Fenty Beauty by Rihanna,Makeup,25.0,3.5842,63748,17,0,0,0.0
P448881,Le Rouge Deep Velvet Matte Lipstick,Givenchy,Makeup,40.0,4.5346,32559,31,0,0,0.0
P4489,Eau Sauvage,Dior,Fragrance,120.0,4.7403,3250,22,0,0,0.0
P448934,Bye Bye Pores Leave-On Solution Pore-Refining Toner,IT Cosmetics,Skincare,34.0,4.0481,25082,29,3,1,0.10344827586206896
P448937,ICE Ceramide Moisturizer with Vitamin F,Sunday Riley,Skincare,65.0,4.084,19213,53,0,0,0.0
P4490,Fahrenheit,Dior,Fragrance,95.0,4.7009,7487,20,0,0,0.0
P449085,The Glamoureyes Kit,Velour Lashes,Makeup,29.0,3.4091,6863,5,0,0,0.0
P449090,Wink Stamp Original Waterproof Wing Eyeliner Stamp & Pen,Kaja,Makeup,29.0,4.3292,48711,50,0,0,0.0
P449098,Summer Skin Talc-Free Velvet Matte Bronzer,LAWLESS,Makeup,38.0,4.45,14596,10,0,0,0.0
P449099,Just Kinda Bliss Hemp Hydration Lip Jelly,INC.redible,Makeup,10.0,4.1071,11486,17,0,0,0.0
P449102,Crystal Ball Roller Gloss,INC.redible,Skincare,12.0,4.3839,14595,9,0,0,0.0
P449106,Synchro Skin Self-Refreshing Foundation SPF 30,Shiseido,Makeup,47.0,4.2702,69927,39,0,0,0.0
P449107,Synchro Skin Self-Refreshing Concealer,Shiseido,Makeup,31.0,4.4394,38828,40,0,0,0.0
P449116,Donna Born In Roma Eau de Parfum,Valentino,Fragrance,130.0,4.5206,181114,24,0,0,0.0
P449117,Donna Born In Roma Eau de Parfum Travel Spray,Valentino,Fragrance,35.0,4.5206,67127,24,0,0,0.0
P449122,Sauvage Parfum,Dior,Fragrance,180.0,4.5236,10891,24,0,0,0.0
P449124,Luminous Foundation,Anastasia Beverly Hills,Makeup,38.0,4.1304,64069,47,0,0,0.0
P449136,Super Dry Shampoo,OUAI,Hair,26.0,4.245,28407,28,0,0,0.0
P449138,Bb. Heat Shield Blow Dry Accelerator,Bumble and bumble,Hair,32.0,4.5654,6404,30,0,0,0.0
P449139,Bb. Heat Shield Thermal Protection Mist,Bumble and bumble,Hair,17.0,4.4926,30999,32,0,0,0.0
P449149,Loose Setting Powder,Anastasia Beverly Hills,Makeup,38.0,4.534,27345,13,0,0,0.0
P449150,Hydrating Oil,Anastasia Beverly Hills,Skincare,45.0,4.5556,4568,26,0,0,0.0
P449151,Liquid Liner,Anastasia Beverly Hills,Makeup,18.0,4.1865,18963,14,0,0,0.0
P449158,Mini Lotus Anti-Aging Night Moisturizer,fresh,Skincare,22.0,3.9935,34666,39,0,0,0.0
P449167,Shea Butter Intensive Hand Balm,L'Occitane,Bath & Body,38.0,4.6111,9555,23,0,0,0.0
P449168,Coco Cabana Body Cream - With New Coconut Scent and Plush Moisture Mini,Sol de Janeiro,Bath & Body,22.0,3.1165,26523,24,0,0,0.0
P449175,Aqua Bomb Hydrating Toner,belif,Skincare,30.0,4.361,24132,46,0,0,0.0
P449177,AGE Smart Phyto-Nature Firming Serum,Dermalogica,Skincare,155.0,4.3311,2823,76,0,0,0.0
P449180,CC Me Vitamin C + Niacinamide Serum,Summer Fridays,Skincare,68.0,4.0893,80956,40,0,0,0.0
P449188,Green Defense Daily Mineral Sunscreen SPF 30,Farmacy,Skincare,36.0,3.9767,31465,39,0,0,0.0
P449342,BeachPlease Lip + Cheek Cream Blush,Tower 28 Beauty,Makeup,20.0,4.507,257946,32,0,0,0.0
P449366,Hermès Twilly d'Hermès Eau Poivrée,HERMÈS,Fragrance,92.0,4.1667,7277,22,0,0,0.0
P449367,K by Dolce & Gabbana,Dolce&Gabbana,Men,104.0,4.6467,7657,20,0,0,0.0
P449372,Gloss Luxe Lip Gloss,TOM FORD,Makeup,59.0,4.6643,57082,7,0,0,0.0
P449373,Muroto Volume Lightweight Care Shampoo For Fine Hair,shu uemura,Hair,52.0,4.35,2756,29,3,1,0.10344827586206896
P449374,Muroto Volume Lightweight Care Conditioner For Fine Hair,shu uemura,Hair,62.0,3.4444,1354,31,0,0,0.0
P449375,Muroto Volume Lightweight Care Treatment For Fine Hair,shu uemura,Hair,72.0,4.4225,1601,31,0,0,0.0
P449376,Muroto Volume Hydro-Texturizing Mist For Fine Hair,shu uemura,Hair,42.0,3.5714,2579,17,0,0,0.0
P449410,Boosted Contouring Retinol Eye Balm,Tata Harper,Skincare,260.0,3.4167,2191,56,0,0,0.0
P449411,Mini Micellar Magic Makeup Remover & Cleanser,tarte,Skincare,9.0,3.4286,3357,14,0,0,0.0
P449541,Pure Vitality Skin Renewing Cream,Kiehl's Since 1851,Skincare,75.0,4.3301,5068,37,3,1,0.08108108108108109
P449551,WEST Eau de Parfum Travel Spray,Ellis Brooklyn,Fragrance,32.0,3.3,3353,21,0,0,0.0
P449555,GABRIELLE CHANEL ESSENCE Eau de Parfum,CHANEL,Fragrance,160.0,4.5158,39133,22,0,0,0.0
P449571,Magic Vanish Color Corrector,Charlotte Tilbury,Makeup,32.0,3.8895,84080,21,0,0,0.0
P449599,Mini Anti-Aging Cleansing Gel,Peter Thomas Roth,Skincare,12.0,4.3699,9844,26,3,1,0.11538461538461539
P449601,Face Cream Light,Dr. Barbara Sturm,Skincare,215.0,3.9333,1420,29,0,0,0.0
P449749,Chloe L'Eau,Chloé,Fragrance,133.0,4.1784,5902,20,0,0,0.0
P449753,Mini Pret-a-Powder Tres Invisible Dry Shampoo with French Pink Clay,Bumble and bumble,Hair,16.0,2.4762,3145,36,0,0,0.0
P449767,Energizing Scrub: Purifying Scrub for Oily Scalp,Kérastase,Hair,56.0,4.5328,14839,18,3,1,0.16666666666666666
P449768,Relaxing Scrub: Soothing Scrub for Dry Scalp,Kérastase,Hair,56.0,4.1831,4590,18,3,1,0.16666666666666666
P449773,Dean Street Gentle Body Wash,OUAI,Bath & Body,28.0,4.2787,18025,31,0,0,0.0
P449774,Shibuya Moisturizing Body Cream,OUAI,Bath & Body,38.0,4.0,23486,40,0,0,0.0
P449790,Mothership VI Eyeshadow Palette - Midnight Sun,PAT McGRATH LABS,Makeup,128.0,4.6246,27306,185,0,0,0.0
P449793,Luminous Silk Hydrating Makeup Primer,Armani Beauty,Makeup,44.0,4.4756,19171,28,0,0,0.0
P449835,Mini Maracuja Oil,tarte,Skincare,16.0,3.898,9396,9,0,0,0.0
P449836,Mini SEA Deep Dive Cleansing Gel,tarte,Skincare,12.0,4.2889,7205,30,0,0,0.0
P450057,Mini Gold Eyeshadow Palette,Natasha Denona,Makeup,27.0,4.312,38357,77,0,0,0.0
P450176,Urban Hero Eau de Parfum,JIMMY CHOO,Fragrance,98.0,,477,21,0,0,0.0
P450194,Soleil Neige,TOM FORD,Fragrance,295.0,4.6016,18213,17,0,0,0.0
P450195,Soleil Neige Shimmering Body Oil,TOM FORD,Bath & Body,100.0,4.4615,6094,27,0,0,0.0
P450210,Vitamin Nectar Glow Juice Antioxidant Face Serum,fresh,Skincare,28.0,3.9714,3789,37,0,0,0.0
P450211,Mini Vitamin Nectar Glow Juice Antioxidant Face Serum,fresh,Skincare,28.0,3.9926,38157,37,0,0,0.0
P450244,Ceramide Hydrating Night Treatment,The INKEY List,Skincare,15.99,4.2899,36241,38,0,0,0.0
P450262,Polyhydroxy Acid (PHA) Gentle Exfoliating Toner,The INKEY List,Skincare,12.99,4.2619,43383,17,0,0,0.0
P450271,Green Clean Makeup Meltaway Cleansing Balm Limited Edition Jumbo,Farmacy,Skincare,60.0,4.4958,0,13,0,0,0.0
P450290,The Regenerating Serum,La Mer,Skincare,410.0,4.375,5356,180,0,0,0.0
P450457,Rouge Dior Ultra Care Liquid Lipstick,Dior,Makeup,38.0,4.3235,42064,37,0,0,0.0
P450511,Power Bullet Matte Lipstick - Throwback Collection,HUDA BEAUTY,Makeup,27.0,4.0792,108696,24,0,0,0.0
P450514,Mini The Little One Talc-Free Eyeshadow Palette,LAWLESS,Makeup,27.0,4.166,50218,129,0,0,0.0
P450534,Mini Opening Act Lash Primer,tarte,Makeup,15.0,3.8824,13289,18,0,0,0.0
P450535,Mini Amazonian Clay 12-Hour Blush,tarte,Makeup,16.0,4.2152,37307,23,0,0,0.0
P450536,Mini Amazonian Clay Waterproof Bronzer,tarte,Makeup,16.0,4.2857,15469,21,0,0,0.0
P450537,Mini Timeless Smoothing Primer,tarte,Makeup,19.0,3.6222,15995,40,0,0,0.0
P450538,Travel Size Gifted Amazonian Clay Smart Mascara,tarte,Mini Size,15.0,3.28,5672,22,0,0,0.0
P450557,Mon Guerlain Eau de Parfum Intense,GUERLAIN,Fragrance,165.0,4.4783,7838,22,0,0,0.0
P450560,Mini Jardin Fragrance Discovery Set,HERMÈS,Fragrance,60.0,4.125,39395,73,0,0,0.0
P450583,Prism AHA + BHA Exfoliating Glow Serum,Herbivore,Skincare,54.0,3.9532,31466,18,0,0,0.0
P450587,Illumi-nation Anti-Fatigue Power Serum,Naturally Serious,Skincare,39.0,4.6705,2843,23,0,0,0.0
P450599,Barrier+ Lipid-Boost Body Cream,Skinfix,Bath & Body,48.0,4.6382,14261,34,0,0,0.0
P450614,Tranexamic Acid Hyperpigmentation Treatment,The INKEY List,Skincare,15.99,3.9335,61536,23,0,0,0.0
P450632,Gentle Cleansing Foam Hydrating Makeup Remover,Sulwhasoo,Skincare,38.0,4.5596,22064,33,0,0,0.0
P450633,Gentle Cleansing Oil Makeup Remover,Sulwhasoo,Skincare,40.0,4.4532,31523,27,0,0,0.0
P450720,Contour & Highlight Stick,Anastasia Beverly Hills,Makeup,25.0,3.8262,37976,25,0,0,0.0
P450810,Explorer Eau de Parfum,Montblanc,Fragrance,115.0,4.9231,4658,14,0,0,0.0
P450845,Norvina Pro Pigment Palette Vol. 2 for Face & Body,Anastasia Beverly Hills,Makeup,60.0,4.5,43154,410,0,0,0.0
P450846,Norvina Pro Pigment Palette Vol. 3 for Face & Body,Anastasia Beverly Hills,Makeup,60.0,4.601,51295,370,0,0,0.0
P450856,Mini 24-HR Brow Setter Clear Brow Gel with Lamination Effect,Benefit Cosmetics,Makeup,15.0,4.3125,60930,11,0,0,0.0
P450886,Mini Lovingly Lip Tinted Lip Oil Duo,lilah b.,Makeup,22.0,4.0556,42501,39,0,0,0.0
P450887,Nude Obsessions Eyeshadow Palette,HUDA BEAUTY,Makeup,32.0,4.0894,236129,119,0,0,0.0
P450899,UnCoverup Natural Finish Cream Foundation,rms beauty,Makeup,58.0,3.5339,15026,23,0,0,0.0
P450905,Confession Refillable Lipstick Duo - Ghost,Hourglass,Makeup,36.0,3.9,19396,35,0,0,0.0
P450917,Mini FIRMx Exfoliating Peel Gel,Peter Thomas Roth,Skincare,16.0,4.5391,18585,25,0,0,0.0
P450934,Abeille Royale Day Cream,GUERLAIN,Skincare,170.0,4.2857,2188,44,0,0,0.0
P450935,Abeille Royale Night Cream,GUERLAIN,Skincare,200.0,3.6667,2226,54,0,0,0.0
P450942,Honey Body Butter Ultra-Hydrating Body Cream,Farmacy,Bath & Body,35.0,4.12,10054,36,0,0,0.0
P450947,Mini A-Passioni Retinol Cream,Drunk Elephant,Skincare,28.0,4.0,31898,63,0,0,0.0
P450994,Mini CC+ Cream Oil-Free Matte with SPF 40,IT Cosmetics,Makeup,17.0,3.3594,10422,78,0,0,0.0
P451214,Hairdresser's Invisible Oil Hot Oil Concentrate,Bumble and bumble,Hair,32.0,3.7308,3390,21,0,0,0.0
P451242,Lake Perfume,By Rosie Jane,Fragrance,70.0,4.42,1596,15,0,0,0.0
P451243,Lake Perfume Travel Spray,By Rosie Jane,Fragrance,28.0,4.4615,2240,15,0,0,0.0
P451282,Shea Butter Foot Cream,L'Occitane,Bath & Body,30.0,4.5143,7145,29,0,0,0.0
P451503,Luxury Body Nourishing Serum,Saint Jane Beauty,Bath & Body,58.0,4.5082,6797,30,0,0,0.0
P451642,Plush Pout Lip Gloss,Artist Couture,Makeup,18.0,4.4222,12581,27,0,0,0.0
P451644,Essential Lip Care Duo,Jouer Cosmetics,Makeup,25.0,4.1212,7148,57,0,0,0.0
P451665,No. 04 Bois de Balincourt Luxury Perfume Gift Set,Maison Louis Marie,Fragrance,122.0,4.2826,10469,23,0,0,0.0
P451727,Mini Magic Night 15ml Travel Size,Charlotte Tilbury,Skincare,45.0,2.875,5165,49,0,0,0.0
P451728,Mini Goddess Clay Mask 15ml Travel Size,Charlotte Tilbury,Skincare,16.0,3.0833,6446,30,0,0,0.0
P451737,Advanced Génifique Face & Eye Serum Set,Lancôme,Skincare,130.0,3.875,10432,53,0,0,0.0
P451745,30% Glycolic Acid Peel Concentrate,SOBEL SKIN Rx,Skincare,46.0,4.125,3924,14,0,0,0.0
P451748,15% Niacinamide Gel Serum,SOBEL SKIN Rx,Skincare,75.0,4.1591,1702,11,0,0,0.0
P451750,Oligo Peptide Eye Cream,SOBEL SKIN Rx,Skincare,65.0,4.5,1832,38,0,0,0.0
P451871,White Suede Travel Spray,TOM FORD,Fragrance,70.0,3.8,6314,17,0,0,0.0
P451872,Noir de Noir Travel Spray,TOM FORD,Fragrance,65.0,4.0,6312,13,0,0,0.0
P451888,Glisten & Glow Skin Illuminator- Mini,lilah b.,Makeup,32.0,3.8846,0,34,0,0,0.0
P451920,Wet Lip Oil Plumping Treatment Gloss,Kosas,Makeup,22.0,4.0,114343,34,0,0,0.0
P451937,Monochrome Moment - Precision Lip Crayon,PATRICK TA,Makeup,26.0,4.5775,51973,22,0,0,0.0
P451938,Monochrome Moment - Silky Lip Crème,PATRICK TA,Makeup,26.0,4.339,44041,27,0,0,0.0
P452002,Classic Face Sunscreen SPF 50 White Tea,COOLA,Skincare,32.0,3.9149,6396,27,0,0,0.0
P452004,Rose Hibiscus Hydrating Mist,Herbivore,Skincare,36.0,4.0588,13225,12,0,0,0.0
P452402,Curl Shampoo,Verb,Hair,20.0,4.3803,4356,50,0,0,0.0
P452403,Curl Conditioner,Verb,Hair,20.0,4.4212,4079,45,0,0,0.0
P452404,Curl Leave-In Conditioner,Verb,Hair,20.0,4.4792,6864,45,0,0,0.0
P452412,Norvina Mini Pro Pigment Palette Vol. 2 for Face & Body,Anastasia Beverly Hills,Makeup,29.0,4.3269,32501,188,0,0,0.0
P452413,Norvina Mini Pro Pigment Palette Vol. 1 for Face & Body,Anastasia Beverly Hills,Mini Size,29.0,4.4383,24206,187,0,0,0.0
P452428,Mini Intense Hydrating Mask,Moroccanoil,Hair,18.0,4.5238,16592,19,0,0,0.0
P452620,Rolling in Love,KILIAN Paris,Fragrance,275.0,4.4934,15564,17,0,0,0.0
P452678,Lake Perfume Oil,By Rosie Jane,Fragrance,45.0,3.6667,733,16,0,0,0.0
P452730,Chill Pills,OUAI,Bath & Body,30.0,3.883,29511,12,0,0,0.0
P452736,Long Lasting Satin Lipstick,Gucci,Makeup,45.0,4.4218,65163,37,0,0,0.0
P452737,Rouge à Lèvres Voile Sheer Lipstick,Gucci,Makeup,45.0,4.4332,82203,25,0,0,0.0
P452820,Grapefruit Cologne,Jo Malone London,Fragrance,80.0,3.5294,3334,14,0,0,0.0
P452909,Frameworker Brow Pomade,tarte,Makeup,20.0,4.2,9043,24,0,0,0.0
P452943,Uomo Born In Roma,Valentino,Fragrance,96.0,4.533,16349,16,0,0,0.0
P453218,Mini Glam Eyeshadow Palette,Natasha Denona,Makeup,27.0,4.1667,44125,73,0,0,0.0
P453224,Squalane + 10% Lactic Acid Resurfacing Serum,Biossance,Skincare,65.0,4.3965,72034,19,0,0,0.0
P453225,The Kissu Lip Mask,Tatcha,Skincare,29.0,3.7724,202204,32,0,0,0.0
P453227,Truth Juice Daily Cleanser,OLEHENRIKSEN,Skincare,33.0,4.2372,48054,37,0,0,0.0
P453253,Vegan Milk Moisturizer,MILK MAKEUP,Skincare,38.0,4.2213,35156,53,0,0,0.0
P453267,Mindful 5 Nourishing Lip Oil,Smashbox,Makeup,18.0,4.3695,7787,30,0,0,0.0
P453269,The POREfessional Hydrating Primer,Benefit Cosmetics,Makeup,34.0,4.2353,7461,36,0,0,0.0
P453271,SEA Surfer Curl Volumizing Mascara,tarte,Makeup,24.0,3.3956,28698,26,0,0,0.0
P453273,Velvet Matte Lipstick,Gucci,Makeup,45.0,4.231,92741,37,0,0,0.0
P453274,Grandioso Extra Volume Shampoo,Rossano Ferretti Parma,Hair,39.0,4.9545,1842,37,0,0,0.0
P453276,Intenso Smoothing Shampoo for Thick Hair,Rossano Ferretti Parma,Hair,39.0,4.875,713,41,0,0,0.0
P453277,Mini Grandioso Extra Volumizing Conditioner,Rossano Ferretti Parma,Hair,17.0,1.0,435,27,0,0,0.0
P453280,Dry Shampoo Cream,Rossano Ferretti Parma,Hair,20.0,4.0,780,19,0,0,0.0
P453664,Gucci Bloom Ambrosia di Fiori Eau de Parfum Intense For Her,Gucci,Fragrance,131.0,3.9475,7600,20,0,0,0.0
P453665,Gucci Bloom Ambrosia di Fiori Eau de Parfum Intense For Her Rollerball,Gucci,Fragrance,38.0,3.9475,5798,20,0,0,0.0
P453666,Daisy Dream Daze,Marc Jacobs Fragrances,Fragrance,86.0,4.25,3739,17,0,0,0.0
P453691,Mini Resistance Heat Protecting Leave-In Treatment for Split Ends,Kérastase,Hair,22.0,5.0,7042,28,0,0,0.0
P453713,Collagen POP + Vitamin C Dissolvable Tablets,HUM Nutrition,Skincare,12.0,4.3455,5372,11,0,0,0.0
P453814,Lip Glow Oil,Dior,Makeup,40.0,4.0795,684860,48,0,0,0.0
P453816,Mini Take The Day Off Cleansing Balm Makeup Remover,CLINIQUE,Skincare,14.0,4.5294,37388,9,0,0,0.0
P453818,GENIUS Collagen Calming Relief,Algenist,Skincare,58.0,4.464,11763,47,0,0,0.0
P453822,Dark Spots No More Triple Acid Spot Minimizing Concentrate,Dr. Brandt Skincare,Skincare,71.0,3.9634,9838,23,0,0,0.0
P453823,Vital-E Antioxidant Recovery Eye Cream,Peter Thomas Roth,Skincare,55.0,4.3255,15022,45,0,0,0.0
P453824,Vital-E Antioxidant Recovery Cream,Peter Thomas Roth,Skincare,75.0,4.4112,5199,37,0,0,0.0
P453825,Hydra Zen Glow Liquid Lightweight Moisturizer with Hyaluronic Acid,Lancôme,Skincare,54.0,4.413,9381,46,0,0,0.0
P453826,Rénergie Lift Multi-Action Ultra Dark Spot Correcting Cream SPF 30,Lancôme,Skincare,135.0,4.6909,8888,52,0,0,0.0
P453906,Mini Pure Canvas Primer - Hydrating,Laura Mercier,Makeup,25.0,4.3521,15801,28,0,0,0.0
P453911,ISO GAMMA SUPER Eau de Parfum,Ellis Brooklyn,Fragrance,100.0,3.5556,1440,2,0,0,0.0
P453917,Mini The POREfessional Hydrating Primer,Benefit Cosmetics,Makeup,14.0,3.7234,8461,36,0,0,0.0
P453918,Sketch & Set Brow Pencil and Tinted Gel,tarte,Makeup,25.0,4.0408,8980,50,0,0,0.0
P453920,Mini SEA Surfer Curl Volumizing Mascara,tarte,Makeup,15.0,3.0037,16464,26,0,0,0.0
P453923,Mini Essence Absolue Nourishing Protective Oil,shu uemura,Hair,28.0,4.6975,12656,8,0,0,0.0
P453928,Retinol Youth Renewal Eye Serum,Murad,Skincare,89.0,4.5278,27356,40,0,0,0.0
P453929,Retinol Youth Renewal Night Cream,Murad,Skincare,88.0,4.6078,21491,57,0,0,0.0
P453930,Biolumin-C Vitamin C Eye Serum,Dermalogica,Skincare,74.0,4.5228,26613,56,0,0,0.0
P453943,All Nighter Ultra Matte Makeup Setting Spray,Urban Decay,Makeup,36.0,3.5157,20012,27,0,0,0.0
P454018,The Serum Stick: Treatment & Touch Up Balm,Tatcha,Skincare,49.0,4.3761,47060,14,0,0,0.0
P454019,Teatreement Moisturizer,Dr. Jart+,Skincare,35.0,4.2435,13761,52,3,1,0.057692307692307696
P454029,Rènergie Lift Multi-Action Ultra Double-Wrapping Cream Face Mask,Lancôme,Skincare,68.0,4.7222,4838,56,0,0,0.0
P454032,XO Vinyl Lip Cream Lip Gloss,KVD Beauty,Makeup,20.0,4.4632,25272,16,0,0,0.0
P454033,Mini Living Luminizer Highlighter Glow Quad,rms beauty,Makeup,32.0,4.1593,13399,50,0,0,0.0
P454035,Reboot Active Care Revitalizing Foundation,MAKE UP FOR EVER,Makeup,42.0,4.1626,69171,51,0,0,0.0
P454042,Vanish Airbrush Concealer,Hourglass,Makeup,36.0,4.2742,173729,34,0,0,0.0
P454046,Darling Eyeshadow Palette,Charlotte Tilbury,Makeup,60.0,4.1505,51324,53,0,0,0.0
P454050,Mini Major Glow Body Oil,PATRICK TA,Bath & Body,24.0,3.6471,42261,17,0,0,0.0
P454054,Liquid Glass Smoothing Shampoo,Drybar,Hair,29.0,3.8557,6869,55,0,0,0.0
P454055,Liquid Glass Smoothing Conditioner,Drybar,Hair,29.0,4.3564,7663,58,3,1,0.05172413793103448
P454057,No Frizz Intense Moisture Hair Mask,Living Proof,Hair,42.0,3.9608,6740,45,0,0,0.0
P454058,Perfect Hair Day Weightless Mask,Living Proof,Hair,42.0,4.4355,5339,45,0,0,0.0
P454059,Restore Repair Hair Mask,Living Proof,Hair,42.0,4.382,10489,45,0,0,0.0
P454063,Futurist Hydra Rescue Moisturizing Foundation SPF 45,Estée Lauder,Makeup,50.0,4.096,45302,81,0,0,0.0
P454083,The Renewal Body Oil Balm,La Mer,Bath & Body,210.0,4.2,2060,55,0,0,0.0
P454084,Argan Beta Retinol Pink Algae Serum,Josie Maran,Skincare,69.0,4.4132,15095,34,0,0,0.0
P454085,Teatreement Toner,Dr. Jart+,Skincare,30.0,4.2553,7201,29,3,1,0.10344827586206896
P454086,Teatreement Cleansing Foam,Dr. Jart+,Skincare,29.0,4.1409,9022,37,3,1,0.08108108108108109
P454090,Cosmic Cream Collagen Protecting Moisturizer,Moon Juice,Skincare,58.0,3.4667,4295,39,0,0,0.0
P454095,Perfect Canvas Clean Jelly Oil Cleanser,REN Clean Skincare,Skincare,37.0,4.0263,6031,2,0,0,0.0
P454100,Prism AHA + BHA Exfoliating Glow Facial,Herbivore,Skincare,58.0,4.2616,45368,54,0,0,0.0
P454102,PRO Strength Niacinamide Discoloration Treatment,Peter Thomas Roth,Skincare,88.0,4.1608,32582,46,0,0,0.0
P454106,Miss Dior Rose N'Roses Eau de Toilette,Dior,Fragrance,130.0,4.0629,18222,22,0,0,0.0
P454116,Crushed Oil-Infused Gloss,Bobbi Brown,Makeup,32.0,4.7558,50752,45,0,0,0.0
P454120,F-Balm Electrolyte Waterfacial Mask,Drunk Elephant,Skincare,54.0,4.1665,71224,57,0,0,0.0
P454313,Cica Sleeping Mask,LANEIGE,Skincare,34.0,4.6375,80111,29,0,0,0.0
P454315,Milk Cleanse Gentle Foaming Cleanser,Moon Juice,Skincare,32.0,4.4043,2902,28,0,0,0.0
P454320,Brow Shaper Pencil - Waterproof,SEPHORA COLLECTION,Makeup,12.0,3.2125,20268,13,0,0,0.0
P454321,Volumizing Fiber Brow Gel,SEPHORA COLLECTION,Makeup,12.0,3.3804,9640,24,0,0,0.0
P454322,Clear Long-Lasting Brow Gel,SEPHORA COLLECTION,Makeup,12.0,4.0909,19637,11,0,0,0.0
P454325,Trio Face Palette,SEPHORA COLLECTION,Makeup,15.0,4.3088,17331,46,0,0,0.0
P45432919,"Full Frontal Volume, Lift & Curl Mascara",Fenty Beauty by Rihanna,Makeup,24.0,3.9101,56027,29,0,0,0.0
P45433019,Snap Shadows Mix & Match Eyeshadow Palette,Fenty Beauty by Rihanna,Makeup,30.0,3.7345,190602,87,0,0,0.0
P454337,All Nighter Face Primer,Urban Decay,Makeup,38.0,4.3129,26329,25,0,0,0.0
P454338,"Stay Naked Threesome Blush, Bronzer, & Highlighter Palette",Urban Decay,Makeup,38.0,2.9818,10247,40,0,0,0.0
P454343,Sumo Liquid Wax+ Finishing Spray,Bumble and bumble,Hair,32.0,3.9167,2170,29,0,0,0.0
P454344,Hairdresser's Invisible Oil Soft Texture Finishing Spray,Bumble and bumble,Hair,34.0,4.4762,6555,26,0,0,0.0
P454351,K.I.S.S.I.N.G Lipstick - Pillow Talk Collection,Charlotte Tilbury,Makeup,35.0,4.2462,15120,26,0,0,0.0
P454358,Jumbo Photo Finish Smooth & Blur Oil-Free Foundation Primer,Smashbox,Makeup,60.0,4.8,8341,15,0,0,0.0
P454375,Clarifying Acne Spot Treatment,Dr. Barbara Sturm,Skincare,55.0,3.5,1720,14,0,0,0.0
P454376,knockout daily exfoliating cleanser,tarte,Skincare,12.0,3.8983,5032,28,3,1,0.10714285714285714
P454377,Mini knockout daily exfoliating cleanser,tarte,Skincare,12.0,3.7895,4343,28,3,1,0.10714285714285714
P454378,Lotus Anti- Aging Daily Moisturizer,fresh,Skincare,54.0,4.3963,52999,38,0,0,0.0
P454380,Unseen Sunscreen SPF 40 PA+++,Supergoop!,Skincare,48.0,4.26,302951,27,0,0,0.0
P454383,PLAY Everyday Sunscreen Lotion SPF 50 PA++++,Supergoop!,Skincare,34.0,4.0954,60887,46,0,0,0.0
P454384,Mini PLAY Everyday Lotion SPF 50 with Sunflower Extract,Supergoop!,Skincare,22.0,4.0954,12937,46,0,0,0.0
P454385,Mini PLAY Everyday Sunscreen Lotion SPF 30 PA++++,Supergoop!,Skincare,34.0,4.3333,9058,46,0,0,0.0
P454387,Glow Oil Body Sunscreen SPF 50 PA++++,Supergoop!,Skincare,38.0,3.947,42598,29,0,0,0.0
P454388,Mini Glow Oil SPF 50 PA++++,Supergoop!,Skincare,15.0,3.947,20710,29,0,0,0.0
P454389,PLAY Antioxidant Body Sunscreen Mist SPF 50 PA++++,Supergoop!,Skincare,21.0,3.9048,28604,28,0,0,0.0
P454392,Handscreen Sunscreen SPF 40,Supergoop!,Bath & Body,38.0,3.9964,19560,40,0,0,0.0
P454393,Mini Handscreen SPF 40,Supergoop!,Bath & Body,14.0,3.9964,12909,40,0,0,0.0
P454395,Mini Lotus Youth Preserve Moisturizer,fresh,Skincare,21.0,3.7733,16661,38,0,0,0.0
P454396,Lotus Youth Preserve Eye Cream,fresh,Skincare,45.0,4.4037,21612,41,0,0,0.0
P454404,Beau de Jour,TOM FORD,Fragrance,150.0,4.1591,1826,20,0,0,0.0
P454505,Eyeliner - Pillow Talk Collection,Charlotte Tilbury,Makeup,29.0,4.0811,29228,19,0,0,0.0
P454506,Cheek to Chic Blush - Pillow Talk Collection,Charlotte Tilbury,Makeup,42.0,3.967,42335,64,0,0,0.0
P454508,Matte Revolution Lipstick- Pillow Talk Collection,Charlotte Tilbury,Makeup,35.0,4.1363,42977,26,0,0,0.0
P454509,Lip Cheat Lip Liner - Pillow Talk Collection,Charlotte Tilbury,Makeup,25.0,4.2178,88858,24,0,0,0.0
P454512,Always On Cream to Matte Lipstick,Smashbox,Makeup,27.0,4.4956,25954,36,0,0,0.0
P454539,Not A Hand Cream,Juliette Has a Gun,Bath & Body,24.0,4.0588,3441,17,0,0,0.0
P454540,Not A Hair & Body Mist,Juliette Has a Gun,Fragrance,58.0,3.4286,4460,7,0,0,0.0
P454604,Sulfate-free Shampoo,SEPHORA COLLECTION,Hair,12.0,2.8125,1457,26,0,0,0.0
P454605,Color Safe Conditioner,SEPHORA COLLECTION,Hair,12.0,2.1429,1000,21,1,1,0.047619047619047616
P454606,Stay Naked The Fix Powder Foundation,Urban Decay,Makeup,40.0,4.1551,12462,32,0,0,0.0
P454727,Light Velvet Air Shine-Control Refreshing Spray,MAKE UP FOR EVER,Makeup,29.0,4.0566,6206,29,0,0,0.0
P454728,Mini Light Velvet Air Shine-Control Refreshing Spray,MAKE UP FOR EVER,Makeup,15.0,4.0323,7829,29,0,0,0.0
P454732,Everlasting Blush,KVD Beauty,Makeup,29.5,4.7313,30855,16,0,0,0.0
P454733,Kitten Mini: Purrfect Cat Eyes Mini Mascara & Eyeliner Set,KVD Beauty,Makeup,20.0,2.8421,13794,36,0,0,0.0
P454742,Essence Absolue Multi-Purpose All-in-Oil Hair Milk,shu uemura,Hair,46.0,4.0,1543,25,0,0,0.0
P454745,Mini Arch Brow Micro Sculpting Pencil,Hourglass,Makeup,17.0,2.4,3511,17,0,0,0.0
P454751,Mini Strong Hold Clear Brow Gel,Anastasia Beverly Hills,Makeup,9.0,4.1889,111380,15,0,0,0.0
P454758,N° 28 Lip Treatment Oil – At Night – Lunar New Year Limited Edition,Hourglass,Makeup,49.0,2.3125,5401,57,0,0,0.0
P454762,BACKSTAGE Rosy Glow Blush,Dior,Makeup,40.0,4.2244,244438,36,0,0,0.0
P454770,Aglow Priming Oil Serum,lilah b.,Makeup,68.0,4.1316,5020,23,0,0,0.0
P454794,Mini The Water Cream,Tatcha,Skincare,22.0,4.0245,23723,29,0,0,0.0
P454795,Mini The Dewy Skin Cream,Tatcha,Skincare,22.0,4.0,0,47,0,0,0.0
P454798,"Collagen Protect Vegan Creamer for Hair, Skin & Nails",Moon Juice,Hair,58.0,4.0794,3376,3,0,0,0.0
P454799,Mini SuperYou Daily Stress Management,Moon Juice,Skincare,25.0,4.5749,5313,11,0,0,0.0
P454800,Mini Glow2OH Dark Spot Toner,OLEHENRIKSEN,Skincare,19.0,4.5,0,22,0,0,0.0
P454806,Capture Totale Firming & Wrinkle-Correcting Cream,Dior,Skincare,130.0,4.5168,7071,47,0,0,0.0
P454807,Capture Totale Firming & Wrinkle-Correcting Eye Cream,Dior,Skincare,80.0,4.3889,6539,59,0,0,0.0
P454817,Hesperides Grapefruit Body Lotion,fresh,Bath & Body,28.0,4.1667,6259,29,0,0,0.0
P454822,Mini SEA Mermaid Skin Hyaluronic H2O Serum,tarte,Skincare,15.0,3.6667,7287,9,0,0,0.0
P454825,Wild Geranium,AERIN,Fragrance,145.0,4.6667,3059,21,0,0,0.0
P454826,Wild Geranium Travel Spray,AERIN,Fragrance,35.0,4.3333,4082,21,0,0,0.0
P454827,Sunkissed Hibiscus Eau de Parfum,NEST New York,Fragrance,86.0,4.2291,15471,6,0,0,0.0
P454828,Sunkissed Hibiscus Eau de Parfum Travel Spray,NEST New York,Fragrance,30.0,4.2291,12472,6,0,0,0.0
P454837,Confidence in Your Beauty Sleep Night Cream,IT Cosmetics,Skincare,58.0,4.4599,15582,41,0,0,0.0
P454838,Powerful-Strength Dark Circle Reducing Vitamin C Eye Serum,Kiehl's Since 1851,Skincare,55.0,3.8646,46025,26,0,0,0.0
P454935,Mini Glow Drops,Dr. Barbara Sturm,Skincare,60.0,4.0601,8640,36,0,0,0.0
P454936,Mini Hyaluronic Serum,Dr. Barbara Sturm,Skincare,110.0,3.9386,4691,8,0,0,0.0
P454937,Mini Super Anti-Aging Serum,Dr. Barbara Sturm,Skincare,130.0,3.3684,3397,10,0,0,0.0
P454939,Perfectionist Pro Rapid Brightening Serum with Ferment² + Vitamin C,Estée Lauder,Skincare,86.0,4.1304,6458,59,3,1,0.05084745762711865
P454941,Pure Canvas Primer - Blurring,Laura Mercier,Makeup,47.0,4.1382,16113,20,0,0,0.0
P454942,Pure Canvas Primer - Hydrating,Laura Mercier,Makeup,47.0,4.4964,26101,28,0,0,0.0
P454943,Pure Canvas Primer - Illuminating,Laura Mercier,Makeup,47.0,3.7105,11964,30,0,0,0.0
P454946,Mini Pure Canvas Primer - Blurring,Laura Mercier,Makeup,25.0,3.0505,11259,20,0,0,0.0
P454971,Marvelous CBD Massage & Body Oil Rollerball,Ellis Brooklyn,Bath & Body,30.0,4.3333,2680,25,0,0,0.0
P454978,Synchro Skin Self-Refreshing Custom Finish Powder Foundation,Shiseido,Makeup,45.0,4.3839,12342,46,0,0,0.0
P454979,Retinol 45 Second Top Coat,NAILS INC.,Makeup,15.0,4.0114,12454,25,0,0,0.0
P454981,Satin Luxe Classic Cream Lipstick,LAWLESS,Makeup,28.0,3.7042,20545,20,0,0,0.0
P454982,Matte Vibes Eyeshadow Palette,Violet Voss,Makeup,30.0,4.2308,10041,21,0,0,0.0
P454984,Essential High Coverage Concealer Pen,Jouer Cosmetics,Makeup,24.0,3.7568,22400,28,0,0,0.0
P454989,Mini Sketch & Set Brow Pencil and Tinted Gel,tarte,Makeup,14.0,3.3846,5165,50,0,0,0.0
P454990,Mini babassu foundcealer skincare foundation SPF 20,tarte,Makeup,16.0,3.52,9262,41,0,0,0.0
P454992,Norvina Mini Pro Pigment Palette Vol. 3 for Face & Body,Anastasia Beverly Hills,Mini Size,29.0,4.4737,27720,143,0,0,0.0
P454994,Genesis Strengthening Shampoo for Normal to Oily Hair,Kérastase,Hair,40.0,4.1632,13069,26,3,1,0.11538461538461539
P454995,Genesis Strengthening Shampoo for Normal to Dry Hair,Kérastase,Hair,40.0,4.1405,7216,40,3,1,0.075
P454996,Genesis Strengthening Conditioner,Kérastase,Hair,46.0,4.2508,10771,29,3,1,0.10344827586206896
P454997,Genesis Strengthening Hair Mask,Kérastase,Hair,68.0,4.4795,9162,27,0,0,0.0
P454998,Genesis Heat Protecting Leave-In Treatment for Weakened Hair,Kérastase,Hair,45.0,4.4823,14011,37,0,0,0.0
P454999,Genesis Strengthening Serum for Hair and Scalp,Kérastase,Hair,58.0,3.9023,17340,29,0,0,0.0
P455004,Pretty in Bloom SPF 20 Flower-Infused Long-Wear Foundation,Origins,Makeup,38.0,3.5,6512,73,0,0,0.0
P455010,Knock Me Out Sleep Chews,goop,Skincare,30.0,3.2381,2036,11,0,0,0.0
P455022,Homme Deodorant Stick,Dior,Bath & Body,35.0,3.0,1294,16,0,0,0.0
P455023,Homme Eau de Toilette,Dior,Fragrance,95.0,4.481,6996,21,0,0,0.0
P455188,What it Dew Makeup Refreshing Spray,Fenty Beauty by Rihanna,Makeup,30.0,3.5698,26013,26,0,0,0.0
P455193,Flypencil Longwear Pencil Eyeliner,Fenty Beauty by Rihanna,Makeup,23.0,3.366,93762,17,0,0,0.0
P455195,Skin Long-Wear Fluid Powder Foundation SPF 20,Bobbi Brown,Makeup,40.0,3.8099,11848,57,0,0,0.0
P455201,Born This Way The Natural Nudes Eyeshadow Palette,Too Faced,Makeup,52.0,3.9965,104823,214,0,0,0.0
P455215,Illuminating Hydrator - Radiance + Smoothing,SEPHORA COLLECTION,Skincare,17.0,3.3261,6763,22,0,0,0.0
P455217,Gradual Self-Tanning Face Gel,SEPHORA COLLECTION,Skincare,17.0,3.8308,9757,23,0,0,0.0
P455219,All Day Body Hydrator,SEPHORA COLLECTION,Bath & Body,17.0,4.0141,12544,27,0,0,0.0
P455220,Glow Body Cream,SEPHORA COLLECTION,Bath & Body,17.0,3.7308,4623,23,0,0,0.0
P455227,Glow One Step Further Radiance Kit,REN Clean Skincare,Skincare,28.0,3.931,10949,78,0,0,0.0
P455229,White Lucent Illuminating Micro-Spot Serum,Shiseido,Skincare,185.0,3.0,2501,53,0,0,0.0
P455232,Black Reserve Body & Hair Cleanser,Jack Black,Men,52.0,4.6,1268,50,0,0,0.0
P455233,Pit CTRL Aluminum-Free Deodorant,Jack Black,Bath & Body,22.0,1.8,254,23,0,0,0.0
P455235,Superstars Anti-Aging Serum and Eye Kit,Sunday Riley,Skincare,130.0,4.16,19425,165,0,0,0.0
P455236,Glow Lip Pop Lip Balm,Glow Recipe,Skincare,22.0,4.5778,73756,42,0,0,0.0
P455237,Melt Moisturizer with Bakuchiol and Squalane,alpyn beauty,Skincare,60.0,4.514,17458,45,0,0,0.0
P455241,Noni Night AHA Pore & Resurfacing Serum,KORA Organics,Skincare,74.0,4.3946,8710,41,0,0,0.0
P455242,Super Amino Gel Cleanser,Summer Fridays,Skincare,35.0,4.0833,30871,31,0,0,0.0
P455258,DÉJÀ VU WHITE FLOWER | 57,KAYALI,Fragrance,125.0,4.1419,16488,21,0,0,0.0
P455265,Mini Stay Naked Correcting Concealer,Urban Decay,Makeup,14.0,3.9091,6937,38,0,0,0.0
P455321,Luxury Eyeshadow Palette - Pillow Talk Collection,Charlotte Tilbury,Makeup,55.0,3.9418,67767,60,0,0,0.0
P455322,Superstar Lips Lipstick - Pillow Talk Collection,Charlotte Tilbury,Makeup,35.0,4.0212,18828,30,0,0,0.0
P455323,Lip Lustre Lip Gloss - Pillow Talk Collection,Charlotte Tilbury,Makeup,25.0,3.4562,37742,18,0,0,0.0
P455324,Mineralist Hydra-Smoothing Lipstick,bareMinerals,Makeup,22.0,4.4602,39520,29,0,0,0.0
P455325,BOUNCE Airbrush Liquid Whip Concealer,beautyblender,Makeup,26.0,4.1948,25725,38,0,0,0.0
P455329,First Class Weightless Replenishing Conditioner,IGK,Hair,29.0,4.4562,1847,49,0,0,0.0
P455332,Hydrating Water Fresh Cream Moisturizer,Bobbi Brown,Skincare,66.0,4.3333,3974,40,0,0,0.0
P455338,100% L-Ascorbic Acid Powder,The Ordinary,Skincare,6.4,4.3317,65023,1,0,0,0.0
P455339,Lactic Acid 5% + HA,The Ordinary,Skincare,7.8,4.3081,74003,16,0,0,0.0
P455341,Classic Body Organic Sunscreen Spray SPF 70 Peach Blossom,COOLA,Skincare,28.0,4.2692,8003,25,0,0,0.0
P455364,Oat Cleansing Balm,The INKEY List,Skincare,11.99,3.6098,127819,20,0,0,0.0
P455365,"Vitamin B, C, and E Moisturizer",The INKEY List,Skincare,7.99,4.1429,53343,23,0,0,0.0
P455366,Retinol Eye Cream,The INKEY List,Skincare,12.99,3.9532,76545,30,0,0,0.0
P455368,15% Vitamin C and EGF Brightening Serum,The INKEY List,Skincare,15.99,3.9446,87389,13,0,0,0.0
P455369,Peptide Moisturizer,The INKEY List,Skincare,15.99,3.7913,69215,23,0,0,0.0
P455378,Mini Bright Crystal and Bright Crystal Absolu Set,Versace,Fragrance,25.0,4.3333,73801,33,0,0,0.0
P455412,All Over Glow Powder,Yves Saint Laurent,Makeup,48.0,4.2803,9820,18,0,0,0.0
P455418,Super Serum Skin Tint SPF 40 Foundation,ILIA,Makeup,48.0,3.6762,398628,29,0,0,0.0
P455421,Complete Cleansing Microfoam,Shiseido,Skincare,36.0,4.087,2716,25,0,0,0.0
P455557,GrandeREPAIR Leave-in Lash Conditioner,Grande Cosmetics,Makeup,25.0,4.14,13874,29,0,0,0.0
P455558,Moisture Boost Lip Shine,Viseart,Makeup,19.0,4.1304,3322,18,0,0,0.0
P455560,Millennial Pinx Eyeshadow Palette,Melt Cosmetics,Makeup,58.0,3.3956,13403,28,0,0,0.0
P455561,Crushed Glitter Lip Gloss,Melt Cosmetics,Makeup,16.0,3.3864,11258,21,0,0,0.0
P455584,Sauvage Shaving Gel,Dior,Bath & Body,70.0,5.0,1271,23,0,0,0.0
P455598,Rose Prick,TOM FORD,Fragrance,395.0,4.23,21455,17,0,0,0.0
P455610,Confidence in a Neck Cream,IT Cosmetics,Skincare,54.0,3.5417,7661,103,0,0,0.0
P455611,Clearly Corrective Dark Spot Solution Duo,Kiehl's Since 1851,Skincare,125.0,3.8478,10273,24,3,1,0.125
P455612,Vitamin C & Bearberry Instant Glow Serum,alpyn beauty,Skincare,59.0,4.503,10316,42,0,0,0.0
P455613,Line-Filling Eye Cream with Bakuchiol and Caffeine,alpyn beauty,Skincare,62.0,4.3206,12740,40,0,0,0.0
P455614,Creamy Bubbling Cleanser with Vitamin C & AHAs,alpyn beauty,Skincare,36.0,4.3832,13297,31,0,0,0.0
P455618,Full Spectrum 360° Refreshing Water Mist Organic Face Sunscreen SPF 18,COOLA,Skincare,36.0,4.3636,11030,33,0,0,0.0
P455622,Even Better Clinical Radical Dark Spot Corrector + Interrupter Serum,CLINIQUE,Skincare,85.0,3.5824,22013,49,3,1,0.061224489795918366
P455623,The ZenBubble Gel Cream,BeautyBio,Skincare,69.0,4.4063,5539,25,0,0,0.0
P455637,Jammy Lips Sheer Lacquer Lip Tint,INC.redible,Makeup,12.0,4.2198,17240,14,0,0,0.0
P455676,Yo Glow AHA & BHA Facial Enzyme Scrub,Wishful,Skincare,39.0,4.246,63463,50,3,1,0.06
P455833,Volumizing Hair Mousse for Fine Hair,Virtue,Hair,38.0,4.1667,1669,52,0,0,0.0
P455835,25 Miracle Leave-In Cream,Mizani,Hair,25.0,4.3531,5483,20,3,1,0.15
P455838,Styling Foam Hair Mousse,Mizani,Hair,25.0,3.5882,4885,24,0,0,0.0
P455839,True Textures Moroccan Clay Steam Hair Mask,Mizani,Hair,40.0,4.6786,5972,26,0,0,0.0
P455840,True Textures Cream Cleansing Conditioner,Mizani,Hair,32.0,3.4615,2289,30,3,1,0.1
P455841,Scalp Care Anti-Dandruff Conditioner,Mizani,Hair,32.0,4.431,3963,31,0,0,0.0
P455842,25 Miracle Nourishing Hair Oil,Mizani,Hair,25.0,4.4792,12785,14,0,0,0.0
P455843,Scalp Care Soothing Scalp Lotion,Mizani,Hair,24.0,4.4474,8592,26,0,0,0.0
P455844,True Textures Perfect Coil Oil Gel,Mizani,Hair,25.0,3.9882,3203,26,0,0,0.0
P455846,Scalp Care Anti-Dandruff Shampoo,Mizani,Hair,30.0,4.4615,6488,37,3,1,0.08108108108108109
P455849,True Textures Moisture Replenish Shampoo,Mizani,Hair,20.0,3.8,2522,30,3,1,0.1
P455850,25 Miracle Milk Heat Protectant Leave-In Conditioner,Mizani,Hair,40.0,4.4251,43419,34,0,0,0.0
P455851,Mini 6-in-1 Vitamin E Hair Smoothing Styler,Virtue,Hair,20.0,4.625,4610,30,0,0,0.0
P455852,Mini Create Hair Texturizing Spray,Virtue,Hair,19.0,3.0,1695,37,0,0,0.0
P455857,Mini Volumizing Full Conditioner for Fine Hair,Virtue,Hair,17.0,3.0,1312,73,1,1,0.0136986301369863
P455858,Mini Volumizing Full Shampoo for Fine Hair,Virtue,Hair,16.0,3.3333,1866,32,0,0,0.0
P455859,Offline 3-Minute Hydration Hair Mask,IGK,Hair,38.0,4.3322,8236,36,0,0,0.0
P455860,Thick Hair Conditioner,OUAI,Hair,32.0,4.1121,20304,42,0,0,0.0
P455861,Thick Hair Shampoo,OUAI,Hair,32.0,3.7875,17692,47,0,0,0.0
P455862,Medium Hair Conditioner,OUAI,Hair,32.0,4.0611,22019,43,0,0,0.0
P455863,Medium Hair Shampoo,OUAI,Hair,32.0,3.8016,20435,42,0,0,0.0
P455864,Fine Hair Conditioner,OUAI,Hair,32.0,3.8371,36304,32,0,0,0.0
P455865,Fine Hair Shampoo,OUAI,Hair,32.0,3.6611,44151,37,0,0,0.0
P455871,Volumizing Full Discovery Set for Fine Hair,Virtue,Hair,38.0,4.3333,3822,193,2,1,0.010362694300518135
P455872,"Hydrating Recovery Discovery Set for dry, Damaged & Colored Hair",Virtue,Hair,38.0,3.3529,2961,207,2,1,0.00966183574879227
P455873,Smooth Discovery Set for Coarse & Textured Hair,Virtue,Hair,38.0,3.2857,1747,194,2,1,0.010309278350515464
P455880,Blackberry Lily Eau de Parfum,The 7 Virtues,Fragrance,88.0,4.4495,7430,8,0,0,0.0
P455894,Ultra Repair Oil-Control Moisturizer,First Aid Beauty,Skincare,36.0,4.2388,24055,34,0,0,0.0
P455897,Ethylated Ascorbic Acid 15% Solution,The Ordinary,Skincare,20.0,4.0,20715,2,0,0,0.0
P455898,Pycnogenol 5%,The Ordinary,Skincare,11.1,4.5243,55894,2,0,0,0.0
P455899,Marine Hyaluronics,The Ordinary,Skincare,8.9,4.209,43421,34,3,1,0.08823529411764706
P455900,100% Plant-Derived Hemi-Squalane,The Ordinary,Skincare,5.0,4.398,48131,1,0,0,0.0
P455909,Facial Spray with Aloe Sage & Orange Blossom,Mario Badescu,Skincare,7.0,4.4375,6786,23,0,0,0.0
P455915,Mini MultiVitamin Power Recovery Mask,Dermalogica,Skincare,16.5,5.0,0,38,0,0,0.0
P455919,MenoReverse Volumizing Serum-in-Moisturizer,KORRES,Skincare,45.0,4.0517,3897,47,0,0,0.0
P455924,The Eye Concentrate Cream,La Mer,Skincare,260.0,4.0535,16236,88,0,0,0.0
P455926,Retinol Reform Treatment Serum,Shani Darden Skin Care,Skincare,88.0,4.2569,63782,47,0,0,0.0
P455927,Mini Retinol Reform,Shani Darden Skin Care,Skincare,30.0,4.2569,12100,47,0,0,0.0
P455929,Cleansing Serum,Shani Darden Skin Care,Skincare,38.0,4.5938,9931,24,0,0,0.0
P455930,Weightless Oil-Free Moisturizer,Shani Darden Skin Care,Skincare,48.0,4.2571,7756,20,0,0,0.0
P455931,Sake Toning Essence,Shani Darden Skin Care,Skincare,52.0,4.4444,8073,17,0,0,0.0
P455934,Yerba Mate Resurfacing + Exfoliating Energy Facial with Enzymes + Niacinamide,Youth To The People,Skincare,59.0,4.4774,82444,33,0,0,0.0
P455936,Lip Butter Balm,Summer Fridays,Skincare,24.0,4.2662,359649,17,0,0,0.0
P455981,Lash Brag Jet-Black Volumizing Mascara,Anastasia Beverly Hills,Makeup,25.0,3.8184,16584,27,0,0,0.0
P45600,Very Irrésistible Eau de Toilette,Givenchy,Fragrance,110.0,4.473,14589,20,0,0,0.0
P456106,Sublime Perfection Concealer,PAT McGRATH LABS,Makeup,34.0,4.4077,79453,31,0,0,0.0
P456107,Sublime Perfection Blurring Under-Eye Setting Powder,PAT McGRATH LABS,Makeup,32.0,4.0519,54301,14,0,0,0.0
P456126,Vegan Milk Cleanser,MILK MAKEUP,Skincare,30.0,4.4259,17898,54,0,0,0.0
P456148,Match Stix Glow Skinstick,Fenty Beauty by Rihanna,Makeup,32.0,3.0345,22099,18,0,0,0.0
P456151,Revealer Super Creamy + Brightening Concealer and Daytime Eye Cream,Kosas,Makeup,30.0,3.9914,513855,39,0,0,0.0
P456158,Luminous Silk Face and Under-Eye Concealer,Armani Beauty,Makeup,39.0,4.3505,71952,29,0,0,0.0
P456160,Pret-a-Powder Post Workout Dry Shampoo Mist,Bumble and bumble,Hair,31.0,3.7883,19351,24,0,0,0.0
P456161,Mini Pret-a-Powder Post Workout Dry Shampoo Mist,Bumble and bumble,Hair,16.0,2.8571,11548,24,0,0,0.0
P456171,Wood Sage & Sea Salt/ English Pear & Freesia Mini Set,Jo Malone London,Fragrance,45.0,4.05,26061,24,0,0,0.0
P456175,Mini Soleil Blanc Shimmering Body Oil,TOM FORD,Fragrance,34.0,4.3983,58576,28,0,0,0.0
P456192,Night Magic Restorative Face Oil with Firming Botanicals,Prima,Skincare,68.0,4.3488,6914,18,0,0,0.0
P456193,The Afterglow Deep Moisturizing Cream with Hyaluronic Acid & Vegan Collagen,Prima,Skincare,68.0,4.5302,6228,57,0,0,0.0
P456194,Extra-Firming + Smoothing Neck & Décolleté Moisturizer,Clarins,Skincare,96.0,4.6528,8236,51,0,0,0.0
P456195,Body Fit Anti-Cellulite Contouring & Firming Expert,Clarins,Bath & Body,66.0,3.5455,6074,26,0,0,0.0
P456203,Self Tan Express Starter Kit,St. Tropez,Skincare,20.0,3.5263,5979,30,0,0,0.0
P456204,Purity Tanning Waters Mini Kit,St. Tropez,Skincare,25.0,3.2,8774,42,0,0,0.0
P456206,Self Tan Purity Vitamins Bronzing Water Body Mist,St. Tropez,Skincare,45.0,4.3905,10541,26,0,0,0.0
P456207,Greek Yoghurt Nourishing Probiotic Gel-Cream,KORRES,Skincare,38.5,4.348,9157,64,3,1,0.046875
P456208,GOOPGLOW 15% Glycolic Acid Overnight Glow Peel,goop,Skincare,125.0,4.255,4597,28,0,0,0.0
P456210,GOOPGLOW 20% Vitamin C and Hyaluronic Glow Serum,goop,Skincare,125.0,3.5357,2613,23,0,0,0.0
P456211,GOOPGLOW Morning Skin Superpowder,goop,Skincare,60.0,3.991,3866,11,0,0,0.0
P456213,GOOPGLOW Microderm Instant Glow Exfoliator,goop,Skincare,125.0,4.4821,17838,41,0,0,0.0
P456215,R+R Cream Cooling Recovery Rub for Soothing Comfort with Menthol + Hemp,Prima,Bath & Body,38.0,4.4054,4634,24,0,0,0.0
P456216,Unwind Bath Gem Relaxing Bath Soak with Epsom Salt + Moisturizing Oils,Prima,Bath & Body,15.0,4.5244,13419,14,0,0,0.0
P456217,Skin Therapy Rich Ultra-Hydrating Body Butter for Dry Skin,Prima,Bath & Body,32.0,3.7857,2534,43,0,0,0.0
P456218,Glowscreen Sunscreen SPF 40 PA+++ with Hyaluronic Acid + Niacinamide,Supergoop!,Skincare,38.0,4.1513,231004,42,0,0,0.0
P456356,Terracotta Matte Bronzer,GUERLAIN,Makeup,59.0,3.9333,5792,38,0,0,0.0
P456357,Inked Brow Gel,Urban Decay,Makeup,26.0,4.0236,7706,14,0,0,0.0
P456361,Brow Beater Waterproof Brow Pencil & Spoolie,Urban Decay,Makeup,24.0,3.8846,4688,13,0,0,0.0
P456368,Matte & Metallic Double Ended Eyeliner - Eye Color Magic Collection,Charlotte Tilbury,Makeup,32.0,3.34,62510,30,0,0,0.0
P456371,Maracuja Hydrating Tinted Moisturizer,tarte,Makeup,30.0,4.0428,44454,37,0,0,0.0
P456374,Halo Fresh Setting & Perfecting Powder,Smashbox,Makeup,43.0,4.2727,7401,32,0,0,0.0
P456392,Daily UV Defense Invisible Broad Spectrum SPF 36 Sunscreen,innisfree,Skincare,16.0,4.5393,145749,39,0,0,0.0
P456395,Volcanic Clusters Pore Clearing Toner,innisfree,Skincare,22.0,4.5664,12712,22,0,0,0.0
P456398,Ultimate Sun Protector Lotion SPF 50+ Sunscreen,Shiseido,Skincare,50.0,4.4864,42257,41,0,0,0.0
P456399,Ultimate Sun Protector Cream SPF 50+ Face Sunscreen,Shiseido,Skincare,40.0,4.276,6649,39,0,0,0.0
P456401,Self Tan Express Bronzing Gel,St. Tropez,Skincare,46.0,3.4783,2845,32,0,0,0.0
P456407,PLAY Body Sunscreen Mousse SPF 50,Supergoop!,Skincare,34.0,3.9583,6119,48,0,0,0.0
P456410,Squalane + Zinc Sheer Mineral Sunscreen SPF 30 PA +++,Biossance,Skincare,34.0,3.8812,54584,23,0,0,0.0
P456412,Greek Yoghurt Foaming Cream Cleanser,KORRES,Skincare,28.0,4.5667,38097,40,0,0,0.0
P456413,Mini Greek Yoghurt Foaming Cream Cleanser,KORRES,Skincare,16.0,4.2471,12738,40,0,0,0.0
P456414,Greek Yoghurt Probiotic Superdose Face Mask,KORRES,Skincare,52.0,4.5049,12229,63,3,1,0.047619047619047616
P456417,Wild Rose Brightening Absolute Oil,KORRES,Skincare,54.0,4.3553,5462,22,0,0,0.0
P456418,Wild Rose Night-Brightening Sleeping Facial,KORRES,Skincare,50.0,4.3596,10482,42,0,0,0.0
P456421,Black Pine 3D Eye-Lift Super Serum,KORRES,Skincare,61.0,4.0063,4302,36,0,0,0.0
P456434,knockout brightening gel moisturizer,tarte,Skincare,14.0,4.25,2400,36,0,0,0.0
P456446,The Liquid Silk Canvas: Featherweight Protective Primer,Tatcha,Makeup,54.0,4.3976,129166,42,0,0,0.0
P456548,Air Dry Styling Cream,SEPHORA COLLECTION,Hair,12.0,4.2632,4355,26,0,0,0.0
P456550,Yuzu Eau de Parfum,Acqua di Parma,Fragrance,135.0,4.6667,1953,17,0,0,0.0
P456552,Reserve - Radiant Nectar,CLEAN RESERVE,Fragrance,110.0,4.2727,20760,8,0,0,0.0
P456553,Reserve - Radiant Nectar Travel Spray,CLEAN RESERVE,Mini Size,29.0,4.4655,17224,8,0,0,0.0
P456566,Banana Bright 15% Vitamin C Serum,OLEHENRIKSEN,Skincare,71.0,3.9404,88410,45,0,0,0.0
P456569,Active Clay Prebiotic Cleanser,Dermalogica,Skincare,42.0,4.6087,6366,38,0,0,0.0
P456571,Vitamin C Glycolic Brightening Serum,Murad,Skincare,88.0,4.2621,28653,53,0,0,0.0
P456572,Vitamin C Dark Circle Correcting Eye Serum,Murad,Skincare,67.0,4.0687,23093,48,0,0,0.0
P456582,Invisible Physical Defense Mineral Sunscreen SPF30,Dermalogica,Skincare,48.0,4.3731,10706,37,0,0,0.0
P456586,SEA Jelly Glaze Anytime Lip Mask,tarte,Makeup,16.0,4.1618,34230,43,0,0,0.0
P456588,L'Obscur Lengthening Mascara,Gucci,Makeup,36.0,4.1509,31257,20,0,0,0.0
P456591,Mini Lash Brag Jet-Black Volumizing Mascara,Anastasia Beverly Hills,Makeup,13.0,3.7434,11474,27,0,0,0.0
P456592,Major Brow Shaping Wax,PATRICK TA,Makeup,24.0,4.2711,44117,19,0,0,0.0
P456594,Peach Perfect Instant Coverage Concealer - Peaches and Cream Collection,Too Faced,Makeup,22.0,3.5887,27541,46,0,0,0.0
P456596,Dior Addict Stellar Lip Gloss,Dior,Makeup,40.0,4.3333,115925,53,0,0,0.0
P456601,SEA Breezy Cream Bronzer,tarte,Makeup,29.0,4.4239,31242,21,0,0,0.0
P456602,SEA Mini Breezy Cream Bronzer,tarte,Makeup,14.0,4.4,27563,21,0,0,0.0
P456604,Mini Maracuja Hydrating Tinted Moisturizer,tarte,Makeup,16.0,3.3704,18382,40,0,0,0.0
P456715,The One Eau de Parfum Travel Spray,Dolce&Gabbana,Fragrance,31.0,4.4286,4343,20,0,0,0.0
P456940,It's Your Skin But Better Setting Spray,IT Cosmetics,Makeup,28.5,4.5094,14448,32,0,0,0.0
P456941,Mini It's Your Skin But Better Setting Spray,IT Cosmetics,Mini Size,14.5,4.5789,8261,32,0,0,0.0
P456942,Superhero No-Tug Gel Eyeliner,IT Cosmetics,Makeup,24.0,3.9602,7920,25,0,0,0.0
P456950,HoliRoots Repairing Hair Mask,Fable & Mane,Hair,34.0,4.3683,25669,58,0,0,0.0
P456951,HoliRoots Hydrating Conditioner,Fable & Mane,Hair,30.0,4.1825,13828,49,0,0,0.0
P456952,HoliRoots Hydrating Shampoo,Fable & Mane,Hair,30.0,3.9875,17638,54,0,0,0.0
P456953,HoliRoots Pre-wash Hair Treatment Oil,Fable & Mane,Hair,36.0,4.3621,109770,29,0,0,0.0
P456957,Clarifying Serum,SEPHORA COLLECTION,Skincare,20.0,4.2222,10594,23,3,1,0.13043478260869565
P456964,Rust Eyeshadow Palette,Melt Cosmetics,Makeup,58.0,4.8,16452,21,0,0,0.0
P456966,Supreme Nudes Pressed Pigment Eyeshadow Palette,Artist Couture,Makeup,45.0,4.4454,21383,215,0,0,0.0
P456967,Silk Cream Lipstick,Artist Couture,Makeup,18.0,3.9184,23753,30,0,0,0.0
P456972,Aqua di Giò Profondo Eau de Parfum Spray,Armani Beauty,Fragrance,160.0,4.7186,7984,15,0,0,0.0
P456975,Salt Air Eau De Parfum,SKYLAR,Fragrance,90.0,4.3091,7538,33,0,0,0.0
P456976,Salt Air Eau De Parfum Rollerball,SKYLAR,Mini Size,30.0,4.3091,5150,33,0,0,0.0
P456977,Flowerbomb GIft Set,Viktor&Rolf,Fragrance,135.0,4.9444,17955,16,0,0,0.0
P456988,Own Your Glow Kit,Isle of Paradise,Skincare,35.0,3.7714,33502,62,0,0,0.0
P456989,Super Glow Body Hyaluronic Self-Tan Serum,TAN-LUXE,Skincare,49.0,3.6809,6917,47,0,0,0.0
P456990,Mini GENIUS Liquid Collagen,Algenist,Skincare,25.0,3.4412,8900,40,0,0,0.0
P456991,Superdefense City Block Broad Spectrum SPF 50 Daily Energy + Face Protector Primer,CLINIQUE,Skincare,32.0,3.6932,5615,35,0,0,0.0
P456992,Superdefense SPF 25 Fatigue + 1st Signs of Age Multi-Correcting Cream,CLINIQUE,Skincare,56.0,3.8824,3096,73,3,1,0.0410958904109589
P456994,Eye Duty Niacinamide Brightening Eye Cream,First Aid Beauty,Skincare,36.0,3.6735,49318,50,0,0,0.0
P456995,Mini KP Bump Eraser Body Scrub with 10% AHA,First Aid Beauty,Bath & Body,12.0,3.9462,64826,31,0,0,0.0
P456997,Night Serum,Dr. Barbara Sturm,Skincare,310.0,4.7021,4921,19,0,0,0.0
P457002,SuperBeauty Daily Antioxidant SkinSupplement,Moon Juice,Skincare,60.0,4.8696,6806,5,0,0,0.0
P457005,Rose & Squalane Deep Hydration Oil-Infused Serum,fresh,Skincare,60.0,4.5838,55320,30,0,0,0.0
P457008,Cryo Rubber Masks,Dr. Jart+,Skincare,15.0,4.3149,93809,83,0,0,0.0
P457009,Cryo Rubber Mask with Moisturizing Hyaluronic Acid,Dr. Jart+,Skincare,15.0,4.0,0,83,0,0,0.0
P457010,Cryo Rubber Mask with Soothing Allantoin,Dr. Jart+,Skincare,15.0,4.5556,0,75,0,0,0.0
P457011,Cryo Rubber Mask with Firming Collagen,Dr. Jart+,Skincare,15.0,4.8462,0,74,0,0,0.0
P457012,Cryo Rubber Mask with Brightening Vitamin C,Dr. Jart+,Skincare,15.0,3.8333,0,72,0,0,0.0
P457202,Cocomino Glossing Shampoo,Drunk Elephant,Hair,27.0,3.9249,22041,46,0,0,0.0
P457203,Cocomino Marula Cream Conditioner,Drunk Elephant,Hair,27.0,3.9088,18686,50,0,0,0.0
P457204,Wild Marula Tangle Spray,Drunk Elephant,Hair,27.0,3.5586,21673,35,0,0,0.0
P457205,T.L.C. Happi Scalp Scrub,Drunk Elephant,Hair,38.0,3.852,32809,48,3,1,0.0625
P457223,Detox Shampoo,OUAI,Hair,32.0,4.5259,129672,34,0,0,0.0
P457231,Mini Perfect Hair Day (PhD) 5-in-1 Styling Treatment,Living Proof,Hair,18.0,4.1429,8660,31,0,0,0.0
P457232,Baomint Deep Conditioning Treatment,adwoa beauty,Hair,39.0,4.5273,16947,28,0,0,0.0
P457233,Baomint Leave In Conditioning Styler,adwoa beauty,Hair,26.0,4.3472,13333,24,0,0,0.0
P457234,Baomint Moisturizing Shampoo,adwoa beauty,Hair,24.0,4.1324,11122,26,0,0,0.0
P457235,Baomint Moisturizing Curl Defining Gel,adwoa beauty,Hair,32.0,4.4188,7112,23,0,0,0.0
P457236,Baomint Moisturizing Curl Defining Cream,adwoa beauty,Hair,32.0,4.5635,9568,23,0,0,0.0
P457237,Baomint Protect + Shine Oil Blend,adwoa beauty,Hair,24.0,4.5359,9757,18,0,0,0.0
P457238,Blonde Ale Color-Enhancing Brightening Hair Mask,Drybar,Hair,35.0,4.08,3991,52,0,0,0.0
P457245,Rose Perfecto Tinted Liquid Balm,Givenchy,Makeup,38.0,4.3079,62416,27,0,0,0.0
P457246,Norvina Pro Pigment Palette Vol. 4 for Face & Body,Anastasia Beverly Hills,Makeup,60.0,4.5069,42087,293,0,0,0.0
P457250,Tatouage Couture Velvet Cream Matte Liquid Lipstick,Yves Saint Laurent,Makeup,45.0,4.0973,68337,30,0,0,0.0
P457262,Y Eau Fraiche,Yves Saint Laurent,Fragrance,99.0,4.7333,3089,15,0,0,0.0
P457272,Abeille Royale Anti-Aging Eye Cream,GUERLAIN,Skincare,110.0,3.7857,3420,49,0,0,0.0
P457273,Immortelle Overnight Reset Eye Serum,L'Occitane,Skincare,60.0,3.6,3415,39,0,0,0.0
P457274,Hand Cream Trio,L'Occitane,Skincare,29.0,4.1429,8278,91,0,0,0.0
P457275,Coco Cabana Moisturizing Body Cream-Cleanser,Sol de Janeiro,Bath & Body,26.0,4.2128,22545,16,0,0,0.0
P457276,Mini Coco Cabana Moisturizing Body Cream-Cleanser,Sol de Janeiro,Bath & Body,10.0,3.4359,15631,16,0,0,0.0
P457279,Moisturizer Mini knockout brightening gel,tarte,Skincare,14.0,4.6667,4857,36,0,0,0.0
P457302,Afterglow Lip Balm - Laguna Collection,NARS,Makeup,28.0,4.3604,34226,24,0,0,0.0
P457304,Matte Bronzer Powder,NARS,Makeup,38.0,3.88,30481,25,0,0,0.0
P457409,Signature Conditioner,dae,Hair,26.0,4.0974,23238,49,0,0,0.0
P457410,Signature Shampoo,dae,Hair,26.0,3.7477,32477,32,0,0,0.0
P457411,Deep Conditioning Hair Treatment,dae,Hair,28.0,4.3729,17791,36,0,0,0.0
P457412,Fresh Affair Fine Fragrance & Oil-Absorbing Dry Shampoo,Kérastase,Hair,38.0,4.1616,13272,17,0,0,0.0
P457413,Mini Fresh Affair Fine Fragrance & Oil-Absorbing Dry Shampoo,Kérastase,Hair,24.0,4.1616,10678,17,0,0,0.0
P457414,Purple Toning + Hydrating Hair Mask,Verb,Hair,20.0,4.1495,13027,59,0,0,0.0
P457415,"Don't Despair, Repair! Strengthening Treatment Hair Oil",Briogeo,Hair,30.0,4.1202,62360,27,0,0,0.0
P457420,Mini Detangling and Frizz Fighting Leave in Conditioner,OUAI,Hair,16.0,3.6564,43013,61,0,0,0.0
P457429,Clear and Cover Acne Treatment Cream Concealer with 2% Salicylic Acid,SEPHORA COLLECTION,Makeup,14.0,3.9733,22755,30,3,1,0.1
P457430,Glossed Lip Gloss,SEPHORA COLLECTION,Makeup,12.0,4.4226,118422,18,0,0,0.0
P457432,Weekend Warrior Tone Up Cream,SEPHORA COLLECTION,Makeup,16.0,3.602,12053,34,0,0,0.0
P457433,Soft Matte Bronzer Powder,SEPHORA COLLECTION,Makeup,18.0,4.3621,28275,13,0,0,0.0
P457439,Clarifying Lotion,SEPHORA COLLECTION,Skincare,16.0,3.6207,5748,13,3,1,0.23076923076923078
P457441,The Clarifying Kit,SEPHORA COLLECTION,Skincare,20.0,4.6667,9475,60,0,0,0.0
P457442,Face Serum,SEPHORA COLLECTION,Skincare,9.0,3.3235,41657,28,0,0,0.0
P457455,The Sun Show Glowy Warmth Talc-Free Baked Bronzer,Kosas,Makeup,35.0,5.0,39972,21,0,0,0.0
P457458,Hydrating Tinted Daily Lip Balm,rms beauty,Makeup,24.0,4.6723,31828,17,0,0,0.0
P457461,Gimme Brow+ Volumizing Eyebrow Gel Jumbo,Benefit Cosmetics,Makeup,40.0,4.2093,9246,52,0,0,0.0
P457468,Brazilliance 2HR Express Deep Foaming Self-Tanner,tarte,Skincare,39.0,3.0417,2207,37,0,0,0.0
P457489,Guilty Eau de Parfum Pour Homme,Gucci,Fragrance,143.0,4.4601,6065,12,0,0,0.0
P457508,Glowy Makeup Serum,LANEIGE,Makeup,32.0,4.3589,118757,54,0,0,0.0
P457510,Private Party: Supports Vaginal & Urinary Tract Health,HUM Nutrition,Skincare,26.0,4.6727,14955,6,0,0,0.0
P457512,Overnight Glow Dark Spot Sleeping Cream,REN Clean Skincare,Skincare,55.0,4.1408,20807,99,0,0,0.0
P457517,Rose Petal-Soft Deep Hydration Lip Balm,fresh,Skincare,25.0,4.3891,28208,30,0,0,0.0
P457519,Water Drench Hyaluronic Cloud Hydrating Eye Gel,Peter Thomas Roth,Skincare,43.0,3.4595,5917,64,0,0,0.0
P457520,FIRMx Collagen Moisturizer,Peter Thomas Roth,Skincare,88.0,3.3871,5148,37,0,0,0.0
P457521,Every Sun Day Mineral Sunscreen SPF 50+,Dr. Jart+,Skincare,40.0,4.4336,29897,25,0,0,0.0
P457522,Every Sun Day Sun Fluid SPF 50+,Dr. Jart+,Skincare,42.0,4.4215,15285,24,0,0,0.0
P457523,BB Dis-A-Pore Broad Spectrum SPF 50+ Sunscreen,Dr. Jart+,Makeup,39.0,3.7348,8091,43,0,0,0.0
P457632,Mini Laguna Getaway Bronzer Powder,NARS,Makeup,18.0,4.0933,32868,77,0,0,0.0
P457643,Veil Setting Spray,Hourglass,Makeup,49.0,4.3232,32207,26,0,0,0.0
P457644,Veil Eye Primer,Hourglass,Makeup,30.0,4.0455,10273,25,0,0,0.0
P457649,Luminous Face & Lip Gloss,Gucci,Makeup,34.0,3.8529,23036,4,0,0,0.0
P457650,Long Wearing Eyebrow Pencil,Gucci,Makeup,33.0,4.625,9075,26,0,0,0.0
P457653,Mini Retro Eyeshadow Palette,Natasha Denona,Makeup,27.0,4.4227,40708,47,0,0,0.0
P457660,Coco Mademoiselle Fresh Hair Mist Spray,CHANEL,Fragrance,70.0,4.0,14279,20,0,0,0.0
P457662,J'adore Hair Mist,Dior,Fragrance,75.0,4.3125,8854,27,0,0,0.0
P457666,J'adore Eau Lumière Eau de Toilette Roller-pearl,Dior,Mini Size,55.0,4.1,7763,30,0,0,0.0
P457667,J'adore Eau de Parfum Roller-pearl,Dior,Mini Size,55.0,3.9412,17664,26,0,0,0.0
P457669,L'Interdit Eau de Parfum,Givenchy,Fragrance,110.0,4.3345,19418,21,0,0,0.0
P457685,Sweet Pitti Deodorant Cream,Drunk Elephant,Bath & Body,16.0,3.9091,28388,25,0,0,0.0
P457686,Kamili Cream Body Cleanser,Drunk Elephant,Bath & Body,22.0,3.7735,20471,39,0,0,0.0
P457687,Sili Body Lotion,Drunk Elephant,Bath & Body,24.0,3.9405,34014,68,0,0,0.0
P457692,Moisture Surge Sheertint Hydrator Broad Spectrum SPF 25 Tinted Moisturizer,CLINIQUE,Makeup,42.0,3.5147,10015,45,0,0,0.0
P457694,Blue Algae Vitamin C Dark Spot Correcting Peel,Algenist,Skincare,85.0,4.213,11488,46,3,1,0.06521739130434782
P457695,DeliKate Recovery Cream,Kate Somerville,Skincare,76.0,4.4971,8961,63,0,0,0.0
P457696,DeliKate Soothing Cleanser,Kate Somerville,Skincare,44.0,4.1875,4060,42,0,0,0.0
P457697,DeliKate Recovery Serum,Kate Somerville,Skincare,98.0,4.641,8729,36,0,0,0.0
P457812,Juicy Tubes Original Lip Gloss,Lancôme,Makeup,24.0,4.569,60714,17,0,0,0.0
P457823,Naked In Neon Nail Polish set,NAILS INC.,Makeup,22.0,4.4851,13067,18,0,0,0.0
P457824,Four Twenty Eyeshadow Palette,Melt Cosmetics,Makeup,58.0,4.043,18496,29,0,0,0.0
P457828,Sunset Nudes 3-piece Set,NUDESTIX,Makeup,27.0,4.3953,27995,65,0,0,0.0
P457854,Vital Perfection Uplifting and Firming Cream Day Cream,Shiseido,Skincare,140.0,4.5263,2959,55,0,0,0.0
P457858,Coco Cabana Jet Set,Sol de Janeiro,Bath & Body,30.0,3.9063,45721,47,0,0,0.0
P457864,Vital Skin-Strengthening Hyaluronic Acid Super Serum,Kiehl's Since 1851,Skincare,60.0,4.2194,10302,39,3,1,0.07692307692307693
P457884,Ocean di Gioia Eau de Parfum,Armani Beauty,Fragrance,68.0,4.6618,15780,21,0,0,0.0
P457889,Madie Perfume Oil,By Rosie Jane,Fragrance,45.0,4.6364,1038,27,0,0,0.0
P457891,SWEET Eau de Parfum,Ellis Brooklyn,Fragrance,108.0,3.9808,9336,13,0,0,0.0
P457892,SALT Eau de Parfum,Ellis Brooklyn,Fragrance,108.0,3.9722,13395,20,0,0,0.0
P457893,SWEET Eau de Parfum Travel Spray,Ellis Brooklyn,Mini Size,32.0,3.8529,6813,13,0,0,0.0
P457894,SALT Eau de Parfum Travel Spray,Ellis Brooklyn,Mini Size,32.0,4.0989,10894,20,0,0,0.0
P458193,"Mini Full Frontal Volume, Lift & Curl Mascara",Fenty Beauty by Rihanna,Makeup,13.0,2.9749,30412,29,0,0,0.0
P458209,Daily Greens Oil-Free Gel Moisturizer with Moringa and Papaya,Farmacy,Skincare,42.0,4.0612,72156,48,0,0,0.0
P458216,Mini Yo Glow AHA & BHA Facial Enzyme Scrub,Wishful,Skincare,21.0,4.246,38190,50,3,1,0.06
P458219,Watermelon Glow PHA + BHA Pore-Tight Toner,Glow Recipe,Skincare,34.0,4.3728,252846,22,0,0,0.0
P458220,Gentleman Boisee Eau de Parfum,Givenchy,Fragrance,124.0,4.6369,3065,17,0,0,0.0
P458229,Mon Paris Intensement Eau de Parfum,Yves Saint Laurent,Fragrance,136.0,4.4865,11354,20,0,0,0.0
P458268,Mini Pillow Talk Lipstick & Liner Set,Charlotte Tilbury,Makeup,25.0,3.4859,388911,52,0,0,0.0
P458270,Neo Nude Tinted Moisturizer with Hyaluronic Acid,Armani Beauty,Makeup,48.0,4.233,34553,25,0,0,0.0
P458271,Most Wanted Lip Color Lipstick Collection,TOM FORD,Makeup,59.0,4.5684,1097,49,0,0,0.0
P458276,Mothership VII Eyeshadow Palette - Divine Rose Collection,PAT McGRATH LABS,Makeup,128.0,4.4851,43964,186,0,0,0.0
P458281,Bronzino Illuminating Cream Bronzer,Tower 28 Beauty,Makeup,20.0,4.172,51578,32,0,0,0.0
P458505,Fadeblock Pre-Shampoo Color Seal,amika,Hair,26.0,4.3033,7985,47,0,0,0.0
P458508,Blonde Perfecting Purple Shampoo,Moroccanoil,Hair,26.0,4.5647,23154,37,0,0,0.0
P458509,Mini Blonde Perfecting Purple Shampoo,Moroccanoil,Hair,12.0,3.7742,11202,37,0,0,0.0
P458546,Set The Stage Hydrating Primer Serum,LAWLESS,Skincare,32.0,4.5976,12625,29,0,0,0.0
P458573,Lip Balm Trio,Jack Black,Skincare,22.0,4.7222,8564,16,0,0,0.0
P458576,Water Drench Hyaluronic Hydrating Moisturizer SPF 45,Peter Thomas Roth,Skincare,55.0,4.2886,26530,55,0,0,0.0
P458586,Born This Way Matte Longwear Liquid Foundation,Too Faced,Makeup,45.0,4.2657,48195,35,0,0,0.0
P458629,Not A Perfume Superdose,Juliette Has a Gun,Fragrance,155.0,3.2035,6757,9,0,0,0.0
P458630,Not A Perfume Superdose Travel Spray,Juliette Has a Gun,Fragrance,32.0,3.016,6962,9,0,0,0.0
P458631,1 Million Parfum,Paco Rabanne,Fragrance,120.0,4.5287,6778,21,0,0,0.0
P458747,Major Beauty Headlines - Double-Take Crème & Powder Blush,PATRICK TA,Makeup,36.0,4.8471,218384,55,0,0,0.0
P458748,Major Beauty Headlines - Matte Suede Lipstick,PATRICK TA,Makeup,32.0,4.6011,30189,23,0,0,0.0
P458749,Major Beauty Headlines - Precision Lip Crayon,PATRICK TA,Makeup,26.0,4.7973,24828,21,0,0,0.0
P458753,NightLite Bronzer Powder,ILIA,Makeup,34.0,4.2248,43057,14,0,0,0.0
P458754,DayLite Highlighter Powder,ILIA,Makeup,34.0,4.1951,14061,17,0,0,0.0
P458755,Charlotte’s Magic Serum with Vitamin C,Charlotte Tilbury,Skincare,85.0,4.1593,55157,67,0,0,0.0
P458757,Vinosculpt Lift & Firm Body Cream,Caudalie,Bath & Body,45.0,4.3009,16515,33,0,0,0.0
P458774,Mothership VIII Artistry Eyeshadow Palette - Divine Rose II Collection,PAT McGRATH LABS,Makeup,128.0,4.5825,29258,180,0,0,0.0
P458775,MatteTrance Lipstick - Divine Rose Collection,PAT McGRATH LABS,Makeup,39.0,3.9444,13778,29,0,0,0.0
P458900,Pineapple Enzyme Pore Clearing Cleanser,Josie Maran,Skincare,29.0,4.2437,16013,28,0,0,0.0
P458917,Water-Lock Moisturizer with Skin-Smoothing Peptides,Tata Harper,Skincare,68.0,4.4461,13855,42,0,0,0.0
P458939,Freshly Juiced Nail Polish Duo,NAILS INC.,Makeup,15.0,4.3226,5785,67,0,0,0.0
P458940,Peachy and Perky Lip Gloss and Nail Polish Set,NAILS INC.,Makeup,15.0,3.8333,6182,42,0,0,0.0
P458941,Mini Unlashed Volume and Curl Mascara,Wander Beauty,Makeup,12.0,4.1699,6722,35,0,0,0.0
P458943,"Be Gentle, Be Kind Avocado + Kiwi Mega Moisture Superfoods Hair Mask",Briogeo,Hair,39.0,4.2308,51247,1,0,0,0.0
P458951,Mini Hair Oil,OUAI,Hair,16.0,3.9857,36108,50,0,0,0.0
P458952,Mini Super Dry Shampoo,OUAI,Hair,14.0,3.3778,9777,24,0,0,0.0
P458958,Hydrating Boob and Bum Sheet Mask Duo,INC.redible,Skincare,15.0,4.0833,10245,54,0,0,0.0
P458961,G.Tox Malachite and Fruit Acid Pore Purifying Cleanser,goop,Skincare,48.0,4.3889,2395,31,0,0,0.0
P458962,G.Tox Malachite and AHA Pore Refining Tonic,goop,Skincare,75.0,3.9333,2373,33,0,0,0.0
P458963,G.Tox Detoxifying Superpowder,goop,Skincare,12.0,1.8,894,9,0,0,0.0
P458965,G.Tox Himalayan Salt Scalp Scrub Shampoo,goop,Hair,55.0,4.2212,11210,28,0,0,0.0
P458966,"""The Martini"" Emotional Detox Bath Soak",goop,Bath & Body,40.0,3.12,5187,16,0,0,0.0
P459003,Mini Volcano Hand Lotion Cream,Capri Blue,Bath & Body,14.0,4.0,1313,15,0,0,0.0
P459116,Mini Cream Skin Toner & Moisturizer,LANEIGE,Skincare,15.0,4.3077,17031,16,0,0,0.0
P459126,Platinum Long Lash Serum,Dr. Lara Devgan Scientific Beauty,Makeup,150.0,4.458,11182,15,0,0,0.0
P459127,Platinum Lip Plump SPF 30,Dr. Lara Devgan Scientific Beauty,Skincare,50.0,4.5731,14302,34,0,0,0.0
P459128,Vitamin C+B+E Ferulic Serum,Dr. Lara Devgan Scientific Beauty,Skincare,145.0,4.8235,9243,18,0,0,0.0
P459129,Peptide Eye Cream,Dr. Lara Devgan Scientific Beauty,Skincare,215.0,4.8172,5462,28,0,0,0.0
P459130,Hyaluronic Serum,Dr. Lara Devgan Scientific Beauty,Skincare,245.0,4.785,2777,15,0,0,0.0
P459131,3 Mega Wonders,OLEHENRIKSEN,Skincare,65.0,4.2346,22166,116,0,0,0.0
P459133,Mini Truth Juice Daily Cleanser,OLEHENRIKSEN,Skincare,16.0,4.2372,6786,37,0,0,0.0
P459138,"The Body Lotion - With Niacinamide, Vitamins + Peptides",Nécessaire,Bath & Body,28.0,4.6814,73234,32,0,0,0.0
P459140,Self-Tanning Water Refill,Isle of Paradise,Skincare,24.0,3.619,12579,97,0,0,0.0
P459141,Deep Sweep 2% BHA Pore Cleaning Toner with Moringa + Papaya,Farmacy,Skincare,32.0,4.4835,93009,22,3,1,0.13636363636363635
P459144,Airbrush Matte Bronzer,Charlotte Tilbury,Makeup,58.0,4.0976,137503,17,0,0,0.0
P459150,She's In Parties Eyeshadow Palette,Melt Cosmetics,Makeup,48.0,4.2703,16498,23,0,0,0.0
P459156,Irresistible Eau de Parfum,Givenchy,Fragrance,110.0,4.513,23531,19,0,0,0.0
P459165,Daisy Dream Petals,Marc Jacobs Fragrances,Fragrance,50.0,4.2077,2679,22,0,0,0.0
P459171,L'Interdit Eau de Parfum Rollerball,Givenchy,Fragrance,40.0,4.3345,11037,21,0,0,0.0
P459217,Summer Blonde Essentials Purple Blonde Toning Drops + Leave-In Conditioner,IGK,Hair,25.0,4.6,1285,47,0,0,0.0
P459256,Silk Balm Hydrating and Nourishing Lip Balm,HUDA BEAUTY,Makeup,21.0,4.1079,28771,25,0,0,0.0
P459260,Charlotte's Magic Lip Oil Crystal Elixir,Charlotte Tilbury,Makeup,40.0,2.9398,12895,46,0,0,0.0
P459299,Mini GOOPGLOW Microderm Instant Glow Exfoliator,goop,Skincare,42.0,4.4821,14292,41,0,0,0.0
P459300,Mini GOOPGLOW Morning Skin Superpowder,goop,Skincare,12.0,3.991,2276,11,0,0,0.0
P459301,Mini GOOPGLOW 15% Glycolic Acid Overnight Glow Peel,goop,Skincare,45.0,4.255,3228,28,0,0,0.0
P459306,Bum Bum Body Scrub,Sol de Janeiro,Bath & Body,42.0,4.1114,79581,30,0,0,0.0
P459401,Madie Perfume,By Rosie Jane,Fragrance,70.0,4.0686,2998,28,0,0,0.0
P459402,Madie Perfume Travel Spray,By Rosie Jane,Fragrance,28.0,4.0686,2048,28,0,0,0.0
P459414,Ombré Leather Eau de Parfum Travel Spray,TOM FORD,Fragrance,50.0,4.2316,10311,17,0,0,0.0
P459464,Mad Eyes Mascara Long-Wearing & Volumizing,GUERLAIN,Makeup,36.0,2.8667,2157,43,0,0,0.0
P459466,Mad Eyes Felt Matte Waterproof Eyeliner Pen,GUERLAIN,Makeup,36.0,4.25,1892,19,0,0,0.0
P459499,Clean Rinse Clarifying Scalp Serum with Niacinamide,Sunday Riley,Hair,48.0,4.4026,17905,44,3,1,0.06818181818181818
P459501,The Perfecting Primer,La Mer,Makeup,95.0,3.3333,1860,80,0,0,0.0
P459503,Éclat Soleil Luminous Bronzer,Gucci,Makeup,64.0,4.5969,70617,32,0,0,0.0
P459506,Traceless Soft Matte Foundation,TOM FORD,Makeup,90.0,4.3998,46859,56,0,0,0.0
P459508,Mini Dewy Set Hydrating Setting Spray,Anastasia Beverly Hills,Makeup,15.0,4.0476,26675,13,0,0,0.0
P459727,"The Body Wash - With Niacinamide, Vitamins + Plant Surfactants",Nécessaire,Bath & Body,25.0,4.4633,115691,22,0,0,0.0
P459728,The Body Exfoliator - With Bamboo Charcoal,Nécessaire,Bath & Body,30.0,4.3193,46772,30,3,1,0.1
P459829,Bronze Eyeshadow Palette,Natasha Denona,Makeup,69.0,4.5815,63706,29,0,0,0.0
P459835,Mini Charlotte’s Magic Serum with Vitamin C,Charlotte Tilbury,Skincare,30.0,3.175,38819,67,0,0,0.0
P460005,"Love, Don't Be Shy Travel Spray",KILIAN Paris,Fragrance,50.0,3.6656,71278,14,0,0,0.0
P460018,Hangover Pillow Balm Ultra-Hydrating Lip Balm,Too Faced,Makeup,26.0,4.494,53598,67,0,0,0.0
P460019,Halo Healthy Glow Tinted Moisturizer Broad Spectrum SPF 25 with Hyaluronic Acid,Smashbox,Makeup,41.0,4.27,34439,56,0,0,0.0
P46017,Original Tubing Mascara,Blinc,Makeup,26.0,4.0287,26089,14,0,0,0.0
P460411,Clarifying & Exfoliating  Scalp Treatment,Virtue,Hair,48.0,4.5385,6354,74,4,1,0.05405405405405406
P460412,Soothing Hyaluronic Acid Topical Scalp Supplement,Virtue,Hair,56.0,2.9231,2721,72,0,0,0.0
P460419,73% Plant Power Nail Polish,NAILS INC.,Makeup,10.0,3.6364,24221,31,0,0,0.0
P460444,Good Girl Eau de Parfum Supreme,Carolina Herrera,Fragrance,119.0,4.6409,27662,16,0,0,0.0
P460446,L'Homme Le Parfum,Yves Saint Laurent,Fragrance,148.0,5.0,3812,15,0,0,0.0
P460511,Mini Liquid ExfoliKate Triple Acid Resurfacing Treatment,Kate Somerville,Skincare,24.0,4.1176,8596,31,0,0,0.0
P460512,Mini Liquid Silk Canvas: Featherweight Protective Primer,Tatcha,Skincare,24.0,4.3976,65016,42,0,0,0.0
P460513,Cream Skin Mist,LANEIGE,Skincare,27.0,4.5739,43168,16,0,0,0.0
P460514,Cream Skin Milk Oil Cleanser,LANEIGE,Skincare,34.0,4.3729,27415,30,0,0,0.0
P460515,E-Rase Milki Micellar Water,Drunk Elephant,Skincare,14.0,4.2812,26131,27,0,0,0.0
P460516,Papaya Sorbet Smoothing Enzyme Cleansing Balm & Makeup Remover,Glow Recipe,Skincare,32.0,4.1989,87376,21,0,0,0.0
P460549,Hair Wash Gentle Milky Hair Cleanser,BREAD BEAUTY SUPPLY,Hair,20.0,4.4459,5265,18,0,0,0.0
P460550,Hair Mask Creamy Deep Conditioner,BREAD BEAUTY SUPPLY,Hair,28.0,4.4943,7640,23,0,0,0.0
P460551,Hair Oil  Everyday Gloss,BREAD BEAUTY SUPPLY,Hair,24.0,4.0785,23261,8,0,0,0.0
P460552,Wash-Day Essentials Kit for Curly & Textured Hair,BREAD BEAUTY SUPPLY,Hair,58.0,4.2917,6688,52,0,0,0.0
P460554,Clarifying Peel Pads,SEPHORA COLLECTION,Skincare,17.0,4.6068,11705,17,3,1,0.17647058823529413
P460556,Hair Primer,SEPHORA COLLECTION,Hair,12.0,4.2609,2787,18,0,0,0.0
P460561,Fluff'n Brow Pencil - 3-in-1 Brow Pencil and Balm,Velour Lashes,Makeup,25.0,4.5788,7581,39,0,0,0.0
P460562,Shake Primer High-Impact Invisible Eyeshadow Primer,KVD Beauty,Makeup,22.0,3.1809,7021,11,0,0,0.0
P460570,The Hand Cream - With Peptide,Nécessaire,Bath & Body,20.0,4.1983,30687,26,0,0,0.0
P460578,GOOPGENES All-In-One Nourishing Face Cream,goop,Skincare,98.0,4.2846,2987,40,0,0,0.0
P460622,25 Years of Dr. Brandt Kit,Dr. Brandt Skincare,Skincare,165.0,1.0,274,147,0,0,0.0
P460624,Discover Healthy Skin Kit,Dermalogica,Skincare,39.5,4.6265,21230,147,3,1,0.02040816326530612
P460627,Saturn Sulfur + Niacinamide Spot Treatment Mask,Sunday Riley,Skincare,20.0,3.1515,8678,35,0,0,0.0
P460629,Manicure & Pedicure Must Haves Set,NAILS INC.,Makeup,37.5,4.1765,12003,99,0,0,0.0
P460701,Clean Face Mask,SEPHORA COLLECTION,Skincare,5.5,4.1455,80684,17,0,0,0.0
P460704,The Hydrating Kit,SEPHORA COLLECTION,Skincare,20.0,4.3333,8847,71,0,0,0.0
P460716,Lip Last Matte Lipstick,SEPHORA COLLECTION,Makeup,15.0,3.5059,26325,22,0,0,0.0
P460719,Intense Felt-Tip Liquid Waterproof Eyeliner,SEPHORA COLLECTION,Makeup,12.0,3.2886,26275,27,0,0,0.0
P460723,Clean Cleansing & Gentle Exfoliating Wipes,SEPHORA COLLECTION,Skincare,6.0,2.5641,26264,12,0,0,0.0
P460724,Mini Clean Cleansing & Gentle Exfoliating Wipes,SEPHORA COLLECTION,Mini Size,3.0,3.1961,6569,12,0,0,0.0
P460729,Matte Velvet Skin High Coverage Multi-Use Concealer,MAKE UP FOR EVER,Makeup,30.0,4.3733,39326,31,0,0,0.0
P460730,Aqua Resist Color Pencil Eyeliner,MAKE UP FOR EVER,Makeup,24.0,4.1205,47839,25,0,0,0.0
P460731,Aqua Resist Smoky Eyeshadow Stick,MAKE UP FOR EVER,Makeup,27.0,3.9661,27955,21,0,0,0.0
P460732,Futurist Aqua Brilliance Watery Glow Primer,Estée Lauder,Makeup,44.0,4.2569,7061,61,0,0,0.0
P460733,Sakura Blossom Eyeshadow and Pressed Pigment Palette,Violet Voss,Makeup,42.0,4.775,11333,57,0,0,0.0
P460744,Airbrush Matte Refillable Bronzer,Charlotte Tilbury,Makeup,41.0,4.7,7804,18,0,0,0.0
P460745,Dark Star Volumizing Mascara,PAT McGRATH LABS,Makeup,32.0,4.157,20438,20,0,0,0.0
P460747,Pink Cloud Rosewater + Squalane Makeup Removing Face Wash,Herbivore,Skincare,26.0,4.3577,41051,20,0,0,0.0
P460756,Hyaluronic Dew Cream,Mario Badescu,Skincare,26.0,3.2,1647,31,0,0,0.0
P460757,Brightening Mask with Vitamin C,Mario Badescu,Skincare,22.0,3.5,2200,23,0,0,0.0
P460758,Cool Biotic Prebiotic Redness Relief Cream,Dr. Brandt Skincare,Skincare,56.0,4.1468,8201,35,0,0,0.0
P460779,Skinlongevity Long Life Herb Anti-Aging Face Serum,bareMinerals,Skincare,65.0,4.4339,7614,45,0,0,0.0
P460780,Hibiscus Palm Eau de Parfum Travel Spray,AERIN,Fragrance,35.0,4.0714,3549,21,0,0,0.0
P460784,Polo Red Eau de Parfum,Ralph Lauren,Fragrance,128.0,4.4249,1662,12,0,0,0.0
P460814,Make Me Blush Talc-Free Velvet Blush,LAWLESS,Makeup,29.0,4.745,35523,18,0,0,0.0
P460829,Unlocked Instant Extensions Lengthening Mascara,Hourglass,Makeup,32.0,4.2225,47486,28,0,0,0.0
P460855,Clean Lip Balm & Scrub,SEPHORA COLLECTION,Skincare,7.0,2.282,74119,21,0,0,0.0
P460856,Clean Eye Mask,SEPHORA COLLECTION,Skincare,3.5,4.1698,94157,22,0,0,0.0
P460865,Good Behavior 4-in-1 Prep Spray,IGK,Hair,32.0,4.5455,21962,40,0,0,0.0
P460869,Grapefruit Hand Soap,NEST New York,Bath & Body,22.0,5.0,1424,28,0,0,0.0
P460871,Perfect Eau de Parfum,Marc Jacobs Fragrances,Fragrance,149.0,4.341,49603,22,0,0,0.0
P460872,Perfect Eau de Parfum Travel Spray,Marc Jacobs Fragrances,Fragrance,34.0,4.341,17081,22,0,0,0.0
P460873,Black Orchid Parfum,TOM FORD,Fragrance,235.0,4.2806,10091,20,0,0,0.0
P460874,Bloom Profumo di Fiori Eau de Parfum,Gucci,Fragrance,123.0,4.0507,8774,20,0,0,0.0
P460875,Bloom Profumo di Fiori Eau de Parfum Rollerball,Gucci,Fragrance,38.0,4.0507,6858,20,0,0,0.0
P461132,Strength & Length Serum-Infused Mascara,bareMinerals,Makeup,22.0,4.0557,10368,37,0,0,0.0
P461139,Hairdresser's Invisible Oil 72 Hour Hydrating Hair Mask,Bumble and bumble,Hair,43.0,4.4267,9833,32,0,0,0.0
P461140,Her London Dream Eau de Parfum,BURBERRY,Fragrance,123.0,4.2993,11721,18,0,0,0.0
P461147,Airbrush Flawless Setting Spray,Charlotte Tilbury,Makeup,38.0,4.4026,265470,19,0,0,0.0
P461148,Mini Airbrush Flawless Setting Spray,Charlotte Tilbury,Makeup,23.0,4.2684,211352,19,0,0,0.0
P461158,Marvelous CBD Extra Rich Body Lotion Cream,Ellis Brooklyn,Bath & Body,125.0,4.36,1217,40,0,0,0.0
P461159,Estee Lauder Advanced Night Repair Synchronized Multi-Recovery Complex Serum,Estée Lauder,Skincare,115.0,4.0456,58873,43,0,0,0.0
P461160,Mini Advanced Night Repair Synchronized Multi-Recovery Complex,Estée Lauder,Skincare,19.0,4.0456,23348,43,0,0,0.0
P461161,FAB Pharma BHA Acne Spot Treatment Gel 2% Salicylic Acid,First Aid Beauty,Skincare,26.0,4.2857,13002,25,3,1,0.12
P461162,FAB Pharma White Clay Acne Treatment Pads 2% Salicylic Acid,First Aid Beauty,Skincare,30.0,4.5692,13624,27,0,0,0.0
P461165,GOOPGENES All-In-One Nourishing Eye Cream,goop,Skincare,55.0,4.2026,2741,46,0,0,0.0
P461167,Ambient Lighting Infinity Powder,Hourglass,Makeup,56.0,3.6875,7024,31,0,0,0.0
P461173,Blond Absolu Overnight Recovery Treatment for Lightened Hair,Kérastase,Hair,59.0,4.3333,26396,24,0,0,0.0
P461177,Mini Turmeric BHA Pore & Brightening Treatment Mask,KORA Organics,Skincare,18.0,4.1626,12716,37,3,1,0.08108108108108109
P461178,Chemistry AHA Serum Deodorant,Kosas,Bath & Body,16.0,3.9662,56825,22,0,0,0.0
P461182,Mini Translucent Loose Setting Powder - Honey,Laura Mercier,Mini Size,24.0,4.6503,0,19,0,0,0.0
P461184,REPLICA' Coffee Break Eau de Toilette,Maison Margiela,Fragrance,160.0,3.9526,38579,22,0,0,0.0
P461185,REPLICA' Coffee Break Eau de Toilette Travel Spray,Maison Margiela,Fragrance,35.0,3.9526,29546,22,0,0,0.0
P461187,NailKale Superfood Nail Oil Capsules,NAILS INC.,Makeup,20.0,4.1111,2921,14,0,0,0.0
P461188,Glam Eyeshadow Palette,Natasha Denona,Makeup,69.0,4.5045,108565,305,0,0,0.0
P461195,Clean Hemp Mask,SEPHORA COLLECTION,Skincare,5.5,3.8889,11589,31,0,0,0.0
P461199,Clean Peeling Mask,SEPHORA COLLECTION,Skincare,5.5,4.4545,7245,30,0,0,0.0
P461200,Clean Watermelon After Sun Mask,SEPHORA COLLECTION,Skincare,5.0,4.6667,9000,35,0,0,0.0
P461213,Honey Balm Niacinamide Moisturizer,Wishful,Skincare,43.0,4.1887,25888,36,0,0,0.0
P461217,Illuminator Liquid Highlight,Iconic London,Makeup,40.0,4.4943,46623,2,0,0,0.0
P461218,Lip Plumping Gloss,Iconic London,Makeup,26.0,3.4615,8367,30,0,0,0.0
P461219,Prep Set Glow Hydrating Spray,Iconic London,Makeup,29.0,3.9515,24591,30,0,0,0.0
P461220,Sheer Cream Blush,Iconic London,Makeup,27.0,4.1507,28367,29,0,0,0.0
P461222,Major Glow Dewy Milk Mist,PATRICK TA,Makeup,38.0,4.3716,18063,17,0,0,0.0
P461223,Major Glow Balm,PATRICK TA,Bath & Body,50.0,4.3445,29469,16,0,0,0.0
P461224,Major Glow Softening Lip Masque,PATRICK TA,Makeup,24.0,4.5738,18012,15,0,0,0.0
P461420,My Way Eau de Parfum,Armani Beauty,Fragrance,155.0,4.5065,58797,23,0,0,0.0
P461421,My Way Eau de Parfum Travel Spray,Armani Beauty,Fragrance,34.0,4.5065,26187,23,0,0,0.0
P461428,"Be Gentle, Be Kind Aloe + Oat Milk Ultra Soothing Fragrance-free Hypoallergenic Shampoo",Briogeo,Hair,28.0,3.9009,9879,18,0,0,0.0
P461429,"Be Gentle, Be Kind Aloe + Oat Milk Ultra Soothing Fragrance-free Hypoallergenic Conditioner",Briogeo,Hair,28.0,4.1399,7753,26,0,0,0.0
P461430,"Be Gentle, Be Kind Aloe + Oat Milk Ultra Soothing Fragrance-Free Detangler",Briogeo,Hair,25.0,3.9823,19749,1,0,0,0.0
P461433,Super Nudes Easy Eyeshadow Palette,Charlotte Tilbury,Makeup,60.0,4.0513,35747,55,0,0,0.0
P461436,Even Better All-Over Concealer + Eraser,CLINIQUE,Makeup,29.0,4.2447,19553,66,3,1,0.045454545454545456
P461439,Hyaluronic Marine Makeup Removing Meltaway Cleanser,Dr. Dennis Gross Skincare,Skincare,32.0,4.4555,8658,27,0,0,0.0
P461443,Seashore Spritzer Wave Spray,Drybar,Hair,27.0,3.5,2017,33,0,0,0.0
P461451,Abeille Royale Anti-Aging Fortifying Lotion Toner,GUERLAIN,Skincare,85.0,4.2566,6480,20,0,0,0.0
P461456,Balmy Gloss Tinted Lip Oil,ILIA,Makeup,26.0,4.4623,74363,40,0,0,0.0
P461457,Brow Power Filler Volumizing Tinted Fiber Eyebrow Gel,IT Cosmetics,Makeup,25.0,4.1744,3337,42,0,0,0.0
P461463,Mini The Baby One Talc-Free Eyeshadow Palette,LAWLESS,Mini Size,25.0,4.7093,28599,100,0,0,0.0
P461472,KUSH Liquid Eyeliner,MILK MAKEUP,Makeup,22.0,3.2864,6524,17,0,0,0.0
P461483,No. 0 Intensive Bond Building Hair Treatment,Olaplex,Hair,30.0,4.1482,171482,5,0,0,0.0
P461491,Bright Repair Eye Cream – 10% Vitamin C,Saint Jane Beauty,Skincare,65.0,4.2948,7304,25,0,0,0.0
P461514,Clean Liquid Lip Mousse,SEPHORA COLLECTION,Makeup,15.0,4.3776,12272,14,0,0,0.0
P461515,Clean Glossy Lip Oil,SEPHORA COLLECTION,Makeup,12.0,4.2331,30674,6,0,0,0.0
P461520,Clean Foot Mask,SEPHORA COLLECTION,Skincare,5.0,4.2692,34386,27,0,0,0.0
P461521,Clean Hand Mask,SEPHORA COLLECTION,Skincare,5.0,3.6818,16227,20,0,0,0.0
P461522,Clean Charcoal Nose Strip,SEPHORA COLLECTION,Skincare,3.0,3.0273,25388,17,0,0,0.0
P461523,Clean Hair Sleeping Mask,SEPHORA COLLECTION,Hair,5.0,3.7544,20849,29,0,0,0.0
P461535,All About Acne Breakout + Blackhead Set,Sunday Riley,Skincare,95.0,4.2,9837,199,3,1,0.01507537688442211
P461537,The Rice Wash Skin-Softening Cleanser,Tatcha,Skincare,40.0,4.5018,190401,23,0,0,0.0
P461544,Ultra Glow All Nighter Setting Spray,Urban Decay,Makeup,36.0,4.5442,20491,30,0,0,0.0
P461545,Ultra Glow All Nighter Primer,Urban Decay,Makeup,38.0,4.5057,14331,17,0,0,0.0
P461555,Mini Superberry Hydrate + Glow Dream Mask,Youth To The People,Skincare,18.0,4.3237,79524,32,0,0,0.0
P461600,Your Skin But Better Foundation + Skincare,IT Cosmetics,Makeup,44.0,4.3889,46949,40,0,0,0.0
P461601,"Hydrate Shampoo for Dry, Color-Treated Hair",Pureology,Hair,36.0,4.4734,32221,62,3,1,0.04838709677419355
P461602,Mini Hydrate Shampoo,Pureology,Hair,11.0,4.4734,7863,62,3,1,0.04838709677419355
P461603,"Hydrate Conditioner for Dry, Color-Treated Hair",Pureology,Hair,36.0,4.4808,26060,37,0,0,0.0
P461604,Mini Hydrate Conditioner,Pureology,Hair,11.0,4.4808,7160,37,0,0,0.0
P461605,Hydrate Nourishing Superfoods Treatment Hair Mask,Pureology,Hair,41.5,4.5805,11434,27,0,0,0.0
P461606,"Hydrate Sheer Shampoo for Fine, Dry, Color-Treated Hair",Pureology,Hair,36.0,4.4629,9820,41,3,1,0.07317073170731707
P461607,"Mini Hydrate Sheer Shampoo for Fine, Dry, Color-Treated Hair",Pureology,Hair,11.0,4.4629,4786,41,3,1,0.07317073170731707
P461608,"Hydrate Sheer Conditioner for Fine, Dry, Color-Treated Hair",Pureology,Hair,36.0,4.3383,6581,32,0,0,0.0
P461609,"Mini Hydrate Sheer Conditioner for Fine, Dry, Color-Treated Hair",Pureology,Hair,11.0,4.3383,3137,32,0,0,0.0
P461610,Strength Cure Strengthening Shampoo for Damaged Color-Treated Hair,Pureology,Hair,36.0,4.6766,24188,60,3,1,0.05
P461611,Strength Cure Strengthening Conditioner for Damaged Color-Treated Hair,Pureology,Hair,36.0,4.6966,18683,33,0,0,0.0
P461613,Strength Cure Split-End Salve Leave-In Treatment,Pureology,Hair,31.0,4.4286,5167,40,0,0,0.0
P461614,Strength Cure Superfoods Treatment Hair Mask,Pureology,Hair,41.5,4.5591,7568,22,0,0,0.0
P461615,Strength Cure Miracle Filler Heat Protectant Spray,Pureology,Hair,31.0,4.5449,14075,36,0,0,0.0
P461616,Strength Cure Blonde Purple Shampoo,Pureology,Hair,36.0,4.6076,8884,46,3,1,0.06521739130434782
P461617,Mini Strength Cure Blonde Shampoo,Pureology,Hair,11.0,4.6076,3340,46,3,1,0.06521739130434782
P461618,Strength Cure Blonde Purple Conditioner,Pureology,Hair,36.0,4.5492,5458,29,0,0,0.0
P461619,Mini Strength Cure Blonde Conditioner,Pureology,Hair,11.0,4.5492,1950,29,0,0,0.0
P461620,Pure Volume Shampoo,Pureology,Hair,36.0,3.9478,4881,35,3,1,0.08571428571428572
P461622,Pure Volume Conditioner,Pureology,Hair,36.0,4.316,3177,28,0,0,0.0
P461624,Smooth Perfection Shampoo,Pureology,Hair,36.0,4.5701,4314,53,3,1,0.05660377358490566
P461626,Smooth Perfection Conditioner,Pureology,Hair,36.0,4.5034,3323,29,0,0,0.0
P461628,Smooth Perfection Smoothing Hair Lotion,Pureology,Hair,31.0,4.4352,3335,26,0,0,0.0
P461629,Nanoworks Gold Hydrating Shampoo,Pureology,Hair,50.0,4.5029,6324,52,3,1,0.057692307692307696
P461631,Nanoworks Gold Strengthening Hydrating Conditioner,Pureology,Hair,50.0,4.4971,4862,30,0,0,0.0
P461633,Color Fanatic Heat Protectant Leave-In Conditioner,Pureology,Hair,34.0,4.5761,48940,40,0,0,0.0
P461634,Color Fanatic Multi-Tasking Deep-Conditioning Hair Mask,Pureology,Hair,41.5,4.75,7290,26,0,0,0.0
P461635,Style + Protect Refresh & Go Dry Shampoo,Pureology,Hair,31.0,4.2454,3568,19,0,0,0.0
P461636,Mini Style + Protect Refresh & Go Dry Shampoo,Pureology,Hair,11.0,4.2454,2551,19,0,0,0.0
P461637,Style + Protect Soft Finish Hairspray,Pureology,Hair,31.0,4.1818,1831,16,0,0,0.0
P461639,Style + Protect Volumizing Texture Finishing Hairspray,Pureology,Hair,31.0,4.157,1387,24,0,0,0.0
P461641,Hydrate Soft Softening Treatment Hair Mask,Pureology,Hair,41.5,4.5882,3831,22,0,0,0.0
P461642,Smooth Perfection Smoothing Hair Serum,Pureology,Hair,31.0,4.6786,4447,29,0,0,0.0
P461643,Style + Protect Weightless Hair Mousse,Pureology,Hair,31.0,3.8056,1714,36,0,0,0.0
P461664,PATRICK STARRR Visionary Eyeshadow Palette,ONE/SIZE by Patrick Starrr,Makeup,42.0,3.6182,31482,227,0,0,0.0
P461665,Point Made Waterproof Liquid Eyeliner Pen,ONE/SIZE by Patrick Starrr,Makeup,19.0,4.2245,37515,19,0,0,0.0
P461666,Eye Popper Sparkle Vision Liquid Eyeshadow,ONE/SIZE by Patrick Starrr,Makeup,24.0,3.7284,22876,21,0,0,0.0
P461667,Mini GO OFF Makeup Dissolving Mist,ONE/SIZE by Patrick Starrr,Skincare,18.0,4.168,9362,10,0,0,0.0
P461923,Point Made 24-Hour Gel Eyeliner Pencil,ONE/SIZE by Patrick Starrr,Makeup,19.0,4.2252,17539,12,0,0,0.0
P461925,Brow Microfilling Eyebrow Pen,Benefit Cosmetics,Makeup,25.0,3.2135,66699,36,0,0,0.0
P461928,COCO MADEMOISELLE L’EAU PRIVÉE Eau Pour la Nuit,CHANEL,Fragrance,136.0,4.0,20689,19,0,0,0.0
P461931,Chloé Rose Tangerine Eau de Toilette,Chloé,Fragrance,124.0,3.9087,5409,24,0,0,0.0
P461933,Advanced Night Repair Synchronized Multi-Recovery Complex Duo,Estée Lauder,Skincare,195.0,4.0456,11269,43,0,0,0.0
P461934,Brow MVP Sculpting Wax Pencil & Styler,Fenty Beauty by Rihanna,Makeup,20.0,3.1572,33216,22,0,0,0.0
P461935,BEAR Facial Toning Device,FOREO,Skincare,329.0,4.4236,11753,47,0,0,0.0
P461936,BEAR mini Facial Toning Device,FOREO,Skincare,219.0,4.1228,7401,46,0,0,0.0
P461937,Serum Serum Serum,FOREO,Skincare,59.0,1.8462,1850,46,0,0,0.0
P461942,Fig & Lotus Flower Cologne,Jo Malone London,Fragrance,145.0,4.0227,7960,16,0,0,0.0
P461945,Lipstick Fever Eau de Parfum,Juliette Has a Gun,Fragrance,140.0,3.7755,4508,9,0,0,0.0
P461946,Mini Lipstick Fever Eau de Parfum Travel Spray,Juliette Has a Gun,Fragrance,30.0,3.8261,3302,9,0,0,0.0
P461947,Calendula Petal-Infused Calming Mask with Aloe Vera,Kiehl's Since 1851,Skincare,47.0,4.5111,10799,38,0,0,0.0
P461948,Super Multi-Corrective Anti-Aging Face and Neck Cream,Kiehl's Since 1851,Skincare,76.0,4.2824,9733,42,0,0,0.0
P461949,The Concentrate Serum,La Mer,Skincare,425.0,4.5187,7514,49,0,0,0.0
P461950,Mini The Concentrate Serum,La Mer,Skincare,220.0,4.4444,6441,49,0,0,0.0
P461956,Lip Fetish Divinyl Lip Shine,PAT McGRATH LABS,Makeup,38.0,3.8657,31289,35,0,0,0.0
P461960,Mini Hydrating + Color Protecting Hair Kit,Pureology,Hair,24.0,4.3611,20718,162,3,1,0.018518518518518517
P461979,Moya Hold Finishing Hair Spray,shu uemura,Hair,42.0,4.5441,1667,11,0,0,0.0
P461981,Wata Wave Dry Texturizing Hair Spray,shu uemura,Hair,42.0,4.4694,2781,16,0,0,0.0
P461982,Awa Volume Volumizing Mousse,shu uemura,Hair,42.0,4.4444,2679,27,0,0,0.0
P461983,Kaze Wave Curl and Wave Defining Hair Mousse,shu uemura,Hair,42.0,4.3187,2566,33,0,0,0.0
P461984,Tsuyu Sleek Blow Dry Hair Oil,shu uemura,Hair,42.0,4.5278,1718,13,0,0,0.0
P461985,Netsu Design Blow Dry Cream,shu uemura,Hair,42.0,4.5957,3385,28,0,0,0.0
P461986,Tsuki Shape Heat-Activated Blow Dry Spray,shu uemura,Hair,42.0,4.4444,3328,18,0,0,0.0
P461987,Shiki Worker Multi-Benefit Hair Primer,shu uemura,Hair,42.0,4.5986,2586,26,0,0,0.0
P461988,Ishi Sculpt Texturizing & Sculpting Hair Paste,shu uemura,Hair,45.0,4.541,1940,37,0,0,0.0
P461989,Spicebomb Night Vision Eau de Parfum,Viktor&Rolf,Fragrance,134.0,4.5156,2787,19,0,0,0.0
P462328,Superfine Micro-Stroking Detail Brow Pen,Anastasia Beverly Hills,Makeup,22.0,3.9654,51057,22,0,0,0.0
P462330,Mini Loose Setting Powder,Anastasia Beverly Hills,Makeup,19.0,4.25,7141,9,0,0,0.0
P462336,Aqua Bomb Cleansing Balm,belif,Skincare,38.0,4.4598,14738,42,0,0,0.0
P462339,Vitamin Enriched Eye Base,Bobbi Brown,Skincare,58.0,4.639,24532,52,0,0,0.0
P462344,Hydro Masque Exfoliant,Dermalogica,Skincare,64.0,4.4406,6698,66,0,0,0.0
P462347,E-Rase Milki Micellar Water Mini,Drunk Elephant,Skincare,14.0,4.2812,19854,27,0,0,0.0
P462352,Honey Infused Hair Oil,Gisou,Hair,46.0,4.2976,79881,18,0,0,0.0
P462353,Mini Honey Infused Hair Oil,Gisou,Hair,25.0,4.2976,104154,18,0,0,0.0
P462354,Honey Infused Hair Mask,Gisou,Hair,25.0,4.6058,35765,29,0,0,0.0
P462355,Honey Infused Hair Perfume,Gisou,Hair,83.0,4.0824,14614,16,0,0,0.0
P462356,Mini Honey Infused Hair Perfume,Gisou,Hair,44.0,4.0824,70086,16,0,0,0.0
P462357,Honey Infused Hair Wash Shampoo,Gisou,Hair,37.0,3.8939,23491,36,0,0,0.0
P462359,Honey Infused Conditioner,Gisou,Hair,34.0,4.1107,13487,28,0,0,0.0
P462360,Mini Honey Infused Conditioner,Gisou,Hair,13.0,4.1107,9518,29,0,0,0.0
P462361,Propolis Infused Heat Protecting Spray,Gisou,Hair,41.0,4.5678,22933,32,0,0,0.0
P462362,Propolis Infused Polishing Primer,Gisou,Hair,34.0,4.6307,12609,26,0,0,0.0
P462363,Propolis Infused Texturizing Wave Spray,Gisou,Hair,39.0,4.498,11507,25,0,0,0.0
P462371,Mist Me Hydrating Face Mist,Kaja,Makeup,17.0,4.0,5966,36,0,0,0.0
P462375,Hyaluronic Dew Drops Hydrating Serum,Mario Badescu,Skincare,30.0,3.5,2112,23,0,0,0.0
P462377,Acne Repair Kit,Mario Badescu,Skincare,46.0,,2124,85,3,1,0.03529411764705882
P462378,Anti-Aging Regimen Kit,Mario Badescu,Skincare,30.0,4.3,2962,116,0,0,0.0
P462379,Witch Hazel & Lavender Toner,Mario Badescu,Skincare,14.0,4.0,2138,21,0,0,0.0
P462381,Glycolic Eye Cream,Mario Badescu,Skincare,20.0,4.1111,2932,20,0,0,0.0
P462383,Flower & Tonic Clay Mask,Mario Badescu,Skincare,18.0,4.5,2333,37,0,0,0.0
P462384,Spritz. Mist. Glow. Facial Spray Trio,Mario Badescu,Skincare,21.0,3.0,5387,68,0,0,0.0
P462386,Drying Cream,Mario Badescu,Skincare,17.0,3.75,1635,53,0,0,0.0
P462387,All in One Leave-In Conditioner,Moroccanoil,Hair,30.0,4.5997,51662,44,0,0,0.0
P462390,PRO Strength 10% PHA Exfoliating Clarifying Liquid,Peter Thomas Roth,Skincare,58.0,4.3836,6220,23,3,1,0.13043478260869565
P462409,Voce Viva Eau de Parfum,Valentino,Fragrance,156.0,4.4442,34578,19,0,0,0.0
P462410,Voce Viva Eau de Parfum Travel Spray,Valentino,Fragrance,35.0,4.4442,28206,19,0,0,0.0
P462417,LIBRE Eau de Parfum Intense,Yves Saint Laurent,Fragrance,95.0,4.6006,38366,21,0,0,0.0
P462666,Total Eye Lift Firming & Smoothing Anti-Aging Eye Cream,Clarins,Skincare,90.0,4.5945,15015,40,0,0,0.0
P462672,Prickly Pear Hair Oil,dae,Hair,38.0,4.4086,41053,13,0,0,0.0
P462678,Liquid Glass Miracle Smoothing Sealant,Drybar,Hair,34.0,4.1122,16763,31,0,0,0.0
P462687,Arizona Bloom Eau de Parfum,Floral Street,Fragrance,34.0,4.175,2937,5,0,0,0.0
P462688,Arizona Bloom Eau de Parfum Travel Spray,Floral Street,Fragrance,34.0,4.175,3480,5,0,0,0.0
P462699,Plum Plump Hyaluronic Acid Serum,Glow Recipe,Skincare,45.0,4.4249,159339,36,0,0,0.0
P462706,Epic Curl Vegan Lash Primer,KVD Beauty,Makeup,24.0,2.9355,2352,28,0,0,0.0
P462718,Digital Dust Duo Blush,Melt Cosmetics,Makeup,39.0,4.5672,23551,44,0,0,0.0
P462720,Soft Matte Complete Foundation,NARS,Makeup,42.0,4.1135,152923,33,0,0,0.0
P462721,Mini Afterglow Lip Balm Duo,NARS,Mini Size,22.0,3.7375,77793,62,0,0,0.0
P462725,Mini Melrose Place Eau De Parfum,OUAI,Fragrance,26.0,4.1142,24844,16,0,0,0.0
P462726,Mini North Bondi Eau De Parfum,OUAI,Fragrance,26.0,4.0628,14212,18,0,0,0.0
P462747,Mini Clarifying Blemish & Oil Control Cleanser,Tata Harper,Skincare,46.0,3.9476,4047,44,0,0,0.0
P462748,Mini Purifying Pore Detox Cleanser,Tata Harper,Skincare,46.0,4.2059,3104,35,0,0,0.0
P462783,Lip Fetish Sheer Colour Balm,PAT McGRATH LABS,Makeup,38.0,3.4773,27442,24,0,0,0.0
P462829,Squalane + Elderberry Nourishing Jelly Cleanser,Biossance,Skincare,28.0,3.6441,21228,24,0,0,0.0
P462832,Curl Defining Cream,Bumble and bumble,Hair,32.0,4.124,8553,42,0,0,0.0
P462833,Mini Curl Defining Cream,Bumble and bumble,Hair,16.0,2.4167,4027,42,0,0,0.0
P462834,Curl Moisturizing Shampoo,Bumble and bumble,Hair,34.0,4.6791,6130,41,0,0,0.0
P462835,Curl 3 in 1 Conditioner,Bumble and bumble,Hair,35.0,4.558,6404,42,0,0,0.0
P462836,Curl Butter Mask,Bumble and bumble,Hair,43.0,3.8,2359,31,0,0,0.0
P462837,Curl Mousse,Bumble and bumble,Hair,32.0,4.4818,6952,41,0,0,0.0
P462838,Curl Anti-Humidity Gel Oil,Bumble and bumble,Hair,32.0,3.6604,5185,31,0,0,0.0
P462839,Curl Reactivator,Bumble and bumble,Hair,30.0,4.4802,14628,39,0,0,0.0
P462841,Pillow Talk Push Up Lashes Volumizing & Lengthening Mascara,Charlotte Tilbury,Makeup,29.0,3.7984,51613,21,0,0,0.0
P462842,Mini Pillow Talk Push Up Lashes Volumizing & Lengthening Mascara,Charlotte Tilbury,Mini Size,15.0,2.6512,25582,21,0,0,0.0
P462843,Jewel Lip Gloss,Charlotte Tilbury,Makeup,32.0,4.0,34063,29,0,0,0.0
P462844,Cheek To Chic Blush - Walk of No Shame Collection,Charlotte Tilbury,Makeup,42.0,4.2759,8579,37,0,0,0.0
P462845,Luxury Eyeshadow Palette - Walk of No Shame Collection,Charlotte Tilbury,Makeup,55.0,3.3571,19068,71,0,0,0.0
P462846,Eye Liner - Walk of No Shame Collection,Charlotte Tilbury,Makeup,29.0,4.6429,7815,14,0,0,0.0
P462847,Collagen Lip Bath Gloss  - Walk of No Shame Collection,Charlotte Tilbury,Makeup,35.0,3.0,11295,42,0,0,0.0
P462848,Matte Revolution Lipstick - Walk of No Shame Collection,Charlotte Tilbury,Makeup,35.0,4.4194,0,32,0,0,0.0
P462849,Superstar Lips Lipstick - Walk of No Shame Collection,Charlotte Tilbury,Makeup,35.0,4.75,0,30,0,0,0.0
P462850,Lip Cheat Lip Liner- Walk of No Shame Collection,Charlotte Tilbury,Makeup,25.0,4.4286,0,17,0,0,0.0
P462860,Ceramidin Body Lotion,Dr. Jart+,Bath & Body,28.0,4.2759,6599,43,0,0,0.0
P462863,DÉJÀ VU WHITE FLOWER Hair Mist,KAYALI,Fragrance,43.0,4.3137,10153,25,0,0,0.0
P462868,Discipline Cleansing Conditioner,Kérastase,Hair,48.0,4.5,830,26,0,0,0.0
P462872,The Big Clean Longwear Volumizing + Lash Care Mascara,Kosas,Makeup,26.0,3.4892,17503,23,0,0,0.0
P462883,Rouge Artist Lipstick,MAKE UP FOR EVER,Makeup,25.0,4.4403,62686,38,0,0,0.0
P462885,The Deep Cream Bronzer and Contour Sculpt Stack,Melt Cosmetics,Makeup,48.0,4.5,4639,24,0,0,0.0
P462891,GinZing Into the Glow Brightening Serum,Origins,Skincare,46.0,4.5328,25211,43,3,1,0.06976744186046512
P463015,Alterna Haircare Caviar Anti-Aging Clinical Densifying Foam Conditioner,ALTERNA Haircare,Hair,38.0,4.5606,1025,36,0,0,0.0
P463016,Clinical Densifying Styling Mousse,ALTERNA Haircare,Hair,38.0,,0,49,0,0,0.0
P463025,COCO MADEMOISELLE Eau de Parfum Intense Twist & Spray Set,CHANEL,Fragrance,102.0,4.0,16186,19,0,0,0.0
P463032,5 Couleurs Couture Eyeshadow Palette,Dior,Makeup,62.0,3.7922,52383,180,0,0,0.0
P463033,Diorshow Stylo Waterproof Eyeliner,Dior,Makeup,34.0,2.7742,5853,33,0,0,0.0
P463036,Honey Halo Ultra-Hydrating Ceramide Moisturizer,Farmacy,Skincare,48.0,4.4484,131912,42,0,0,0.0
P463037,Mini Pro Filt'r Hydrating Primer,Fenty Beauty by Rihanna,Mini Size,20.0,4.1176,30619,32,0,0,0.0
P463038,Mini Pro Filt'r Mattifying Primer,Fenty Beauty by Rihanna,Mini Size,20.0,3.3673,17147,24,0,0,0.0
P463048,Dirty Vanilla Eau de Parfum,HERETIC,Fragrance,165.0,3.1364,5132,15,0,0,0.0
P463049,Dirty Vanilla Eau de Parfum Travel Spray,HERETIC,Fragrance,65.0,3.1,6848,15,0,0,0.0
P463061,Naughty Nude Eyeshadow Palette,HUDA BEAUTY,Makeup,69.0,4.5266,85434,312,0,0,0.0
P463062,Haze Obsessions Eyeshadow Palette,HUDA BEAUTY,Makeup,32.0,3.4451,71958,91,0,0,0.0
P463071,Hydro Grip Setting + Refreshing Spray,MILK MAKEUP,Makeup,38.0,4.523,117502,50,0,0,0.0
P463072,Mini Hydro Grip Setting + Refreshing Spray,MILK MAKEUP,Makeup,22.0,3.8702,104038,50,0,0,0.0
P463073,Volumizing Mist,Moroccanoil,Hair,30.0,3.5,5074,42,0,0,0.0
P463074,Mini All in One Leave-In Conditioner,Moroccanoil,Hair,14.0,4.2128,29112,44,0,0,0.0
P463096,Glowy Nude Skin 2pcs,NUDESTIX,Makeup,47.0,4.0,9078,52,0,0,0.0
P463098,Nudefix Cream Concealer,NUDESTIX,Makeup,28.0,4.3333,11390,43,0,0,0.0
P463099,Pretty Nude Skin 2pcs,NUDESTIX,Makeup,47.0,3.4545,8148,50,0,0,0.0
P463105,Benefiance Wrinkle Smoothing Retinol Serum,Shiseido,Skincare,75.0,4.5806,5722,55,0,0,0.0
P463106,Vital Perfection Uplifting and Firming Eye Cream,Shiseido,Skincare,85.0,4.0,2649,62,0,0,0.0
P463109,Overnight Vitalizing Sleeping Mask,Sulwhasoo,Skincare,54.0,3.25,259,64,0,0,0.0
P463110,Clarifying Peel Off Mask,Sulwhasoo,Skincare,45.0,4.5,2963,31,0,0,0.0
P463116,Mini All Nighter Ultra Matte Setting Spray,Urban Decay,Makeup,16.0,4.0,9254,27,0,0,0.0
P463117,Mini All Nighter Complexion Primer,Urban Decay,Makeup,16.0,2.9,6256,25,0,0,0.0
P463144,Dream Eye Cream with Vitamin C and Ceramides,Youth To The People,Skincare,48.0,3.8645,54679,35,0,0,0.0
P463287,ISO GAMMA SUPER Eau de Parfum Travel Spray,Ellis Brooklyn,Fragrance,32.0,3.25,1568,2,0,0,0.0
P463306,Joystick Brightening Undereye Setting Powder,Kaja,Makeup,20.0,3.1778,19097,20,0,0,0.0
P463353,CC Screen 100% Mineral CC Cream SPF 50 PA++++,Supergoop!,Skincare,44.0,3.4004,37695,27,0,0,0.0
P463371,Mini Adaptogen Deep Moisture Cream with Ashwagandha + Reishi,Youth To The People,Skincare,18.0,4.3655,28957,31,0,0,0.0
P463420,Mini Soft Glam II Eye Shadow Palette,Anastasia Beverly Hills,Makeup,29.0,4.3553,45762,221,0,0,0.0
P463424,Leila Lou Hydrating Body Oil,By Rosie Jane,Bath & Body,40.0,3.75,1955,6,0,0,0.0
P463425,James Hydrating Body Oil,By Rosie Jane,Bath & Body,40.0,3.3333,1124,6,0,0,0.0
P463451,VANILLA | 28 & MUSK | 12 Doublesided Travel Rollerball,KAYALI,Fragrance,27.0,4.2295,13051,32,0,0,0.0
P463452,Lustre Lip Oil,Iconic London,Makeup,26.0,4.6364,18722,14,0,0,0.0
P463462,Vitamin E Lip Conditioner Balm,Jo Malone London,Makeup,38.0,4.0667,6996,23,0,0,0.0
P463463,Vitamin E Nourishing Hand Treatment Cream,Jo Malone London,Bath & Body,65.0,5.0,3144,51,3,1,0.058823529411764705
P463464,Blush & Bloom Cheek + Lip Duo,Jouer Cosmetics,Makeup,32.0,4.2333,12268,29,0,0,0.0
P463601,Alterna Haircare Caviar Anti-Aging Clinical Densifying Shampoo,ALTERNA Haircare,Hair,38.0,4.4203,1572,65,0,0,0.0
P463613,Moisture Surge Intense 72H Lipid-Replenishing Hydrator Moisturizer,CLINIQUE,Skincare,44.0,3.4688,6473,39,0,0,0.0
P463625,Rouge Interdit Intense Silk Satin Matte Lipstick Refills,Givenchy,Makeup,31.0,4.6,3602,32,0,0,0.0
P463638,Kitten Mini: Glamrok Shade + Light Eyeshadow Quad,KVD Beauty,Makeup,19.0,3.7,15069,87,0,0,0.0
P463665,Get Even Rose Face Oil,Wishful,Skincare,63.0,4.3926,12439,23,0,0,0.0
P463666,The Slim Glow Matte Lipstick,Yves Saint Laurent,Makeup,39.0,4.2743,38033,39,0,0,0.0
P463783,Insta Brow Set,Anastasia Beverly Hills,Makeup,25.0,3.8846,29137,34,0,0,0.0
P463792,Rejuvenating Scalp + Fuller Hair Therapy Set,BeautyBio,Skincare,249.0,3.5385,5810,20,0,0,0.0
P463793,Healthy Scalp Hair Density& Clarifying Serum,BeautyBio,Hair,59.0,4.4729,7755,19,0,0,0.0
P463822,Mini Filmstar Bronze & Glow Contour Duo,Charlotte Tilbury,Makeup,29.0,3.9045,97986,37,0,0,0.0
P463845,J'adore eau de parfum infinissime,Dior,Fragrance,170.0,4.1905,6204,23,0,0,0.0
P463924,Celestial Divinity Eyeshadow Palette,PAT McGRATH LABS,Makeup,58.0,4.3617,15903,57,0,0,0.0
P463951,Mini Benefiance Wrinkle Smoothing Cream Enriched,Shiseido,Skincare,30.0,3.7143,4039,51,0,0,0.0
P463959,Brazilian Crush Cheirosa ’71 Hair & Body Fragrance Mist,Sol de Janeiro,Fragrance,24.0,4.118,90928,5,0,0,0.0
P463964,Pink Drink Firming Resurfacing Peptide Face Mist,Sunday Riley,Skincare,48.0,3.8085,19808,57,0,0,0.0
P463968,Big Ego DIY Brow Detailing Pen,tarte,Makeup,21.0,3.5769,4678,21,0,0,0.0
P463976,Mini Healthy Hair To Go Set For Recovery,Virtue,Hair,25.0,2.0,3271,131,1,1,0.007633587786259542
P464219,BLEU DE CHANEL Parfum Twist & Spray,CHANEL,Fragrance,156.0,5.0,2043,18,0,0,0.0
P464233,Mini Face Cream,Dr. Barbara Sturm,Skincare,75.0,4.2407,2202,32,0,0,0.0
P464234,Advanced Retinol Night Repair Treatment,Dr. Zenovia Skincare,Skincare,72.0,4.5019,2860,20,0,0,0.0
P464235,Inflam-Aging Night Repair Treatment,Dr. Zenovia Skincare,Skincare,72.0,4.4769,1478,33,0,0,0.0
P464237,Retinol Recovery Eye Cream,Dr. Zenovia Skincare,Skincare,64.0,3.8812,1366,59,0,0,0.0
P464238,Peptide + Ceramide Repairing Moisturizer,Dr. Zenovia Skincare,Skincare,79.0,4.6744,5504,45,0,0,0.0
P464239,Aloe Vera Blemish Soothing Moisturizer,Dr. Zenovia Skincare,Skincare,38.0,4.5809,5968,21,0,0,0.0
P464240,10% Glycolic Acne Control Peel Pads,Dr. Zenovia Skincare,Skincare,42.0,4.4095,3425,18,3,1,0.16666666666666666
P464241,5% Benzoyl Peroxide Acne Spot Treatment,Dr. Zenovia Skincare,Skincare,25.0,4.4021,7160,15,0,0,0.0
P464242,Hyaluronic Acid + Peptide Serum,Dr. Zenovia Skincare,Skincare,72.0,4.5082,2472,21,0,0,0.0
P464243,10% Benzoyl Peroxide Acne Cleanser,Dr. Zenovia Skincare,Skincare,30.0,4.4931,8366,19,0,0,0.0
P464244,Vitamin C Brightening Toner,Dr. Zenovia Skincare,Skincare,38.0,4.5981,3840,25,0,0,0.0
P464245,Bakuchiol Hydrating Cleanser,Dr. Zenovia Skincare,Skincare,42.0,4.4983,1784,33,0,0,0.0
P464250,GOOPGENES Nourishing Repair Body Butter,goop,Skincare,65.0,3.8261,1403,45,0,0,0.0
P464265,Satin Luxe Classic Cream Lipstick - Baby,LAWLESS,Makeup,28.0,5.0,2246,20,0,0,0.0
P464268,Legend Eau de Parfum,Montblanc,Fragrance,115.0,4.3448,1990,10,0,0,0.0
P464304,Bitter Peach Eau De Parfum,TOM FORD,Fragrance,395.0,4.1186,36182,19,0,0,0.0
P464305,Soleil Neige Eau De Parfum Travel Spray,TOM FORD,Fragrance,70.0,4.6016,12853,17,0,0,0.0
P464308,Lost Cherry Travel Spray,TOM FORD,Fragrance,80.0,4.1734,49613,29,0,0,0.0
P464313,Soleil Balm Frost Lip Balm,TOM FORD,Makeup,58.0,3.3918,34489,45,0,0,0.0
P464315,Eros Pour Homme Eau de Parfum,Versace,Fragrance,107.0,4.5556,7712,12,0,0,0.0
P464772,Liquid Powder Eye Shadow Tint,ILIA,Makeup,28.0,4.1354,95475,19,0,0,0.0
P464781,Dazzle Vegan Long-Wear Eyeshadow Stick,KVD Beauty,Makeup,24.0,4.5692,29465,28,0,0,0.0
P464785,No.04 Bois de Balincourt Deodorant,Maison Louis Marie,Bath & Body,20.0,3.9649,9707,20,0,0,0.0
P464791,Mini Zendo Eyeshadow Palette,Natasha Denona,Makeup,27.0,4.3913,22387,96,0,0,0.0
P464799,Potent-C Power Brightening Hydra-Gels,Peter Thomas Roth,Skincare,65.0,2.6429,9815,38,0,0,0.0
P464804,Hand Sanitizer,SEPHORA COLLECTION,Bath & Body,3.5,4.1515,9852,20,0,0,0.0
P465302,Acqua Di Gio Pour Homme Travel Spray,Armani Beauty,Fragrance,42.0,4.741,4152,16,0,0,0.0
P465304,Acqua Di Gio Deodorant,Armani Beauty,Bath & Body,28.0,3.6667,1988,15,0,0,0.0
P465313,Dylan Perfume,By Rosie Jane,Fragrance,70.0,4.614,2901,17,0,0,0.0
P465314,Dylan Perfume Travel Spray,By Rosie Jane,Fragrance,28.0,4.0588,2331,17,0,0,0.0
P465315,Dylan Perfume Oil,By Rosie Jane,Fragrance,45.0,4.3571,844,16,0,0,0.0
P465324,#FauxFilter Skin Finish Buildable Coverage Foundation Stick,HUDA BEAUTY,Makeup,39.0,4.4724,88630,26,0,0,0.0
P465326,Water Jelly Hydrating Face Primer,HUDA BEAUTY,Makeup,33.0,4.2716,16716,15,0,0,0.0
P465332,Angels Share Eau De Parfum,KILIAN Paris,Fragrance,230.0,4.4305,52162,11,0,0,0.0
P465333,Roses On Ice Eau De Parfum,KILIAN Paris,Fragrance,230.0,4.339,7948,13,0,0,0.0
P465365,Puffy Under-Eye Patches,Peace Out,Skincare,25.0,4.2599,28152,35,0,0,0.0
P465368,Mini Ready Steady Glow Daily AHA Tonic,REN Clean Skincare,Skincare,22.0,4.143,20852,16,0,0,0.0
P465741,Wild Huckleberry 8-Acid Polishing Peel Mask,alpyn beauty,Skincare,56.0,4.6801,28060,62,0,0,0.0
P465745,Intensive Serum Foundation SPF 40,Bobbi Brown,Makeup,75.0,4.4383,14238,58,0,0,0.0
P465752,Mini Protini Polypeptide Moisturizer,Drunk Elephant,Skincare,22.0,3.805,52282,59,0,0,0.0
P465753,Detox Dry Shampoo,Drybar,Hair,39.0,,0,29,0,0,0.0
P465757,Gloss Bomb Cream Color Drip Lip Cream,Fenty Beauty by Rihanna,Makeup,22.0,4.5807,194099,27,0,0,0.0
P465781,Pro Volume Lip Gloss,MAKEUP BY MARIO,Makeup,22.0,3.95,18322,31,0,0,0.0
P465783,Mini Orgasm Blush,NARS,Mini Size,17.0,3.7808,61502,11,0,0,0.0
P465784,Mini Orgasm X Blush,NARS,Mini Size,17.0,4.5909,39398,11,0,0,0.0
P465812,Power Liner - Eyeliner and Lash Adhesive Hybrid,Lilly Lashes,Makeup,20.0,4.0803,7314,10,0,0,0.0
P466114,Resveratrol Lift Instant Firming Retinol Alternative Serum,Caudalie,Skincare,84.0,4.5722,48739,28,0,0,0.0
P466117,Sweet Biome Fermented Sake Hydrating Spray,Drunk Elephant,Skincare,42.0,3.8833,15545,55,0,0,0.0
P466122,Kombucha 2-in-1 No-Rinse Cleanser & Prebiotic Treatment,fresh,Skincare,44.0,4.426,8957,18,0,0,0.0
P466123,Watermelon Glow Niacinamide Dew Drops,Glow Recipe,Skincare,35.0,4.3975,389213,25,0,0,0.0
P466134,Radian-C Cream with Vitamin C,LANEIGE,Skincare,35.0,4.4913,45923,30,0,0,0.0
P466135,REPLICA' Bubble Bath,Maison Margiela,Fragrance,160.0,3.8528,51417,16,0,0,0.0
P466136,REPLICA' Bubble Bath Travel Spray,Maison Margiela,Fragrance,35.0,3.8528,28124,16,0,0,0.0
P466142,Lemonade Smoothing Scrub,OLEHENRIKSEN,Skincare,35.0,4.5795,42708,39,0,0,0.0
P466143,Mini Ultimate Blurring Setting Powder,ONE/SIZE by Patrick Starrr,Makeup,18.0,4.3026,56904,20,0,0,0.0
P466144,Ultimate Blurring Setting Powder,ONE/SIZE by Patrick Starrr,Makeup,34.0,4.3138,56615,20,0,0,0.0
P466152,Stay All Day Dual-Ended Waterproof Liquid Eye Liner,stila,Makeup,32.0,3.8276,17870,13,0,0,0.0
P466153,Cloud Dew Gel Cream Moisturizer,Summer Fridays,Skincare,45.0,4.4613,51838,52,0,0,0.0
P466154,Daily Dose Vitamin C + SPF 40 Sunscreen Serum PA+++,Supergoop!,Skincare,46.0,3.6736,41804,32,0,0,0.0
P466155,The Dewy Serum Resurfacing and Plumping Treatment,Tatcha,Skincare,89.0,4.6355,77027,39,0,0,0.0
P466163,Thirst Trap Juice Hyaluronic Acid & Peptide Hydrating Facial Serum,Wishful,Skincare,47.0,4.6106,19684,33,0,0,0.0
P466164,15% Vitamin C + Clean Caffeine Energy Serum,Youth To The People,Skincare,69.0,4.3984,95527,34,0,0,0.0
P466422,Mini Her Eau de Parfum Set,BURBERRY,Fragrance,29.0,4.3429,54544,17,0,0,0.0
P466426,Hand Wash,OUAI,Bath & Body,32.0,4.2813,12455,34,0,0,0.0
P466427,Hand Lotion,OUAI,Bath & Body,32.0,3.4444,9664,23,0,0,0.0
P466428,Hand Cream,OUAI,Bath & Body,24.0,3.3793,6736,38,0,0,0.0
P466429,Treatment Mask for Thick Hair,OUAI,Hair,38.0,4.5073,28289,55,3,1,0.05454545454545454
P466430,Treatment Mask for Fine and Medium Hair,OUAI,Hair,38.0,4.5262,59113,88,0,0,0.0
P466443,Size Up Volumizing Mascara,SEPHORA COLLECTION,Makeup,12.0,3.6923,21694,24,1,1,0.041666666666666664
P466656,The POREfessional: Super Setter Pore-Minimizing Setting Spray,Benefit Cosmetics,Makeup,33.0,4.5921,26945,17,0,0,0.0
P466657,Mini The POREfessional: Super Setter Setting Spray,Benefit Cosmetics,Mini Size,15.0,4.2647,20010,17,0,0,0.0
P466661,Whipped Greens Oil-Free Foaming Cleanser with Moringa and Papaya,Farmacy,Skincare,28.0,4.5747,40927,50,0,0,0.0
P466663,Pillow Lips Solid Serum Lip Gloss,IT Cosmetics,Makeup,24.0,4.4149,14498,48,0,0,0.0
P466665,Mini Tinted Moisturizer Oil Free Natural Skin Perfector Broad Spectrum SPF 20,Laura Mercier,Mini Size,29.0,4.1967,39584,28,0,0,0.0
P466673,Rapid Dark Spot Correcting Serum,Murad,Skincare,83.0,4.3876,19264,31,0,0,0.0
P466674,Detox Shampoo,OUAI,Hair,64.0,4.5259,0,34,0,0,0.0
P466829,Pro Filt’r Soft Matte Longwear Powder Foundation,Fenty Beauty by Rihanna,Makeup,40.0,4.4068,112316,26,0,0,0.0
P466877,Alpha Beta Exfoliating Body Treatment Peel,Dr. Dennis Gross Skincare,Bath & Body,60.0,4.4054,15460,39,3,1,0.07692307692307693
P466878,Mini Alpha Beta Exfoliating Body Treatment Peel,Dr. Dennis Gross Skincare,Skincare,18.0,2.8824,6308,39,3,1,0.07692307692307693
P466879,Chronologiste Detoxifying Charcoal Pre-Shampoo,Kérastase,Hair,52.0,4.5,3599,47,3,1,0.06382978723404255
P466880,Chronologiste Shampoo for Dull and Brittle Hair,Kérastase,Hair,45.0,4.5133,12212,36,3,1,0.08333333333333333
P466881,Chronologiste Hair Mask for Dull and Brittle Hair,Kérastase,Hair,75.0,4.5079,10562,39,0,0,0.0
P466882,Chronologiste Heat Protecting Leave-In Treatment for Dull and Brittle Hair,Kérastase,Hair,54.0,4.5754,14712,36,0,0,0.0
P466883,Mini Blond Absolu Strengthening Conditioner,Kérastase,Hair,24.0,5.0,4077,27,0,0,0.0
P466884,Mini Blond Absolu Heat Protecting Leave-In Treatment for Blonde Hair,Kérastase,Hair,22.0,3.375,8480,28,0,0,0.0
P466885,Mini Blond Absolu Hydrating Illuminating Shampoo,Kérastase,Hair,21.0,2.6,5514,19,3,1,0.15789473684210525
P467028,Glow In A Wink ExfoliKate Bestsellers Set,Kate Somerville,Skincare,72.0,4.9067,3372,107,3,1,0.028037383177570093
P467032,No.04 Bois de Balincourt Body and Hand Wash,Maison Louis Marie,Bath & Body,29.0,3.6,2219,41,0,0,0.0
P467037,Seville Orange Perfume Oil,NEST New York,Fragrance,98.0,4.3542,10512,15,0,0,0.0
P467038,Retinol Eye Stick,Peace Out,Skincare,28.0,4.2062,136726,34,0,0,0.0
P467110,Squalane + 10% Vitamin C Dark Spot Serum,Biossance,Skincare,65.0,4.3465,44580,16,0,0,0.0
P467111,Retinol Acne Clearing Oil,Dermalogica,Skincare,86.0,4.3981,4762,21,3,1,0.14285714285714285
P467112,Daily Microfoliant Exfoliator Refill Pack,Dermalogica,Skincare,56.0,4.8824,8312,29,3,1,0.10344827586206896
P467114,Mini Hot Toddy Heat Protectant Mist,Drybar,Hair,14.0,3.375,5133,22,0,0,0.0
P467115,Facial Radiance Niacinamide Dark Spot Serum,First Aid Beauty,Skincare,42.0,3.6559,27888,25,0,0,0.0
P467118,That Limitless Glow Sheet Mask,JLo Beauty,Skincare,49.0,4.013,11890,39,0,0,0.0
P467120,That Hit Single Gel-Cream Cleanser,JLo Beauty,Skincare,39.0,4.0992,6260,48,3,1,0.0625
P467122,That Fresh Take Eye Cream with Peptides,JLo Beauty,Skincare,49.0,4.1559,7449,43,0,0,0.0
P467123,That Big Screen Moisturizer with Broad Spectrum SPF 30,JLo Beauty,Skincare,55.0,4.1435,5411,41,0,0,0.0
P467124,That Blockbuster Cream with Hyaluronic Acid,JLo Beauty,Skincare,59.0,4.1612,8948,52,3,1,0.057692307692307696
P467126,That Jlo Glow Brightening & Firming Serum with Niacinamide,JLo Beauty,Skincare,79.0,3.9452,13307,38,0,0,0.0
P467129,Acne Control 30-Day Trial Kit for Clearer Skin,Murad,Skincare,36.0,3.5333,4471,131,9,1,0.06870229007633588
P467137,Water Drench Hyaluronic Glow Serum,Peter Thomas Roth,Skincare,72.0,4.444,7390,29,0,0,0.0
P467139,Astrology Lip Stories Lipstick,SEPHORA COLLECTION,Makeup,9.0,4.0924,90341,18,0,0,0.0
P467140,Best Skin Ever Liquid Foundation,SEPHORA COLLECTION,Makeup,20.0,4.2702,121760,32,0,0,0.0
P467141,Vegan Hydrating Lip Balm,SEPHORA COLLECTION,Makeup,5.0,3.8678,21069,26,0,0,0.0
P467142,Translucent Loose Setting Powder,SEPHORA COLLECTION,Makeup,15.0,4.0,34635,18,0,0,0.0
P467144,Mini Pocket Palette Eyeshadow Palette,SEPHORA COLLECTION,Makeup,10.0,3.8681,30850,98,0,0,0.0
P467146,Vanilla Sky Eau de Parfum,SKYLAR,Fragrance,90.0,4.228,21579,65,0,0,0.0
P467147,Vanilla Sky Eau de Parfum Rollerball,SKYLAR,Fragrance,30.0,4.228,20560,65,0,0,0.0
P467151,Killer Liner 36 Hour Waterproof Gel Eyeliner,Too Faced,Makeup,23.0,3.5,38621,12,0,0,0.0
P467208,Lash Idôle Lash-Lifting & Volumizing Mascara,Lancôme,Makeup,30.0,4.5243,101479,32,0,0,0.0
P467209,Mini Lash Idôle Lash-Lifting & Volumizing Mascara,Lancôme,Mini Size,16.0,4.5146,52171,32,0,0,0.0
P467242,"Don't Despair, Repair! Super Moisture Conditioner for Dry + Damaged Hair",Briogeo,Hair,39.0,4.1548,27492,38,0,0,0.0
P467247,Total Cleans'r Makeup-Removing Cleanser with Barbados Cherry,Fenty Skin,Skincare,28.0,4.103,42777,32,0,0,0.0
P467248,Fat Water Niacinamide Pore-Refining Toner Serum with Barbados Cherry,Fenty Skin,Skincare,34.0,4.1052,77300,22,0,0,0.0
P467249,Hydra Vizor Invisible Moisturizer Broad Spectrum SPF 30 Sunscreen with Niacinamide + Kalahari Melon,Fenty Skin,Skincare,39.0,4.0128,64620,40,0,0,0.0
P467250,Instant Reset Brightening Overnight Recovery Gel-Cream With Niacinamide + Kalahari Melon Oil,Fenty Skin,Skincare,45.0,4.1988,35804,48,0,0,0.0
P467251,Fenty Skin Travel Size Start'r Set,Fenty Skin,Skincare,45.0,4.0647,38902,100,0,0,0.0
P467256,No.12 Bousval Perfume Oil,Maison Louis Marie,Bath & Body,65.0,4.2727,1694,42,0,0,0.0
P467265,Triple Brazilian Butter Hair Repair Treatment Mask,Sol de Janeiro,Hair,36.0,4.2262,38105,37,0,0,0.0
P467266,Kitty Likes to Scratch Mini Eyeshadow Palette,Too Faced,Mini Size,29.0,3.9231,14599,128,0,0,0.0
P467267,Let’s Play Mini Eyeshadow Palette,Too Faced,Mini Size,29.0,4.3889,12797,56,0,0,0.0
P467449,Stay Vulnerable Glossy Lip Balm,Rare Beauty by Selena Gomez,Makeup,20.0,4.6973,138563,22,0,0,0.0
P467450,Stay Vulnerable Liquid Eyeshadow,Rare Beauty by Selena Gomez,Makeup,20.0,4.6114,67007,21,0,0,0.0
P467451,Stay Vulnerable Melting Cream Blush,Rare Beauty by Selena Gomez,Makeup,22.0,4.3357,258873,24,0,0,0.0
P467602,Triple Algae Eye Renewal Balm Eye Cream,Algenist,Skincare,68.0,4.5306,17890,64,0,0,0.0
P467607,Mini Hollywood Flawless Filter,Charlotte Tilbury,Mini Size,19.0,4.0197,313943,24,0,0,0.0
P467608,Smart Night Clinical MD Multi-Dimensional Repair Treatment Retinol Serum,CLINIQUE,Skincare,74.0,4.75,2689,49,0,0,0.0
P467610,Mini Signature Shampoo,dae,Hair,12.0,3.7477,10385,32,0,0,0.0
P467611,Mini Signature Conditioner,dae,Hair,12.0,4.0974,7718,49,0,0,0.0
P467612,Deep Conditioning Treatment Hair Mask Travel,dae,Hair,14.0,4.3729,8908,36,0,0,0.0
P467614,C Scription Vitamin C Brightening Serum,Dr. Brandt Skincare,Skincare,120.0,4.6959,4599,39,0,0,0.0
P467615,Cicapair Tiger Grass Sleepair Intensive Mask,Dr. Jart+,Skincare,42.0,4.5464,37108,58,0,0,0.0
P467617,Clear Complexion Acne Solutions System,Dr. Zenovia Skincare,Skincare,35.0,4.5084,6191,58,0,0,0.0
P467622,Éternité De Beauté 24 Hour Full Coverage Luminous Matte Finish Foundation,Gucci,Makeup,69.0,4.5096,25359,37,0,0,0.0
P467623,Hydrating Silk Priming Serum,Gucci,Makeup,58.0,4.2423,9286,31,0,0,0.0
P467625,#FauxFilter Luminous Matte Foundation,HUDA BEAUTY,Makeup,42.0,3.6861,73808,44,0,0,0.0
P467626,Scarlet Poppy Cologne Intense,Jo Malone London,Fragrance,220.0,4.0851,12181,6,0,0,0.0
P467628,Mini Clearly Corrective Dark Spot Correcting Serum,Kiehl's Since 1851,Skincare,35.0,3.0455,10130,24,3,1,0.125
P467630,Rénergie Lift Multi-Action Ultra Dark Circle Correcting Eye Cream,Lancôme,Skincare,82.0,4.6376,9874,43,0,0,0.0
P467647,Melting Cleansing Balm Cleanse + Balance,SEPHORA COLLECTION,Skincare,12.0,3.6314,21017,25,0,0,0.0
P467649,Clean 1 Minute Face Masks,SEPHORA COLLECTION,Skincare,12.0,1.8571,2950,20,0,0,0.0
P467650,Self-Tanning Body Mousse,SEPHORA COLLECTION,Skincare,18.0,3.4839,3544,14,0,0,0.0
P467651,Pores Target Serum,SEPHORA COLLECTION,Skincare,20.0,4.1818,15027,23,3,1,0.13043478260869565
P467652,Lip Sleeping Mask,SEPHORA COLLECTION,Skincare,5.0,3.5475,45533,16,0,0,0.0
P467655,Succinic Acid Acne Treatment,The INKEY List,Skincare,9.99,3.8503,67403,22,3,1,0.13636363636363635
P467658,Hydromaniac Glowy Tinted Hydrator Foundation,Urban Decay,Makeup,33.0,4.3181,41759,32,0,0,0.0
P467659,Couture Clutch Eyeshadow Palette,Yves Saint Laurent,Makeup,150.0,4.4286,2790,13,0,0,0.0
P467660,Mascara Volume Effet Faux Cils Radical,Yves Saint Laurent,Makeup,29.0,4.0192,3489,47,0,0,0.0
P467745,"Don't Despair, Repair! Strengthen + Repair Travel Kit",Briogeo,Hair,32.0,3.6744,9970,144,0,0,0.0
P467748,Resveratrol Lift Firming Eye Gel-Cream,Caudalie,Skincare,62.0,4.3333,20074,28,0,0,0.0
P467749,Resveratrol Lift Retinol Alternative Firming Night Moisturizer,Caudalie,Skincare,72.0,4.407,13614,37,0,0,0.0
P467750,Resveratrol Lift Retinol Alternative Firming Cashmere Moisturizer,Caudalie,Skincare,69.0,4.6567,24347,42,0,0,0.0
P467754,Mini Airbrush Flawless Finish Setting Powder,Charlotte Tilbury,Makeup,28.0,3.7475,234562,22,0,0,0.0
P467755,Hydrating Toner Lotion with Aloe Vera,Clarins,Skincare,30.0,3.8462,3710,29,0,0,0.0
P467756,Soothing Toning Lotion with Chamomile,Clarins,Skincare,30.0,3.375,1484,22,0,0,0.0
P467757,Total Cleansing Oil & Makeup Remover,Clarins,Skincare,37.0,3.25,1143,18,0,0,0.0
P467760,Rouge Dior Refillable Lipstick,Dior,Makeup,45.0,4.5272,161786,55,0,0,0.0
P467761,Rouge Dior Lipstick Refill,Dior,Makeup,35.0,5.0,3653,57,0,0,0.0
P467762,Mini Watermelon Glow PHA + BHA Pore-Tight Toner,Glow Recipe,Skincare,15.0,4.3728,111141,22,0,0,0.0
P467765,Lip Wrap Overnight Treatment,ILIA,Makeup,26.0,4.3316,29873,30,0,0,0.0
P467771,Curl Shampoo,Living Proof,Hair,35.0,4.2236,6961,46,0,0,0.0
P467772,Curl Conditioner,Living Proof,Hair,35.0,4.2829,6662,38,0,0,0.0
P467773,Curl Enhancer Conditioning Cream,Living Proof,Hair,37.0,4.2278,9383,43,0,0,0.0
P467774,Curl Definer Conditioning Cream,Living Proof,Hair,37.0,4.4411,10363,38,0,0,0.0
P467775,Curl Elongator Conditioning Cream,Living Proof,Hair,42.0,4.1971,2592,40,0,0,0.0
P467776,Curl Moisturizing Shine Oil,Living Proof,Hair,33.0,4.554,6474,26,0,0,0.0
P467777,Curl Defining Gel,Living Proof,Hair,31.0,4.3886,8103,23,0,0,0.0
P467794,Lip Injection Maximum Plump Extra Strength Hydrating Lip Plumper,Too Faced,Makeup,33.0,4.0842,59505,30,0,0,0.0
P467795,Lip Injection Power Plumping Hydrating Lip Gloss,Too Faced,Makeup,26.0,4.4161,72484,42,0,0,0.0
P467938,Mini Everyday Hair Gloss Oil,BREAD BEAUTY SUPPLY,Hair,14.0,4.0785,11544,8,0,0,0.0
P467941,"Don't Despair, Repair! Super Moisture Conditioner Jumbo",Briogeo,Hair,69.0,,0,33,0,0,0.0
P467944,Miss Dior Rose N'Roses Roller-pearl,Dior,Fragrance,45.0,4.0679,13999,22,0,0,0.0
P467945,Capture Totale Super Potent Rich Cream,Dior,Skincare,130.0,4.5457,2700,50,0,0,0.0
P467953,Mini Vanish Airbrush Concealer,Hourglass,Makeup,18.0,3.6066,87884,34,0,0,0.0
P467956,Mini Pure Canvas Primer Illuminating,Laura Mercier,Makeup,25.0,3.6429,5635,31,0,0,0.0
P467957,Secret Camouflage Correct and Brighten Concealer Duo Stick,Laura Mercier,Makeup,36.0,4.2718,32009,56,0,0,0.0
P467960,Moisture Fusion Intense Moisturizing Hair Mask,Mizani,Hair,36.0,4.612,5526,16,0,0,0.0
P467961,Moisture Fusion Gentle Clarifying Shampoo,Mizani,Hair,30.0,4.4684,2421,26,3,1,0.11538461538461539
P467966,Mini Lilac Hair Color Depositing Mask,Moroccanoil,Hair,8.0,2.8333,2335,55,0,0,0.0
P467967,Mini Color Depositing Mask Copper,Moroccanoil,Hair,8.0,3.6429,3371,56,0,0,0.0
P467971,Brightening Dark Circle Eye Cream,REN Clean Skincare,Skincare,51.0,4.3027,20905,33,0,0,0.0
P467972,The C Drops – 20% Vitamin C Blend Brightening Serum,Saint Jane Beauty,Skincare,90.0,4.75,5557,14,0,0,0.0
P467973,Intensive Eye Renewal Cream with Firming Peptides,Shani Darden Skin Care,Skincare,68.0,4.2087,12224,30,0,0,0.0
P467974,Always On Cream Shadow,Smashbox,Makeup,28.0,4.3755,23653,36,0,0,0.0
P467976,(Re)setting 100% Mineral Powder Sunscreen SPF 35 PA+++,Supergoop!,Skincare,35.0,4.0426,68453,19,0,0,0.0
P467977,Maracuja Juicy Lip Balm,tarte,Makeup,24.0,4.0149,148071,34,0,0,0.0
P467979,Costa Azzurra Eau de Parfum,TOM FORD,Fragrance,150.0,4.5111,4629,25,0,0,0.0
P467981,Plump & Prime Face Plumping Primer Serum,Too Faced,Makeup,45.0,4.2543,10834,113,0,0,0.0
P468143,GOOPGENES All-In-One Super Nutrient Face Oil,goop,Skincare,98.0,3.5676,3159,30,0,0,0.0
P468149,Calm Sweet Calm Stress Management Vegan Gummies with Ashwagandha & L-Theanine,HUM Nutrition,Skincare,30.0,4.2056,4531,12,0,0,0.0
P468150,Good Behavior Spirulina Protein Anti-Frizz Smoothing  Balm,IGK,Hair,34.0,4.619,8948,24,0,0,0.0
P468152,Mini Wood Sage & Sea Salt Body Crème,Jo Malone London,Bath & Body,38.0,3.6667,2080,27,0,0,0.0
P468153,Mini English Pear & Freesia Body Crème,Jo Malone London,Bath & Body,38.0,3.3333,1799,25,0,0,0.0
P468154,Mini Peony & Blush Suede Body Crème,Jo Malone London,Bath & Body,38.0,4.4706,1990,34,0,0,0.0
P468155,Mini Lime Basil & Mandarin Body Crème,Jo Malone London,Bath & Body,38.0,5.0,805,37,0,0,0.0
P468156,English Pear & Freesia Soap,Jo Malone London,Bath & Body,30.0,3.0,757,20,0,0,0.0
P468157,Lime Basil & Madarin Soap,Jo Malone London,Bath & Body,30.0,4.0,1018,22,0,0,0.0
P468161,Whipped Argan Pro-Retinol Body Butter,Josie Maran,Bath & Body,46.0,4.5763,25006,43,0,0,0.0
P468163,Gloss Shot Hydrating Lip Gloss,Kaja,Makeup,19.0,4.6307,40311,31,0,0,0.0
P468164,Lip Bento Balm + Scrub,Kaja,Makeup,19.0,4.1375,13303,52,0,0,0.0
P468169,Mini Tattoo Liner Vegan Waterproof Liquid Eyeliner,KVD Beauty,Makeup,15.0,3.2626,38710,13,0,0,0.0
P468175,Forget The Filler Lip Plumper Line Smoothing Gloss,LAWLESS,Makeup,26.0,4.0823,124667,30,0,0,0.0
P468182,Step 1 Primer Pore Minimizer,MAKE UP FOR EVER,Makeup,39.0,4.4844,9957,22,0,0,0.0
P468183,Step 1 Primer Shine Control,MAKE UP FOR EVER,Makeup,39.0,4.1196,5632,9,0,0,0.0
P468184,Step 1 Primer Hydra Booster,MAKE UP FOR EVER,Makeup,39.0,4.4902,6677,29,0,0,0.0
P468185,Step 1 Primer Color Corrector - Redness Corrector,MAKE UP FOR EVER,Makeup,39.0,4.295,19428,30,0,0,0.0
P468186,Color Correcting Step 1 Primers,MAKE UP FOR EVER,Makeup,39.0,4.2937,12984,32,0,0,0.0
P468191,Mini Step 1 Primer Pore Minimizer,MAKE UP FOR EVER,Makeup,20.0,4.4144,14821,22,0,0,0.0
P468192,Mini Step 1 Primer Shine Control,MAKE UP FOR EVER,Makeup,20.0,3.9444,7576,9,0,0,0.0
P468193,Mini Step 1 Primer Hydra Booster,MAKE UP FOR EVER,Makeup,20.0,4.467,9473,29,0,0,0.0
P468196,The Glow Up,Mario Badescu,Skincare,49.0,2.5,2710,99,0,0,0.0
P468204,Mascara 101 Lengthening and Lifting,Saie,Makeup,26.0,4.3762,20868,19,0,0,0.0
P468206,Glowy Super Gel Lightweight Dewy Highlighter,Saie,Makeup,28.0,4.4717,120917,39,0,0,0.0
P468207,Mini Glowy Super Gel Lightweight Dewy Highlighter,Saie,Makeup,16.0,4.1938,72113,17,0,0,0.0
P468208,Brow Butter Styling and Volumizing Eyebrow Gel,Saie,Makeup,20.0,3.5471,10763,30,0,0,0.0
P468210,Slip Tint Dewy Tinted Moisturizer SPF 35 Sunscreen,Saie,Makeup,36.0,3.9033,136098,26,0,0,0.0
P468211,Sunvisor Radiant Moisturizing Face Sunscreen SPF 35,Saie,Skincare,38.0,4.0939,14842,33,0,0,0.0
P468223,Mini BB Blur Tinted Moisturizer Broad Spectrum SPF 30,tarte,Makeup,16.0,2.6842,14013,15,0,0,0.0
P468224,Cheeky Claymate Face Palette,tarte,Makeup,25.0,4.359,14424,64,0,0,0.0
P468229,Ageless Revitalizing Neck Cream,Tatcha,Skincare,112.0,4.15,12625,40,0,0,0.0
P468341,Brow Freeze Extreme Hold Laminated-Look Sculpting Wax,Anastasia Beverly Hills,Makeup,23.0,3.9071,178195,8,0,0,0.0
P468342,Crystal Lip Gloss,Anastasia Beverly Hills,Makeup,20.0,4.3983,8257,7,0,0,0.0
P468343,Tinted Lip Gloss,Anastasia Beverly Hills,Makeup,20.0,4.4921,27142,20,0,0,0.0
P468344,Iced Out Highlighter,Anastasia Beverly Hills,Makeup,34.0,4.4396,23851,20,0,0,0.0
P468347,Hyaluronic Happikiss Lipstick Balm,Charlotte Tilbury,Makeup,35.0,3.7938,94789,27,0,0,0.0
P468351,Moisture Surge 100H Auto-Replenishing Hydrator Moisturizer,CLINIQUE,Skincare,82.0,4.2522,38202,43,0,0,0.0
P468353,"Colorfix Eye, Cheek & Lip Cream Pigment",Danessa Myricks Beauty,Makeup,18.0,4.3961,195284,17,0,0,0.0
P468354,Hydrating Ultra Repair Cream Duo,First Aid Beauty,Skincare,46.0,4.6154,5918,23,0,0,0.0
P468369,Hello Results Wrinkle-Reducing Daily Retinol Serum-in-Cream,IT Cosmetics,Skincare,69.0,4.4419,6989,30,0,0,0.0
P468380,Triple Fix Serum Foundation,LYS Beauty,Makeup,24.0,4.3079,64683,30,0,0,0.0
P468381,Secure Skin Gripping Serum Primer,LYS Beauty,Makeup,20.0,3.6842,8137,16,0,0,0.0
P468382,Triple Fix Setting Powder,LYS Beauty,Makeup,19.0,4.2093,28006,18,0,0,0.0
P468383,No Limits Matte Bronzer,LYS Beauty,Makeup,19.0,4.5248,33245,20,0,0,0.0
P468384,Higher Standard Satin Matte Cream Blush,LYS Beauty,Makeup,18.0,4.7471,82865,30,0,0,0.0
P468385,Speak Love Glossy Lip Treatment Oil,LYS Beauty,Makeup,12.0,4.5556,22581,26,0,0,0.0
P468389,Cream Blushlight,Melt Cosmetics,Makeup,24.0,4.4798,49720,19,0,0,0.0
P468392,Soft Matte Tinted Lip Balm,NARS,Makeup,28.0,4.6048,64605,27,0,0,0.0
P468393,Wild Poppy Perfume Set,NEST New York,Fragrance,84.0,4.5833,2306,20,0,0,0.0
P468394,Secure the Blur Makeup Magnet Primer,ONE/SIZE by Patrick Starrr,Makeup,34.0,4.1303,37325,22,0,0,0.0
P468396,PLANTSCRIPTION Multi-powered Anti-Aging Peptide Serum,Origins,Skincare,61.0,4.4356,3806,62,0,0,0.0
P468398,LiquiLUST: Legendary Wear Matte Lipstick,PAT McGRATH LABS,Makeup,32.0,4.6343,25183,25,0,0,0.0
P468401,Synchro Skin Radiant Lifting Foundation SPF 30,Shiseido,Makeup,47.0,4.4676,33953,39,0,0,0.0
P468402,Synchro Skin Soft Blurring Primer,Shiseido,Makeup,36.0,4.3375,14078,34,0,0,0.0
P468406,Vital Perfection Intensive WrinkleSpot Treatment,Shiseido,Skincare,100.0,,2248,60,0,0,0.0
P468407,Vital Perfection Uplifting and Firming Day Cream SPF 30,Shiseido,Skincare,140.0,,0,55,0,0,0.0
P468408,SKINPOWER Eye Cream,SK-II,Skincare,145.0,4.3226,3246,50,0,0,0.0
P468409,SKINPOWER Airy Milky Lotion,SK-II,Skincare,170.0,4.2647,2114,47,0,0,0.0
P468410,SKINPOWER Essence Serum,SK-II,Skincare,205.0,4.0,1721,36,0,0,0.0
P468411,SKINPOWER Cream,SK-II,Skincare,255.0,4.1878,3361,45,0,0,0.0
P468412,Pitera Power Kit,SK-II,Skincare,110.0,4.0588,8972,75,0,0,0.0
P468419,Rose Prick Travel Spray,TOM FORD,Fragrance,80.0,4.23,13061,17,0,0,0.0
P468423,Vegan Mink Luxe Lash Collection,Velour Lashes,Makeup,27.0,4.8123,13996,1,0,0,0.0
P468429,Vital Skin Full Coverage Foundation and Concealer Stick,Westman Atelier,Makeup,68.0,4.3154,44659,30,0,0,0.0
P468430,Lit Up Glow Highlighter Stick,Westman Atelier,Makeup,48.0,4.1633,27278,53,0,0,0.0
P468431,Baby Cheeks Lip + Cheek Cream Blush Stick,Westman Atelier,Makeup,48.0,4.6051,76194,21,0,0,0.0
P468432,Super Loaded Tinted Cream Highlighter,Westman Atelier,Makeup,75.0,3.9623,22087,21,0,0,0.0
P468433,Face Trace Cream Contour Stick,Westman Atelier,Makeup,48.0,4.5061,55235,20,0,0,0.0
P468434,Beauty Butter Matte Powder Bronzer,Westman Atelier,Makeup,75.0,3.8611,8048,21,0,0,0.0
P468435,Lip Suede Lipstick Palette,Westman Atelier,Makeup,85.0,3.875,9865,26,0,0,0.0
P468436,Eye Pods Eyeshadows,Westman Atelier,Makeup,88.0,3.0339,10811,14,0,0,0.0
P468437,Eye Love You Volumizing Clean Mascara,Westman Atelier,Makeup,58.0,2.9024,2461,14,0,0,0.0
P468446,DÉJÀ VU WHITE FLOWER | 57 Travel Spray,KAYALI,Fragrance,27.0,4.1419,13646,21,0,0,0.0
P468448,MUSK | 12 Travel Spray,KAYALI,Fragrance,25.0,3.8053,13598,15,0,0,0.0
P468450,VANILLA | 28 Travel Spray,KAYALI,Fragrance,25.0,3.8714,73671,14,0,0,0.0
P468455,Forget The Filler Definer Lip Liner,LAWLESS,Makeup,21.0,4.5049,17009,20,0,0,0.0
P468627,The Kure Bond Repair Conditioner for Damaged Hair,amika,Hair,28.0,4.3292,31696,37,0,0,0.0
P468629,The Closer Instant Split-end Hair Repair Cream,amika,Hair,28.0,4.3739,28230,48,0,0,0.0
P468634,Vitamin Enriched Face Base Jumbo,Bobbi Brown,Skincare,99.0,4.84,17355,34,0,0,0.0
P468637,Vinoclean Makeup Removing Cleansing Oil,Caudalie,Skincare,30.0,4.3098,15643,8,0,0,0.0
P468639,Even Better Clinical Serum Foundation Broad Spectrum SPF 25,CLINIQUE,Makeup,44.0,3.705,19789,64,3,1,0.046875
P468653,Freck The Original Freckle,Freck Beauty,Makeup,28.0,3.9218,71324,12,0,0,0.0
P468658,Volcanic AHA Pore Clearing Clay Mask,innisfree,Skincare,16.0,4.6149,104838,42,0,0,0.0
P468671,Clarifying Cleansing Foam with Bija Seed Oil,innisfree,Skincare,12.0,4.2162,4981,21,0,0,0.0
P468672,Clarifying Spot Serum with Bija Seed Oil,innisfree,Skincare,18.0,4.5347,3131,31,3,1,0.0967741935483871
P468684,Milky Mushroom Gentle Cleansing Oil Makeup Remover,KORA Organics,Skincare,44.0,4.4597,8251,30,0,0,0.0
P468685,Cloud Set Baked Setting & Smoothing Talc-Free Vegan Powder,Kosas,Makeup,35.0,4.1641,207311,29,0,0,0.0
P468688,Teint Idole Ultra Wear 5-In-1 Foundation Stick,Lancôme,Makeup,49.0,4.481,26287,18,0,0,0.0
P468690,Rose Body Soap,Mario Badescu,Bath & Body,8.0,4.1053,4870,25,0,0,0.0
P468691,Shade Slick Tinted Lip Oil,MERIT,Makeup,24.0,4.3081,171427,155,0,0,0.0
P468692,Clean Lash Lengthening Tubing Mascara,MERIT,Makeup,26.0,4.1034,23122,27,0,0,0.0
P468693,Flush Balm Cream Blush,MERIT,Makeup,28.0,4.5074,166231,19,0,0,0.0
P468694,The Minimalist Perfecting Complexion Foundation and Concealer Stick,MERIT,Makeup,38.0,4.056,134395,30,0,0,0.0
P468695,Brow 1980 Volumizing Eyebrow Pomade Gel,MERIT,Makeup,24.0,4.192,16883,34,0,0,0.0
P468696,Day Glow Dewy Highlighting Balm,MERIT,Makeup,30.0,4.3953,65710,17,0,0,0.0
P468698,Angel Nova Eau de Parfum,Mugler,Fragrance,120.0,4.339,10307,12,0,0,0.0
P468699,Angel Nova Eau de Parfum Travel Spray,Mugler,Fragrance,32.0,4.339,11523,12,0,0,0.0
P468700,Air Matte Sheer Cream Blush,NARS,Makeup,30.0,3.5361,34293,24,0,0,0.0
P468701,Mini Love Eyeshadow Palette,Natasha Denona,Makeup,27.0,4.42,28086,10,0,0,0.0
P468706,Divine Rose Luxe Eyeshadow Palette: Eternal Eden - Divine Rose II Collection,PAT McGRATH LABS,Makeup,58.0,4.7727,16167,70,0,0,0.0
P468709,100% Niacinamide Powder,The Ordinary,Skincare,6.4,4.3187,27717,1,0,0,0.0
P468710,Tubéreuse Nue,TOM FORD,Fragrance,395.0,4.0117,4596,21,0,0,0.0
P468712,Naked Wild West Eyeshadow Palette,Urban Decay,Makeup,49.0,4.4483,49653,208,0,0,0.0
P468713,Volume Texture Powder,Verb,Hair,20.0,4.0792,4829,24,0,0,0.0
P468714,Volume Dry Texture Spray,Verb,Hair,20.0,4.4241,26095,33,0,0,0.0
P468717,Hydrating Curl Shampoo with Jojoba Oil,Virtue,Hair,40.0,4.6377,1690,74,0,0,0.0
P468718,Hydrating Curl Conditioner with Jojoba Oil,Virtue,Hair,42.0,4.6761,1736,70,0,0,0.0
P468719,Hydrating Curl Defining Whip with Shea Butter,Virtue,Hair,38.0,4.1563,1888,38,0,0,0.0
P468813,Vinoclean Moisturizing Toner with Rose Water,Caudalie,Skincare,30.0,4.3352,14957,14,0,0,0.0
P468816,Reserve - Lush Fleur,CLEAN RESERVE,Fragrance,110.0,3.878,6740,12,0,0,0.0
P468817,Reserve - Lush Fleur Travel Spray,CLEAN RESERVE,Fragrance,29.0,3.878,5139,12,0,0,0.0
P468818,Mini Moisture Surge 100H Auto-Replenishing Hydrator Moisturizer,CLINIQUE,Skincare,16.0,4.2182,8723,43,0,0,0.0
P468821,Ultra Repair Firming Collagen Cream with Peptides and Niacinamide,First Aid Beauty,Skincare,44.0,4.5356,60505,32,0,0,0.0
P468826,SWEET DIAMOND PINK PEPPER  | 25,KAYALI,Fragrance,100.0,3.9254,19197,17,0,0,0.0
P468827,Blond Absolu Moisturizing Cream Shampoo for Very Damaged Blonde Hair,Kérastase,Hair,40.0,4.5515,7156,24,3,1,0.125
P468828,Blond Absolu Strengthening Hair Mask for Very Damaged Blonde Hair,Kérastase,Hair,68.0,4.6579,14481,21,0,0,0.0
P468829,Blond Absolu Strengthening Hair Oil for Very Damaged Blonde Hair,Kérastase,Hair,54.0,4.6159,14239,9,0,0,0.0
P468830,Mini Blond Absolu Strengthening Hair Oil for Very Damaged Blonde Hair,Kérastase,Hair,26.0,4.5214,11996,9,0,0,0.0
P468832,Scalp Care Revitalizing Treatment,Living Proof,Hair,35.0,4.0826,8465,42,0,0,0.0
P468841,Coco Dew Curl Pre-Styling & Restyling Refresher Spray,Mizani,Hair,25.0,4.2522,10040,19,0,0,0.0
P468842,Heat Screen Hair Protectant Spray,Mizani,Hair,25.0,4.2025,4161,20,0,0,0.0
P468843,Wonder Crown Scalp Clarifying Foaming Pre-Cleanse,Mizani,Hair,25.0,4.5264,19078,20,3,1,0.15
P468844,Mini 25 Miracle Cream,Mizani,Hair,13.5,4.3531,3008,20,3,1,0.15
P468845,Mini 25 Miracle Milk Leave-In Conditioner,Mizani,Hair,13.5,4.4251,0,34,0,0,0.0
P468849,PermaGel Ultra Lip Pencil - Divine Rose II Collection,PAT McGRATH LABS,Makeup,29.0,3.375,8639,16,0,0,0.0
P468850,Signature Moisturizer,ROSE Ingleton MD,Skincare,85.0,4.7,4096,50,0,0,0.0
P468851,Blackberry Lily Gemstone Perfume Oil,The 7 Virtues,Bath & Body,69.0,4.6364,5747,8,0,0,0.0
P468852,Vanilla Woods Gemstone Perfume Oil,The 7 Virtues,Bath & Body,69.0,4.4789,12034,6,0,0,0.0
P468853,Santal Vanille Eau de Parfum,The 7 Virtues,Fragrance,88.0,4.3216,14269,9,0,0,0.0
P468854,Santal Vanille Eau de Parfum Rollerball,The 7 Virtues,Fragrance,32.0,4.3216,14004,9,0,0,0.0
P468855,Santal Vanille Gemstone Perfume Oil,The 7 Virtues,Bath & Body,69.0,4.6364,4842,9,0,0,0.0
P468856,Dylan Turquoise Pour Femme,Versace,Fragrance,110.0,4.2996,17828,18,0,0,0.0
P468857,Dylan Turquoise Pour Femme Travel Spray,Versace,Fragrance,32.0,4.2996,7468,17,0,0,0.0
P468858,I Love U Cherry Much Eyeshadow Palette,Violet Voss,Makeup,42.0,4.8,6367,64,0,0,0.0
P468863,Electric Glossy Lip Plumper,MILK MAKEUP,Makeup,25.0,4.0122,26730,27,0,0,0.0
P468864,Color Chalk Multi-Use Powder Pigment,MILK MAKEUP,Makeup,18.0,3.3947,19826,27,0,0,0.0
P469027,100% Macadamia-Oil Concentrate Fragrance Free for Hair and Body,BREAD BEAUTY SUPPLY,Hair,28.0,4.2703,5335,1,0,0,0.0
P469031,Airbrush Root Touch-Up Spray,Oribe,Hair,34.0,3.2727,3406,37,0,0,0.0
P469033,Aprés Beach Wave and Shine Spray,Oribe,Hair,44.0,4.1875,6458,27,0,0,0.0
P469034,Armani Code Eau de Parfum,Armani Beauty,Fragrance,144.0,4.7,1866,13,0,0,0.0
P469037,Bright Blonde Sun Lightening Hair Mist,Oribe,Hair,38.0,3.7097,5193,46,0,0,0.0
P469038,Bright Blonde Conditioner for Beautiful Color,Oribe,Hair,52.0,4.8333,3429,77,0,0,0.0
P469039,Mini Bright Blonde Conditioner for Beautiful Color,Oribe,Hair,20.0,4.8333,4006,77,0,0,0.0
P469040,Bright Blonde Essential Priming Hair Serum,Oribe,Hair,42.0,4.5714,4462,65,0,0,0.0
P469041,Bright Blonde Shampoo for Beautiful Color,Oribe,Hair,49.0,3.4286,4704,84,3,1,0.03571428571428571
P469042,Mini Bright Blonde Shampoo for Beautiful Color,Oribe,Hair,19.0,3.8,4996,84,3,1,0.03571428571428571
P469046,Cleansing Cream for Moisture & Control,Oribe,Hair,49.0,4.5455,4701,73,0,0,0.0
P469050,Color Control Blue Toning + Styling Foam for Dark Hair,COLOR WOW,Hair,24.0,4.5714,2129,20,0,0,0.0
P469051,Color Control Purple Toning + Styling Foam for Blonde Hair,COLOR WOW,Hair,24.0,4.1579,2384,17,0,0,0.0
P469052,Color Security Conditioner for Fine Hair,COLOR WOW,Hair,24.0,3.7027,3549,33,0,0,0.0
P469053,Color Security Conditioner for Thick Hair,COLOR WOW,Hair,24.0,4.25,2345,37,0,0,0.0
P469054,Color Security Shampoo,COLOR WOW,Hair,24.0,4.3684,7476,33,0,0,0.0
P469056,Conditioner for Beautiful Color,Oribe,Hair,52.0,3.3333,3825,63,0,0,0.0
P469057,Conditioner for Brilliance & Shine,Oribe,Hair,52.0,4.3333,4602,63,0,0,0.0
P469058,Cult Favorite Firm + Flexible Hairspray,COLOR WOW,Hair,26.0,4.6,11058,14,0,0,0.0
P469059,Curl Control Silkening Cream,Oribe,Hair,42.0,4.0833,4510,65,0,0,0.0
P469060,Curl Gelée for Shine and Definition,Oribe,Hair,44.0,4.0,4245,28,0,0,0.0
P469061,Curl Gloss,Oribe,Hair,42.0,3.5714,5027,48,0,0,0.0
P469062,Curl Shaping Mousse,Oribe,Hair,39.0,3.4375,2486,49,0,0,0.0
P469065,Dream Coat Supernatural Spray Anti-Frizz Treatment,COLOR WOW,Hair,28.0,3.9787,104182,16,0,0,0.0
P469066,Dream Coat Anti-Frizz Treatment for Curly Hair,COLOR WOW,Hair,24.0,3.7154,17764,19,0,0,0.0
P469067,Mini Dream Coat Supernatural Spray Anti-Frizz Treatment,COLOR WOW,Hair,12.0,3.9787,66755,18,0,0,0.0
P469068,Dream Cocktail Carb-Infused Thickening Leave In Treatment,COLOR WOW,Hair,26.0,4.1233,6777,26,0,0,0.0
P469069,Mini Dream Cocktail Carb-Infused Thickening Leave In Treatment,COLOR WOW,Hair,12.0,3.6667,4972,30,0,0,0.0
P469070,Dream Cocktail Coconut-Infused Hydrating Leave In Treatment,COLOR WOW,Hair,26.0,4.3117,10218,25,0,0,0.0
P469071,Mini Dream Cocktail Coconut-Infused Hydrating Leave In Treatment,COLOR WOW,Hair,12.0,2.4,6400,25,0,0,0.0
P469072,Dream Cocktail Kale-Infused Strengthening Leave In Treatment,COLOR WOW,Hair,26.0,4.6418,9819,23,0,0,0.0
P469073,Mini Dream Cocktail Kale-Infused Strengthening Leave In Treatment,COLOR WOW,Hair,12.0,2.8571,5378,26,0,0,0.0
P469074,Dream Filter Pre-shampoo Mineral Remover,COLOR WOW,Hair,24.0,4.3652,6103,9,0,0,0.0
P469075,Mini Dream Filter Pre-shampoo Mineral Remover,COLOR WOW,Hair,10.0,5.0,5162,9,0,0,0.0
P469076,Dry Texturizing Spray,Oribe,Hair,49.0,4.4064,30146,35,0,0,0.0
P469083,Extra Mist-ical Shine Spray,COLOR WOW,Hair,29.0,4.1522,12304,14,0,0,0.0
P469087,Flash Nap Instant Revival Priming Eye Gel-Cream With Green Tea + Persian Silk Tree,Fenty Skin,Skincare,36.0,3.5143,26880,36,0,0,0.0
P469088,Fulvic Acid Brightening Cleanser,The INKEY List,Skincare,11.99,4.4203,38263,19,0,0,0.0
P469090,Gold Lust All Over Oil,Oribe,Hair,62.0,4.1111,3795,22,0,0,0.0
P469091,Mini Gold Lust Repair & Restore Conditioner,Oribe,Hair,22.0,4.4257,11821,81,0,0,0.0
P469092,Gold Lust Dry Shampoo,Oribe,Hair,48.0,4.0726,9463,36,0,0,0.0
P469093,Gold Lust Nourishing Hair Oil,Oribe,Hair,57.0,4.4595,29648,27,0,0,0.0
P469094,Mini Gold Lust Nourishing Hair Oil,Oribe,Hair,39.0,4.4595,30352,27,0,0,0.0
P469095,Gold Lust Power Drops Damage Hair Repair Booster,Oribe,Hair,58.0,3.4737,5520,72,0,0,0.0
P469096,Gold Lust Repair & Restore Conditioner,Oribe,Hair,56.0,4.4257,27356,81,0,0,0.0
P469097,Gold Lust Repair & Restore Shampoo,Oribe,Hair,53.0,4.2889,34658,89,3,1,0.033707865168539325
P469098,Mini Gold Lust Repair & Restore Shampoo,Oribe,Hair,21.0,4.2889,13529,89,3,1,0.033707865168539325
P469099,Gold Lust Transformative Hair Mask,Oribe,Hair,69.0,4.6115,15380,78,0,0,0.0
P469101,Grandiose Hair Plumping Mousse,Oribe,Hair,39.0,3.7333,6405,45,0,0,0.0
P469102,Hair Cream for Style,Oribe,Hair,42.0,4.3333,1972,35,0,0,0.0
P469103,Hair Mask for Beautiful Color,Oribe,Hair,66.0,4.0,2676,52,0,0,0.0
P469104,Conditioner for Magnificent Volume,Oribe,Hair,52.0,3.375,3530,57,0,0,0.0
P469105,Imperial Blowout Transformative Styling Hair Cream,Oribe,Hair,68.0,4.0,7384,74,0,0,0.0
P469106,Impermeable Anti-Humidity Hair Spray,Oribe,Hair,42.0,4.1429,5974,18,0,0,0.0
P469108,Intense Conditioner for Moisture & Control,Oribe,Hair,52.0,3.6667,5729,67,0,0,0.0
P469109,Invisible Defense Universal Protection Hair Spray,Oribe,Hair,44.0,3.7273,4128,51,0,0,0.0
P469110,KateCeuticals Firming Serum with Hyaluronic Acid,Kate Somerville,Skincare,110.0,4.8765,2724,46,0,0,0.0
P469111,KateCeuticals Lifting Eye Cream,Kate Somerville,Skincare,140.0,4.6354,3993,50,0,0,0.0
P469112,KateCeuticals Total Repair Cream,Kate Somerville,Skincare,140.0,4.7143,2129,48,0,0,0.0
P469114,Matte Waves Texture Hair Lotion,Oribe,Hair,42.0,4.1667,4859,46,0,0,0.0
P469115,Maximista Hair Thickening Spray,Oribe,Hair,39.0,4.0928,11253,25,0,0,0.0
P469118,Melting Moisture Mask,Dermalogica,Skincare,69.0,4.6879,4950,44,0,0,0.0
P469121,Microdermabrasion Scrub,Dr. Lara Devgan Scientific Beauty,Skincare,65.0,4.2,1136,31,0,0,0.0
P469122,Mini Dry Texturizing Spray,Oribe,Hair,24.0,4.4064,16214,35,0,0,0.0
P469123,Mini Gold Lust Dry Shampoo,Oribe,Hair,23.0,4.0,5349,36,0,0,0.0
P469124,Mini Impermeable Anti-Humidity Hair Spray,Oribe,Hair,23.0,3.0,6592,18,0,0,0.0
P469125,Mini Luxuries Set,Jo Malone London,Fragrance,50.0,2.6923,10681,39,0,0,0.0
P469126,Mini Superfine Hair Spray,Oribe,Hair,23.0,3.3333,5142,32,0,0,0.0
P469130,Moisture & Control Deep Treatment Hair Mask,Oribe,Hair,66.0,4.4545,8428,40,0,0,0.0
P469131,Money Mask Deep Hydrating & Strengthening Hair Treatment,COLOR WOW,Hair,45.0,4.4255,27168,41,0,0,0.0
P469132,Musc Invisible,Juliette Has a Gun,Fragrance,140.0,4.0571,4626,15,0,0,0.0
P469133,Musc Invisible Travel Spray,Juliette Has a Gun,Fragrance,30.0,4.0571,3032,15,0,0,0.0
P469139,One Minute Transformation Anti Frizz Styling Cream,COLOR WOW,Hair,24.0,4.4258,16601,15,0,0,0.0
P469140,#OribeObsessed Hair Set,Oribe,Hair,54.0,3.5152,25210,208,3,1,0.014423076923076924
P469143,Pop + Lock Frizz Control + Glossing Serum,COLOR WOW,Hair,20.0,4.0,18608,19,0,0,0.0
P469144,Hair Priming Lotion Leave-In Conditioning Detangler,Oribe,Hair,38.0,3.76,6555,48,0,0,0.0
P469149,Raise the Root Thicken and Lift Spray,COLOR WOW,Hair,24.0,3.6034,23877,17,0,0,0.0
P469154,Root Coverup Powder,COLOR WOW,Hair,34.5,4.2056,18021,17,0,0,0.0
P469155,Royal Blowout Heat Styling Spray,Oribe,Hair,69.0,4.5635,18616,23,0,0,0.0
P469156,Mini Royal Blowout Heat Styling Spray,Oribe,Hair,24.0,4.5635,19940,23,0,0,0.0
P469157,Run-Through Detangling Hair Primer,Oribe,Hair,39.0,4.4233,10460,56,0,0,0.0
P469163,Serene Scalp Anti-Dandruff Shampoo,Oribe,Hair,52.0,4.1143,12385,68,0,0,0.0
P469164,Serene Scalp Balancing Conditioner,Oribe,Hair,55.0,4.3118,6998,69,0,0,0.0
P469167,Serene Scalp Exfoliating Scrub,Oribe,Hair,52.0,3.5,4673,75,0,0,0.0
P469168,Serene Scalp Soothing Leave-On Hair Treatment,Oribe,Hair,48.0,4.4318,6378,42,3,1,0.07142857142857142
P469169,Serene Scalp Thickening Hair Treatment Spray,Oribe,Hair,76.0,3.9138,14035,54,0,0,0.0
P469171,Shampoo for Beautiful Color,Oribe,Hair,49.0,3.5333,5986,70,0,0,0.0
P469172,Shampoo for Brilliance & Shine,Oribe,Hair,49.0,4.1667,4785,67,3,1,0.04477611940298507
P469173,Shampoo for Magnificent Volume,Oribe,Hair,49.0,3.9,7762,57,0,0,0.0
P469174,Shampoo for Moisture & Control,Oribe,Hair,49.0,4.04,7034,46,0,0,0.0
P469176,Si Intense Eau de Parfum,Armani Beauty,Fragrance,158.0,4.3913,4969,23,0,0,0.0
P469177,Si Intense Eau de Parfum Travel Spray,Armani Beauty,Fragrance,34.0,4.3913,4552,23,0,0,0.0
P469178,Signature Conditioner,Oribe,Hair,52.0,3.25,4294,62,0,0,0.0
P469179,Signature Moisture Hair Mask,Oribe,Hair,66.0,4.2667,4416,76,0,0,0.0
P469180,Signature Shampoo,Oribe,Hair,49.0,3.2927,8030,65,0,0,0.0
P469182,Silverati Conditioner,Oribe,Hair,52.0,4.4,1515,85,0,0,0.0
P469184,Speed Dry Blow Dry Spray,COLOR WOW,Hair,24.0,4.3,10261,21,0,0,0.0
P469185,Split End Seal Beautiful Color Hair Treatment,Oribe,Hair,48.0,4.2143,7068,75,0,0,0.0
P469186,Straight Away Smoothing Blowout Hair Cream,Oribe,Hair,44.0,4.5185,10652,58,0,0,0.0
P469187,Style on Steroids Color-Safe Texture Spray,COLOR WOW,Hair,26.0,4.4444,10196,11,0,0,0.0
P469188,Styling Butter Curl Enhancing Cream,Oribe,Hair,46.0,4.25,3769,40,0,0,0.0
P469189,Summer Silk Nourishing Body Lotion,Summer Fridays,Bath & Body,28.0,3.7407,30301,47,0,0,0.0
P469191,Superfine Hair Spray,Oribe,Hair,44.0,4.5079,6214,32,0,0,0.0
P469192,Superfine Strong Hair Spray,Oribe,Hair,44.0,4.3,3767,16,0,0,0.0
P469193,Supers Set,Moon Juice,Skincare,75.0,1.25,1614,52,0,0,0.0
P469194,Supershine Light Moisturizing Hair Cream,Oribe,Hair,52.0,4.4,6078,56,0,0,0.0
P469195,Supershine Moisturizing Hair Cream,Oribe,Hair,52.0,4.4692,20865,59,0,0,0.0
P469199,The Cleanse Clarifying Shampoo,Oribe,Hair,49.0,4.5263,5291,59,0,0,0.0
P469200,The Good C Vitamin C Serum,Dr. Barbara Sturm,Skincare,145.0,3.5,3108,27,0,0,0.0
P469203,They're Real! Magnet Extreme Lengthening Mascara,Benefit Cosmetics,Makeup,28.0,4.166,18387,38,0,0,0.0
P469205,Tres Set Structure Spray,Oribe,Hair,46.0,4.1818,3284,46,0,0,0.0
P469211,Watermelon Glow AHA Pink Dream Body Cream,Glow Recipe,Bath & Body,29.0,4.4323,78244,46,0,0,0.0
P469213,Wrinkle Blur Bakuchiol Eye Gel Crème,OLEHENRIKSEN,Skincare,52.0,4.3939,26008,57,0,0,0.0
P469215,Yūbi Blonde Anti-Brass Purple Mask for Blonde Hair,shu uemura,Hair,72.0,4.5455,3082,25,0,0,0.0
P469216,Yūbi Blonde Anti-Brass Purple Shampoo for Blonde Hair,shu uemura,Hair,52.0,4.6011,3105,28,3,1,0.10714285714285714
P469217,Yūbi Blonde Nourishing Conditioner for Blonde Hair,shu uemura,Hair,62.0,4.5662,1661,19,3,1,0.15789473684210525
P469218,Yūbi Blonde Nourishing Shampoo for Blonde Hair,shu uemura,Hair,52.0,4.6242,1592,19,3,1,0.15789473684210525
P469438,Mini They're Real! Magnet Extreme Lengthening Mascara,Benefit Cosmetics,Makeup,15.0,4.1254,11364,38,0,0,0.0
P469439,Squalane+ Rose Vegan Lip Balm,Biossance,Skincare,16.0,3.8809,29662,21,0,0,0.0
P469440,"Scalp Revival Charcoal + Tea Tree Cooling Hydration Mask for Dry, Itchy Scalp",Briogeo,Hair,34.0,4.5603,38077,40,0,0,0.0
P469441,"Scalp Revival Soothe + Detoxify Travel Set for Dry Itchy, Oily Scalp",Briogeo,Hair,35.0,3.7381,14885,114,0,0,0.0
P469444,Vinoclean Gentle Cleansing Almond Milk,Caudalie,Skincare,30.0,4.3523,10000,24,0,0,0.0
P469448,Purifying Gentle Foaming Cleanser with Salicylic Acid,Clarins,Skincare,30.0,2.5294,1195,37,0,0,0.0
P469449,Hydrating Gentle Foaming Cleanser with Aloe Vera,Clarins,Skincare,30.0,3.3333,1562,29,0,0,0.0
P469450,Moisture-Rich Hydrating Body Lotion,Clarins,Bath & Body,47.0,4.7143,1739,33,0,0,0.0
P469451,All About Clean 2-in-1 Cleansing + Exfoliating Jelly,CLINIQUE,Skincare,26.5,4.5652,4781,33,3,1,0.09090909090909091
P469452,All About Clean 2-in-1 Charcoal Face Mask + Scrub,CLINIQUE,Skincare,33.0,3.75,1746,22,0,0,0.0
P469453,Cactus Flower Leave In Conditioner,dae,Hair,28.0,4.205,22580,28,0,0,0.0
P469454,Beauty Oil with Gold Leaf,Danessa Myricks Beauty,Skincare,30.0,4.6269,10153,10,0,0,0.0
P469455,Dew Wet Hydrating and Highlighting Balm,Danessa Myricks Beauty,Makeup,22.0,4.0446,29673,17,0,0,0.0
P469456,Evolution Setting Powder,Danessa Myricks Beauty,Makeup,24.0,4.4118,11431,11,0,0,0.0
P469457,Illuminating Veil Liquid Highlighter,Danessa Myricks Beauty,Makeup,22.0,3.973,9050,24,0,0,0.0
P469458,Lightwork Highlighting Palette,Danessa Myricks Beauty,Makeup,42.0,4.7917,15817,11,0,0,0.0
P469459,Power Bronzer Cream Bronzer,Danessa Myricks Beauty,Makeup,26.0,4.3556,11502,25,0,0,0.0
P469460,Vision Cream Cover Adjustable Foundation & Concealer,Danessa Myricks Beauty,Makeup,22.0,4.2384,19752,14,0,0,0.0
P469461,"Vision Flush Blush, Eyeshadow and Lip Color",Danessa Myricks Beauty,Makeup,20.0,4.0435,38062,26,0,0,0.0
P469465,Rouge Dior Lip Balm Refill,Dior,Makeup,35.0,,2588,26,0,0,0.0
P469469,Prisme Libre Skin-Caring Glow Foundation,Givenchy,Makeup,52.0,4.4733,32008,33,0,0,0.0
P469475,Mini Fragrance Discovery Set,HERMÈS,Fragrance,60.0,4.4063,47941,55,0,0,0.0
P469476,Confession Ultra Slim High Intensity Refillable Lipstick - Red 0,Hourglass,Makeup,39.0,4.6667,3746,17,0,0,0.0
P469477,#BombBrows Microshade Brow Pencil,HUDA BEAUTY,Makeup,17.0,3.8759,34639,18,0,0,0.0
P469478,Party Recharge Hydrating Hyaluronic Under Eye Masks,INC.redible,Skincare,20.0,3.6842,30543,30,0,0,0.0
P469482,Even Skin Tone Self-Tanning Body Butter,Isle of Paradise,Skincare,28.0,3.7379,34228,42,0,0,0.0
P469488,Good Apple Lightweight Full-Coverage Cream Foundation Balm,KVD Beauty,Makeup,42.5,3.8474,104286,54,0,0,0.0
P469490,Lip Treatment Balm,LANEIGE,Skincare,25.0,4.2128,93358,32,0,0,0.0
P469491,No.12 Bousval Eau de Parfum,Maison Louis Marie,Fragrance,93.0,3.9333,2863,23,0,0,0.0
P469502,Skin Perfecting 2% BHA Liquid Exfoliant,Paula's Choice,Skincare,34.0,4.4399,275846,8,3,1,0.375
P469503,Mini Skin Perfecting 2% BHA Liquid Exfoliant,Paula's Choice,Skincare,13.0,4.2217,179137,8,3,1,0.375
P469504,Skin Perfecting 8% AHA Gel Exfoliant,Paula's Choice,Skincare,34.0,4.617,14565,15,0,0,0.0
P469505,Skin Perfecting BHA 9 Treatment,Paula's Choice,Skincare,46.0,4.7055,11291,13,3,1,0.23076923076923078
P469506,C15 Vitamin C Super Booster,Paula's Choice,Skincare,55.0,4.2097,74161,21,0,0,0.0
P469507,10% Azelaic Acid Booster,Paula's Choice,Skincare,39.0,4.7535,42037,21,3,1,0.14285714285714285
P469508,Hyaluronic Acid Booster,Paula's Choice,Skincare,39.0,4.413,7239,22,0,0,0.0
P469510,CLINICAL 1% Retinol Treatment,Paula's Choice,Skincare,62.0,4.5551,60835,53,0,0,0.0
P469511,CLINICAL Niacinamide 20% Treatment,Paula's Choice,Skincare,52.0,4.5318,36209,25,0,0,0.0
P469512,CLINICAL Ceramide-Enriched Firming Eye Cream,Paula's Choice,Skincare,49.0,4.1163,8104,56,0,0,0.0
P469513,CLEAR Pore Normalizing Acne Cleanser,Paula's Choice,Skincare,15.0,4.137,24652,18,3,1,0.16666666666666666
P469514,CLEAR Anti-Redness Exfoliating Solution with 2% Salicylic Acid,Paula's Choice,Skincare,34.0,4.7091,13813,18,3,1,0.16666666666666666
P469515,CLEAR Daily Skin Clearing Treatment with 2.5% Benzoyl Peroxide,Paula's Choice,Skincare,22.0,4.8333,13705,14,0,0,0.0
P469516,CLEAR Ultra-Light Daily Hydrating Fluid SPF 30+,Paula's Choice,Skincare,37.0,4.4915,11227,30,0,0,0.0
P469517,CLEAR Oil-Free Moisturizer,Paula's Choice,Skincare,29.0,4.5281,16079,34,0,0,0.0
P469518,RESIST Barrier Repair Moisturizer with Retinol,Paula's Choice,Skincare,37.0,4.3243,17313,28,0,0,0.0
P469519,RESIST Advanced Replenishing Toner with Hyaluronic Acid,Paula's Choice,Skincare,26.0,4.73,37158,41,0,0,0.0
P469520,RESIST Perfectly Balanced Foaming Cleanser,Paula's Choice,Skincare,22.0,4.73,27344,29,0,0,0.0
P469521,RESIST Weightless Advanced Repairing Toner,Paula's Choice,Skincare,26.0,3.8,11114,24,0,0,0.0
P469522,RESIST Youth-Extending Daily Hydrating Fluid SPF 50,Paula's Choice,Skincare,37.0,4.2691,43866,29,0,0,0.0
P469523,RESIST Anti-Aging Clear Skin Hydrator,Paula's Choice,Skincare,37.0,3.4,4739,29,0,0,0.0
P469524,RESIST Super-Light Daily Wrinkle Defense SPF 30,Paula's Choice,Skincare,37.0,4.2556,19795,32,0,0,0.0
P469525,Omega+ Complex Serum,Paula's Choice,Skincare,42.0,4.0545,18794,43,0,0,0.0
P469526,Water-Infusing Electrolyte Moisturizer,Paula's Choice,Skincare,37.0,3.7273,8396,47,0,0,0.0
P469527,The UnScrub Gentle Cleansing Scrub,Paula's Choice,Skincare,35.0,4.5484,13473,23,0,0,0.0
P469528,Skin Perfecting 25% AHA + 2% BHA Exfoliant Peel,Paula's Choice,Skincare,42.0,4.5036,33137,26,3,1,0.11538461538461539
P469530,Blemish Balm Cleanser,Peace Out,Skincare,22.0,4.5597,16182,45,3,1,0.06666666666666667
P469537,Bestsellers Trial Kit,Sulwhasoo,Skincare,58.0,4.702,26274,191,0,0,0.0
P469538,Anti-Aging First Care Activating Serum,Sulwhasoo,Skincare,89.0,4.5707,25847,56,0,0,0.0
P469544,C-50 Blemish Night Treatment,The INKEY List,Skincare,15.99,4.1724,28910,21,3,1,0.14285714285714285
P469546,The Silk Powder Protective Setting Powder,Tatcha,Makeup,49.0,4.4021,45737,29,0,0,0.0
P469800,SEA Glowtion Skin Perfector Primer,tarte,Makeup,32.0,3.9429,7247,44,0,0,0.0
P469801,Mini Equilibrium Rebalancing Cream Cleanser,Hourglass,Skincare,25.0,5.0,1149,19,0,0,0.0
P469806,Abeille Royale Anti-Aging Eye Lifting Serum,GUERLAIN,Skincare,130.0,3.7333,4148,34,0,0,0.0
P469816,Body Sauce Body Luminizing Tint,Fenty Beauty by Rihanna,Bath & Body,52.0,3.907,25088,37,0,0,0.0
P469818,Cactus Water Cleansing Lactic Acid Toner,Freck Beauty,Skincare,32.0,4.5311,10510,16,0,0,0.0
P469819,Cheekslime Blush + Lip Tint with Plant Collagen,Freck Beauty,Makeup,26.0,4.318,32441,32,0,0,0.0
P469821,Long Lasting Bold Lip Liner,Gucci,Makeup,34.0,4.1961,10888,24,0,0,0.0
P469822,Curl Cream with North Bondi Fragrance,OUAI,Hair,32.0,4.2667,11106,35,0,0,0.0
P469823,Curl Cream Fragrance Free,OUAI,Hair,32.0,4.2778,6059,27,0,0,0.0
P469825,Dew Blush Liquid Cheek Blush,Saie,Makeup,25.0,4.4085,197469,33,0,0,0.0
P469828,Dylan Turquoise Hair Mist,Versace,Fragrance,50.0,4.7143,2859,19,0,0,0.0
P469829,Equilibrium Biomimetic Skin Active Serum,Hourglass,Skincare,198.0,5.0,482,25,0,0,0.0
P469830,Equilibrium Day Fluid Sunscreen Broad Spectrum SPF 30,Hourglass,Skincare,86.0,4.0625,799,21,0,0,0.0
P469831,Equilibrium Intensive Hydrating Eye Balm,Hourglass,Skincare,82.0,4.5303,4836,24,0,0,0.0
P469832,Equilibrium Rebalancing Cream Cleanser,Hourglass,Skincare,52.0,4.4,1812,19,0,0,0.0
P469833,Equilibrium Restoring Essence,Hourglass,Skincare,65.0,4.7692,3526,19,0,0,0.0
P469839,Gen Nude Blonzer Blush + Bronzer,bareMinerals,Makeup,26.0,4.543,39865,25,0,0,0.0
P469846,Luminous Silk Glow Setting Powder,Armani Beauty,Makeup,64.0,4.4474,13500,33,0,0,0.0
P469847,Mineralist Lip Gloss Balm,bareMinerals,Makeup,22.0,4.6178,29479,24,0,0,0.0
P469850,Mini Equilibrium Biomimetic Skin Active Serum,Hourglass,Skincare,124.0,,438,25,0,0,0.0
P469851,Mini G.Tox Himalayan Salt Scalp Scrub Shampoo,goop,Hair,15.0,4.2212,4558,28,0,0,0.0
P469856,No. 8 Bond Intense Moisture Hair Mask,Olaplex,Hair,30.0,4.3818,151505,53,0,0,0.0
P469858,Matte Beauty Powder,Gucci,Makeup,64.0,3.9779,32197,28,0,0,0.0
P469862,Rich Bitch Cactus + Vitamin C Moisturizer,Freck Beauty,Skincare,34.0,4.3784,17528,31,0,0,0.0
P469864,SEA Breezy Cream Blush,tarte,Makeup,27.0,4.3636,20783,21,0,0,0.0
P469865,SEA Surfer Curl Waterproof Gel Eyeliner,tarte,Makeup,20.0,4.0345,10959,17,0,0,0.0
P469873,Squeaky Clean Liquid Lip Hydrating Lip Balm,Westman Atelier,Makeup,38.0,3.9588,36811,22,0,0,0.0
P469884,Yellow Hibiscus Cologne,Jo Malone London,Fragrance,144.0,3.9167,3460,12,0,0,0.0
P469953,Turn Up The Base Versatile Powder Foundation,ONE/SIZE by Patrick Starrr,Makeup,38.0,4.2276,107001,21,0,0,0.0
P470004,BOUNCE  Soft Focus Gemstone Setting Powder,beautyblender,Makeup,32.0,4.2329,2963,16,0,0,0.0
P470007,Vinoclean Gentle Foam Cleanser,Caudalie,Skincare,30.0,4.1753,11568,18,0,0,0.0
P470024,Protini Powerpeptide Resurfacing Serum with Lactic Acid,Drunk Elephant,Skincare,82.0,4.3619,51763,77,0,0,0.0
P470025,Eaze Drop Blurring Skin Tint,Fenty Beauty by Rihanna,Makeup,35.0,3.951,306238,42,0,0,0.0
P470040,Ultra Facial Oil-Free Gel Cream,Kiehl's Since 1851,Skincare,38.0,4.4876,11677,22,3,1,0.13636363636363635
P470041,"UV Expert Aquagel Defense Sunscreen, Primer & Moisturizer SPF 50 Duo",Lancôme,Skincare,65.0,4.2383,3271,34,0,0,0.0
P470045,Mini Perfume Oil Set,NEST New York,Fragrance,48.0,3.7627,14648,75,0,0,0.0
P470048,Bestsellers Recruitment Set,Origins,Skincare,29.0,3.881,22451,204,0,0,0.0
P470049,Clearcalm Clarifying Clay Cleanser,REN Clean Skincare,Skincare,38.0,4.6,4303,29,0,0,0.0
P470057,Mineral Sheerscreen Sunscreen SPF 30 PA+++,Supergoop!,Skincare,38.0,3.9473,21689,28,0,0,0.0
P470058,Glowscreen Body Sunscreen SPF 40 PA+++,Supergoop!,Skincare,42.0,4.4389,21531,32,0,0,0.0
P470062,Uomo Yellow Dream Cologne,Valentino,Fragrance,115.0,4.8211,6420,16,0,0,0.0
P470063,Donna Born in Roma Yellow Dream Eau de Parfum,Valentino,Fragrance,156.0,4.6551,15990,22,0,0,0.0
P470065,Superclay Purify + Clear Power Mask with Niacinamide,Youth To The People,Skincare,38.0,4.4595,62672,39,3,1,0.07692307692307693
P470066,Libre Eau de Toilette,Yves Saint Laurent,Fragrance,139.0,4.7885,18152,21,0,0,0.0
P470125,Bom Dia Bright Body Cream with Vitamin C,Sol de Janeiro,Bath & Body,48.0,4.4284,81968,36,0,0,0.0
P470126,Mini Bom Dia Bright Body Cream,Sol de Janeiro,Bath & Body,22.0,4.2343,47988,36,0,0,0.0
P470202,"Scalp Revival Soothing Solutions Value Set for Oily, Itchy + Dry Scalp",Briogeo,Hair,76.0,4.4211,31136,114,0,0,0.0
P470203,Brow Cheat Refillable Hair-Like Eyebrow Pencil,Charlotte Tilbury,Makeup,26.0,4.4685,35169,11,0,0,0.0
P470204,Brow Cheat Eyebrow Pencil Refill,Charlotte Tilbury,Makeup,16.0,3.9167,8441,11,0,0,0.0
P470206,Brow Lift Eyebrow Pencil Refill,Charlotte Tilbury,Makeup,16.0,3.9091,3809,18,0,0,0.0
P470208,Brow Fix Clear Eyebrow Gel,Charlotte Tilbury,Makeup,26.0,4.3056,10036,17,1,1,0.058823529411764705
P470214,Forever Perfect Fix Setting Spray,Dior,Makeup,45.0,4.0909,6458,16,0,0,0.0
P470217,Liquid Sun Shield Daily Brightening Mineral Sunscreen SPF 50,Dr. Brandt Skincare,Skincare,67.0,4.2804,9171,41,0,0,0.0
P470219,PEAR INC.,Juliette Has a Gun,Fragrance,140.0,4.0852,20914,11,0,0,0.0
P470220,PEAR INC. Travel Spray,Juliette Has a Gun,Fragrance,30.0,4.0852,15212,11,0,0,0.0
P470221,Milk-Peel Gentle Exfoliating Toner,Kiehl's Since 1851,Skincare,60.0,4.682,14773,27,0,0,0.0
P470227,Vitamin C Triple Exfoliating Facial,Murad,Skincare,85.0,4.7306,7452,46,3,1,0.06521739130434782
P470229,Mini Perfume Oil Set,NEST New York,Fragrance,25.0,4.1538,6392,32,0,0,0.0
P470230,Indian Jasmine Perfume Oil,NEST New York,Fragrance,98.0,4.3115,8658,17,0,0,0.0
P470231,Indian Jasmine Perfume Oil Rollerball,NEST New York,Fragrance,35.0,4.3115,8789,17,0,0,0.0
P470232,Madagascar Vanilla Perfume Oil,NEST New York,Fragrance,98.0,4.0165,32060,9,0,0,0.0
P470233,Madagascar Vanilla Perfume Oil Rollerball,NEST New York,Fragrance,35.0,4.0165,30771,9,0,0,0.0
P470234,South Pacific Sandalwood Perfume Oil,NEST New York,Fragrance,98.0,4.2568,4592,14,0,0,0.0
P470235,South Pacific Sandalwood Perfume Oil Rollerball,NEST New York,Fragrance,35.0,4.2568,4440,14,0,0,0.0
P470236,Turkish Rose Perfume Oil,NEST New York,Fragrance,98.0,4.3351,12024,15,0,0,0.0
P470237,Turkish Rose Perfume Oil Rollerball,NEST New York,Fragrance,35.0,4.3351,10755,15,0,0,0.0
P470240,Truth Serum Vitamin C Serum,OLEHENRIKSEN,Skincare,56.0,4.1875,38002,37,0,0,0.0
P470243,PRO Strength Microdermabrasion Blackhead Eliminator,Peter Thomas Roth,Skincare,68.0,4.4936,11835,22,3,1,0.13636363636363635
P470245,Complexion Brightening Booster Serum,ROSE Ingleton MD,Skincare,70.0,4.5,3223,31,0,0,0.0
P470246,Calming Hydration Booster Serum,ROSE Ingleton MD,Skincare,70.0,4.7143,2391,30,0,0,0.0
P470247,Blemish Control Booster Serum,ROSE Ingleton MD,Skincare,70.0,4.8182,2170,39,0,0,0.0
P470248,Retexturizing Retinol Booster Serum,ROSE Ingleton MD,Skincare,70.0,4.5556,1842,35,0,0,0.0
P470255,Mini Unseen Sunscreen SPF 40 PA+++,Supergoop!,Skincare,22.0,4.2604,66960,27,0,0,0.0
P470257,Mini Black Opium & Libre Eau de Parfum Set,Yves Saint Laurent,Fragrance,30.0,4.1789,117968,42,0,0,0.0
P470259,Faded Serum for Dark Spots & Discoloration,Topicals,Skincare,38.0,3.6634,139007,37,0,0,0.0
P470504,Eye Brag Eyeliner & Mascara Set,Anastasia Beverly Hills,Makeup,29.0,3.25,5007,43,0,0,0.0
P470506,The Cream Cleansing Gel with TFC8 Gentle Cleanser,Augustinus Bader,Skincare,70.0,4.4826,4123,29,0,0,0.0
P470507,The Cream with TFC8 Face Moisturizer,Augustinus Bader,Skincare,180.0,4.3605,11428,52,0,0,0.0
P470508,Mini The Cream with TFC8 Face Moisturizer,Augustinus Bader,Skincare,92.0,3.7647,6863,52,0,0,0.0
P470509,The Rich Cream with TFC8 Face Moisturizer,Augustinus Bader,Skincare,290.0,4.2312,16116,36,0,0,0.0
P470510,Mini The Rich Cream with TFC8 Face Moisturizer,Augustinus Bader,Skincare,92.0,3.6875,10759,36,0,0,0.0
P470512,Original Liquid Mineral Concealer,bareMinerals,Makeup,28.0,4.3244,15997,23,0,0,0.0
P470525,SALT or SWEET Perfume Gift Set,Ellis Brooklyn,Fragrance,40.0,4.4634,6448,35,0,0,0.0
P470529,Avocado Soothing Skin Barrier Serum with Ceramides,Glow Recipe,Skincare,45.0,4.471,112842,67,0,0,0.0
P470535,"KateCeuticals Resurfacing Overnight Peel with Glycolic Acid, Retinol & Niacinamide",Kate Somerville,Skincare,98.0,4.7377,6963,46,0,0,0.0
P470536,Clarifique Exfoliating & Hydrating Face Essence with Glycolic Acid,Lancôme,Skincare,95.0,4.643,10202,28,3,1,0.10714285714285714
P470538,SuperPower Immune Support Supplement,Moon Juice,Skincare,38.0,5.0,820,5,0,0,0.0
P470542,B.Y.O.B. Build Your Own Brow Customizable Set,SEPHORA COLLECTION,Makeup,16.0,4.587,8638,12,0,0,0.0
P470545,Super Gloss Instant Bronzing Face Drops with SPF 30,TAN-LUXE,Skincare,49.0,4.4286,5117,28,0,0,0.0
P470547,Brazilliance Overnight Mask Gradual Self-Tanner,tarte,Bath & Body,29.0,2.8333,832,16,0,0,0.0
P470548,Knockout 10% Acid Complex Serum,tarte,Skincare,39.0,5.0,1445,24,0,0,0.0
P470550,Quick Stick Waterproof Shadow & Liner,tarte,Makeup,26.0,3.7541,19624,53,0,0,0.0
P470554,Soleil Brulant,TOM FORD,Fragrance,395.0,4.0379,5132,12,0,0,0.0
P471000,Algae Niacinamide Moisture Veil,Algenist,Skincare,65.0,4.6982,4845,35,0,0,0.0
P471003,Squalane + BHA Pore-Minimizing Toner,Biossance,Skincare,30.0,4.4309,52399,27,0,0,0.0
P471004,UltraVolume Tubing Mascara,Blinc,Makeup,26.0,3.3794,4488,18,0,0,0.0
P471006,Mini Treat Hair to Hydration Hair Set,Bumble and bumble,Hair,20.0,3.5556,5746,144,0,0,0.0
P471009,Vinoperfect Brightening Glycolic Peel Mask,Caudalie,Skincare,42.0,4.5365,19999,42,0,0,0.0
P471011,Take The Day Off Cleansing Balm Makeup Remover Duo,CLINIQUE,Skincare,48.0,4.7778,7837,9,0,0,0.0
P471017,Super Anti-Aging Face Cream,Dr. Barbara Sturm,Skincare,360.0,3.2222,928,32,0,0,0.0
P471020,BEE Eau de Parfum,Ellis Brooklyn,Fragrance,108.0,4.1199,9782,10,0,0,0.0
P471021,BEE Eau de Parfum Travel Spray,Ellis Brooklyn,Fragrance,32.0,4.1199,11477,10,0,0,0.0
P471029,GOOPGLOW Glow Lotion,goop,Skincare,58.0,4.0638,4306,53,0,0,0.0
P471033,CLOUD JELLY Plumping Hydration Serum,Herbivore,Skincare,50.0,4.3876,19480,20,0,0,0.0
P471034,H24 Eau de Toilette,HERMÈS,Fragrance,116.0,4.6512,3904,18,0,0,0.0
P471035,Sheer Bronze Liquid Bronzer,Iconic London,Makeup,27.0,3.566,15838,26,0,0,0.0
P471037,Slushy Serum Moisturizer Crush Infused with Bakuchiol,iNNBEAUTY PROJECT,Skincare,30.0,4.6047,29785,37,0,0,0.0
P471038,Glaze Lip Oil,iNNBEAUTY PROJECT,Skincare,17.0,4.4293,41560,16,0,0,0.0
P471039,Pimple Paste Overnight Blemish Drying Paste,iNNBEAUTY PROJECT,Skincare,17.0,4.1673,23827,34,0,0,0.0
P471040,Foam Around Clarifying Daily Cleanser Infused with Glycolic Acid,iNNBEAUTY PROJECT,Skincare,22.0,4.3908,7064,50,3,1,0.06
P471041,Down to Tone Resurfacing Acid Toner,iNNBEAUTY PROJECT,Skincare,28.0,4.3607,9487,40,3,1,0.075
P471042,Next Level Moisturizer,iNNBEAUTY PROJECT,Skincare,24.0,4.4946,8788,61,0,0,0.0
P471043,Argan Pro-Retinol Eye Cream,Josie Maran,Skincare,42.0,4.4774,27604,55,0,0,0.0
P471045,Daily Deflector Mineral Sunscreen SPF 40  PA++++,Kate Somerville,Skincare,54.0,4.4149,2924,39,0,0,0.0
P471046,Turmeric Glow Brightening Moisturizer,KORA Organics,Skincare,62.0,4.4985,17005,56,0,0,0.0
P471047,Brow Pop Clean Dual-Action Defining Eyebrow Pencil,Kosas,Makeup,24.0,4.3682,39211,13,0,0,0.0
P471048,Air Brow Clear + Clean Lifting Treatment Eyebrow Gel with Lamination Effect,Kosas,Makeup,24.0,3.9931,58352,14,0,0,0.0
P471049,Air Brow Tinted Clean Volumizing Eyebrow Gel,Kosas,Makeup,24.0,4.3982,110301,33,0,0,0.0
P471051,Discovery Eau de Parfum Sampler Set,Maison Louis Marie,Fragrance,22.0,3.5862,14805,48,0,0,0.0
P471057,Pet Shampoo,OUAI,Hair,32.0,4.6133,11903,29,0,0,0.0
P471059,Major Sculpt Creme Contour & Powder Bronzer Duo,PATRICK TA,Makeup,40.0,4.6678,110146,64,0,0,0.0
P471062,Full-Size Water Drench Hydra-Pair 2-Piece Kit,Peter Thomas Roth,Skincare,58.0,4.6,15019,109,0,0,0.0
P471064,Max Matte Shine Control Sunscreen Broad Spectrum SPF 45,Peter Thomas Roth,Skincare,38.0,2.4865,2240,49,0,0,0.0
P471065,Mini Water Drench  Hyaluronic Hydrating Moisturizer SPF 45,Peter Thomas Roth,Skincare,23.0,4.3149,9899,55,0,0,0.0
P471074,Pore Diffusing Primer - Always an Optimist Collection,Rare Beauty by Selena Gomez,Makeup,28.0,4.4882,84572,30,0,0,0.0
P471075,Mini Pore Diffusing Primer- Always An Optimist Collection,Rare Beauty by Selena Gomez,Mini Size,15.0,3.6892,72232,30,0,0,0.0
P471076,Discovery Eyeshadow Palette,Rare Beauty by Selena Gomez,Makeup,29.0,4.1593,23771,93,0,0,0.0
P471077,Weightless Eyeshadow Primer- Always An Optimist Collection,Rare Beauty by Selena Gomez,Makeup,21.0,4.2515,31207,24,0,0,0.0
P471079,Sephora Colorful Gloss Balm Super Fruits,SEPHORA COLLECTION,Makeup,10.0,4.1667,19347,10,0,0,0.0
P471080,Eye Love Bloom Eyeshadow Palette,SEPHORA COLLECTION,Makeup,14.0,3.2029,23389,81,0,0,0.0
P471081,Flushed Cream Blush,SEPHORA COLLECTION,Makeup,10.0,3.5,24940,10,0,0,0.0
P471082,Golden Hour All Over Illuminator,SEPHORA COLLECTION,Makeup,15.0,2.6087,6443,9,0,0,0.0
P471083,Dry Shampoo,SEPHORA COLLECTION,Hair,12.0,3.5,2191,20,0,0,0.0
P471084,Clean Solid Deodorants,SEPHORA COLLECTION,Bath & Body,8.0,3.5474,10348,24,0,0,0.0
P471085,Targeted Dark Spots Serum,SEPHORA COLLECTION,Skincare,20.0,3.6111,6752,17,0,0,0.0
P471086,Targeted Wrinkle Serum,SEPHORA COLLECTION,Skincare,20.0,4.3571,5783,16,0,0,0.0
P471088,Bubble Bath & Shower Gel,SEPHORA COLLECTION,Bath & Body,6.0,4.06,23732,32,0,0,0.0
P471089,Moisturizing Body Lotion,SEPHORA COLLECTION,Bath & Body,6.0,3.6887,26762,23,0,0,0.0
P471090,Hand Wash,SEPHORA COLLECTION,Bath & Body,5.0,3.5833,11168,29,0,0,0.0
P471097,Facial Sculpting Wand,Shani Darden Skin Care,Skincare,399.0,4.5462,7753,19,0,0,0.0
P471101,Resurface+ AHA/BHA Niacinamide Exfoliating Pads for Face and Targeted Body,Skinfix,Skincare,50.0,4.3713,27625,23,3,1,0.13043478260869565
P471107,Ghost Weightless Shampoo and Conditioner Jumbo Set for Fine Hair,Verb,Hair,70.0,3.7636,9050,111,0,0,0.0
P471108,Hydrating Shampoo and Conditioner Jumbo Set for Dry and Damaged Hair,Verb,Hair,70.0,4.0,4106,117,0,0,0.0
P471110,Mini Hair & Scalp Treatment Duo,Virtue,Hair,27.0,2.0,1233,153,5,1,0.032679738562091505
P471111,Yo Detox Charcoal Face & Body Enzyme Scrub,Wishful,Skincare,39.0,4.7554,8346,37,3,1,0.08108108108108109
P471224,Plump Shot Collagen-Infused Lip Serum Plumper,Buxom,Makeup,28.0,4.2051,23183,31,0,0,0.0
P471226,Vinoperfect Instant Brightening Moisturizer with Niacinamide,Caudalie,Skincare,65.0,4.3969,19036,28,0,0,0.0
P471227,Vinoperfect Brightening Glycolic Night Cream,Caudalie,Skincare,69.0,4.4667,14020,39,0,0,0.0
P471236,Gloss Bomb Dip Clip-On Luminizer,Fenty Beauty by Rihanna,Makeup,19.0,3.6944,30546,38,0,0,0.0
P471237,Rose & Hyaluronic Acid Deep Hydration Moisturizer,fresh,Skincare,46.0,4.5877,52868,47,0,0,0.0
P471239,Glow & Care Shine Lipstick,Gucci,Makeup,45.0,4.2302,58394,28,0,0,0.0
P471240,KissKiss Shine Bloom Lipstick Balm,GUERLAIN,Makeup,42.0,4.3125,10991,34,0,0,0.0
P471242,Mini Easy Bake Loose Baking & Setting Powder,HUDA BEAUTY,Makeup,22.0,3.9007,112703,24,0,0,0.0
P471243,Lip Contour 2.0 Automatic Matte Lip Pencil,HUDA BEAUTY,Makeup,21.0,4.417,98999,36,0,0,0.0
P471244,Power Bullet Cream Glow Hydrating Lipstick,HUDA BEAUTY,Makeup,27.0,4.0579,67687,48,0,0,0.0
P471245,Blue Light Protect + Set Mist,ILIA,Makeup,38.0,4.0498,17651,28,0,0,0.0
P471246,Mini Blue Light Protect + Set Mist,ILIA,Makeup,18.0,3.3448,15648,28,0,0,0.0
P471255,Lilly Lashes 3D Faux Mink Lashes,Lilly Lashes,Makeup,28.0,4.5734,20179,2,0,0,0.0
P471261,Daisy Eau So Intense Eau de Parfum,Marc Jacobs Fragrances,Fragrance,116.0,4.3281,9217,19,0,0,0.0
P471270,Laguna Bronzing Cream,NARS,Makeup,38.0,4.633,79029,21,0,0,0.0
P471274,Bright Blonde Radiance & Repair Treatment,Oribe,Hair,58.0,3.8333,1623,68,0,0,0.0
P471278,Lilly Lashes x Sephora Collection Faux 3D Lashes,SEPHORA COLLECTION,Makeup,28.0,4.7803,17324,1,0,0,0.0
P471283,Babymoon Belly Balm,Summer Fridays,Bath & Body,29.0,4.0882,14348,10,0,0,0.0
P471294,Y Le Parfum,Yves Saint Laurent,Fragrance,188.0,4.8403,6620,14,0,0,0.0
P471527,Rose De Grasse Pour Filles Eau de Parfum,AERIN,Fragrance,100.0,2.0,1042,15,0,0,0.0
P471529,Bust Your Brass Cool Blonde Purple Intense Repair Hair Mask,amika,Hair,40.0,4.5556,23070,35,0,0,0.0
P471531,Bust Your Brass Blonde Purple Conditioner,amika,Hair,28.0,4.2941,10764,37,0,0,0.0
P471535,Aqua Bomb Brightening Vitamin C Cream,belif,Skincare,45.0,4.4992,19491,56,0,0,0.0
P471536,Superfoods Mango + Cherry Oil Control & Balancing Shampoo,Briogeo,Hair,30.0,4.2271,8026,37,0,0,0.0
P471537,Superfoods Mango + Cherry Oil Control & Balancing Conditioner,Briogeo,Hair,30.0,4.6477,5536,35,0,0,0.0
P471538,Superfoods Mango + Cherry Balancing Shampoo + Conditioner Duo for Oil Control,Briogeo,Hair,52.0,4.0,22629,36,0,0,0.0
P471541,Vinosource-Hydra Grape Water Gel Moisturizer,Caudalie,Skincare,45.0,4.2432,7757,26,0,0,0.0
P471543,J'adore eau de parfum infinissime Roller-Pearl,Dior,Fragrance,60.0,4.375,4295,23,0,0,0.0
P471544,Diorshow Maximizer 3D Triple Volume Plumping Lash Primer,Dior,Makeup,29.5,4.3092,25255,42,0,0,0.0
P471546,Mini Cicapair Tiger Grass Color Correcting Treatment SPF 30,Dr. Jart+,Skincare,21.0,4.0165,74947,71,0,0,0.0
P471547,Mini Beste No. 9 Jelly Cleanser,Drunk Elephant,Skincare,16.0,4.1429,16632,23,0,0,0.0
P471548,GrandePOUT Plumping Lip Mask,Grande Cosmetics,Makeup,24.0,3.9367,11765,73,0,0,0.0
P471550,Vanish Blush Stick,Hourglass,Makeup,46.0,3.6279,26712,23,0,0,0.0
P471551,No Limit Dry Volume and Thickening Spray,IGK,Hair,32.0,4.1525,4008,36,0,0,0.0
P471552,Legendary Shampoo,IGK,Hair,32.0,4.3007,1965,40,0,0,0.0
P471553,Legendary Conditioner,IGK,Hair,32.0,4.3511,1374,28,0,0,0.0
P471556,"Face Bento Cream Bronzer, Powder Blush & Highlighter Sculpting Trio",Kaja,Makeup,28.0,4.7352,61847,70,0,0,0.0
P471559,Mary Jane Eyeshadow Palette,Melt Cosmetics,Makeup,58.0,3.5455,15410,34,0,0,0.0
P471566,Mini Lemonade Smoothing Scrub,OLEHENRIKSEN,Skincare,18.0,4.1923,13714,39,0,0,0.0
P471567,Checks and Balances Polishing Exfoliator,Origins,Skincare,27.0,4.4624,7274,38,0,0,0.0
P471577,Moondust Hair Wash,Susteau,Hair,29.0,4.3269,6457,24,0,0,0.0
P471578,Moondust Conditioner,Susteau,Hair,29.0,3.0,809,24,0,0,0.0
P471580,Moondust Hair Wash Fragrance Free,Susteau,Hair,29.0,4.2308,1581,24,0,0,0.0
P471581,Moondust Conditioner Fragrance Free,Susteau,Hair,29.0,2.5,799,24,0,0,0.0
P471584,Mini Lip Injection Maximum Plump Extra Strength Hydrating Lip Plumper,Too Faced,Makeup,18.0,3.6645,47415,30,0,0,0.0
P471585,Pretty Big Deal Tubing Mascara & Peptide Lash Serum,Velour Lashes,Makeup,26.0,4.0888,5967,36,0,0,0.0
P471735,"Face Palettes – All in One Bronzer, Highlighter, Blush",Anastasia Beverly Hills,Makeup,58.0,4.526,22043,140,0,0,0.0
P471744,Blendercleanser Liquid Charcoal Unscented Sponge & Brush Cleanser,beautyblender,Makeup,15.0,2.8333,4457,15,0,0,0.0
P471747,Bad Boy Eau de Toilette,Carolina Herrera,Fragrance,85.0,4.6,5985,16,0,0,0.0
P471749,Matte Revolution Lipstick - Look of Love Collection,Charlotte Tilbury,Makeup,38.0,4.3654,13657,28,0,0,0.0
P471761,Call It A Night Glycolic Serum + Moisturizer duo,Drunk Elephant,Skincare,28.0,4.3874,37629,69,3,1,0.043478260869565216
P471764,Le Rouge Universal 24H Hydration Lip Balm,Givenchy,Makeup,39.0,4.2474,6666,22,0,0,0.0
P471767,Velvet Story Lip Cream,Hourglass,Makeup,36.0,4.0313,18097,29,0,0,0.0
P471784,Gentle Foaming Cleanser,Mario Badescu,Skincare,14.0,4.0,2867,18,0,0,0.0
P471786,Sunshine Skin Tint Clean SPF 30 Foundation Refill,MILK MAKEUP,Makeup,32.0,3.8333,4468,45,0,0,0.0
P471788,Mini AHA/BHA Exfoliating Cleanser,Murad,Skincare,17.0,4.4898,10438,21,3,1,0.14285714285714285
P471789,Choose Plant Nail Polish Duo,NAILS INC.,Makeup,15.0,2.6364,5072,59,0,0,0.0
P471790,Zendo Eyeshadow Palette,Natasha Denona,Makeup,69.0,3.7553,28341,184,0,0,0.0
P471793,Omega + Complex Cleansing Balm,Paula's Choice,Skincare,29.0,4.6667,14266,11,0,0,0.0
P471796,Self Tan Kit,St. Tropez,Bath & Body,20.0,4.0,1457,30,0,0,0.0
P472016,Neo Nude Color Melting Cream Blush,Armani Beauty,Makeup,39.0,4.5263,20679,20,0,0,0.0
P472017,Mini Eyes To Kill Volumizing and Lengthening Mascara,Armani Beauty,Makeup,15.0,4.0,6200,20,0,0,0.0
P472021,Mochi Mochi Luminous Plumping & Hydrating Moisturizer,DAMDAM,Skincare,48.0,4.6687,14376,21,0,0,0.0
P472022,Paradisi Hydrating Essence Mist,DAMDAM,Skincare,48.0,4.5,1300,13,0,0,0.0
P472023,Nomad’s Cream Purifying & Exfoliating AHA Cleanser,DAMDAM,Skincare,38.0,4.7929,3446,21,0,0,0.0
P472024,Skin Mud Pure Vitamin C Brightening Mask,DAMDAM,Skincare,48.0,4.7419,2472,11,0,0,0.0
P472025,Silk Rice Makeup-Removing Cleansing Oil,DAMDAM,Skincare,46.0,4.7602,6564,9,0,0,0.0
P472028,Capture Totale Super Potent Eye Serum,Dior,Skincare,85.0,4.3831,8533,42,0,0,0.0
P472031,FAB Pharma Calamine Pore Purging Mask,First Aid Beauty,Skincare,30.0,4.5366,14414,32,3,1,0.09375
P472036,SWEET DIAMOND PINK PEPPER  | 25 Travel Spray,KAYALI,Fragrance,27.0,3.9254,14810,17,0,0,0.0
P472039,Curl Manifesto Sulfate-Free Shampoo for Curly Hair,Kérastase,Hair,40.0,4.452,10091,26,3,1,0.11538461538461539
P472040,Curl Manifesto Lightweight Conditioner for Curly Hair,Kérastase,Hair,46.0,4.44,7405,24,0,0,0.0
P472041,Curl Manifesto Nourishing Mask for Curly Hair,Kérastase,Hair,68.0,4.5929,7030,24,0,0,0.0
P472042,Curl Manifesto Hydrating Leave-In Cream for Curly Hair,Kérastase,Hair,45.0,4.2687,13577,19,3,1,0.15789473684210525
P472043,Curl Manifesto Nourishing Scalp & Hair Oil,Kérastase,Hair,54.0,4.5038,6844,18,0,0,0.0
P472044,Curl Manifesto Curl Defining Gel-Cream,Kérastase,Hair,45.0,4.1615,9602,20,0,0,0.0
P472045,Curl Manifesto Curl Refreshing & Restyling Spray,Kérastase,Hair,45.0,4.2202,12768,28,0,0,0.0
P472050,Cold Plunge Pore Remedy Moisturizer with BHA/LHA,OLEHENRIKSEN,Skincare,51.0,4.3959,23082,35,3,1,0.08571428571428572
P472051,Invictus Victory,Paco Rabanne,Fragrance,120.0,4.9231,4060,11,0,0,0.0
P472052,Microneedling Dark Spot Brightening Dots,Peace Out,Skincare,28.0,4.0386,22947,21,0,0,0.0
P472053,Straight Up Volumizing Peptide Mascara,rms beauty,Makeup,28.0,4.2745,4322,21,0,0,0.0
P472054,Mini Straight Up Volumizing Peptide Mascara,rms beauty,Makeup,15.0,3.125,4214,21,0,0,0.0
P472072,Brazilian Crush Cheirosa ’40 Bom Dia Hair & Body Fragrance Mist,Sol de Janeiro,Fragrance,24.0,4.3928,154827,4,0,0,0.0
P472076,Moringa + Jojoba Hair Treatment Oil,Verb,Hair,20.0,4.2611,9921,3,0,0,0.0
P472160,Sugared Koffie Almond Milk Body Scrub,Drunk Elephant,Bath & Body,32.0,2.8786,19084,23,0,0,0.0
P472161,Bright Fix Eye Brightener Concealer,Fenty Beauty by Rihanna,Makeup,28.0,3.878,116830,39,0,0,0.0
P472162,Butta Drop Whipped Oil Body Cream with Tropical Oils + Butters,Fenty Skin,Bath & Body,23.0,4.5174,74432,42,0,0,0.0
P472168,REPLICA' Matcha Meditation,Maison Margiela,Fragrance,160.0,4.2971,18770,21,0,0,0.0
P472178,Brow Set Gel XL,NUDESTIX,Makeup,28.0,4.0088,4599,20,0,0,0.0
P472179,Vegan Splashproof Mascara,NUDESTIX,Makeup,28.0,4.3254,1639,22,0,0,0.0
P472180,Balance It All Oil Control & Pore-Refining Set,OLEHENRIKSEN,Skincare,40.0,3.6364,6808,92,6,1,0.06521739130434782
P472187,Rio Deo Aluminum-Free Refillable Deodorant Cheirosa '62,Sol de Janeiro,Bath & Body,16.0,3.7284,61529,27,0,0,0.0
P472190,SEA H2O Balm Lip Tint,tarte,Makeup,21.0,3.7872,20129,39,0,0,0.0
P472191,SEA Mini Breezy Cream Blush,tarte,Makeup,14.0,4.4167,24238,22,0,0,0.0
P472300,Capri Eau de Parfum,19-69,Fragrance,195.0,3.5714,1542,16,0,0,0.0
P472302,Wild Nettle & Niacinamide Instant Firming Serum,alpyn beauty,Skincare,58.0,4.7631,12209,38,0,0,0.0
P472303,CAVIAR Anti-Aging Restructuring Bond Repair Shampoo,ALTERNA Haircare,Hair,35.0,4.6286,964,38,0,0,0.0
P472307,Prep & Glow Blurring Perfection Primer,Artist Couture,Makeup,32.0,3.9286,2370,41,0,0,0.0
P472308,Multi Use Beauty Setting Powder,Artist Couture,Makeup,34.0,4.4,4179,15,0,0,0.0
P472310,Bad Boy Le Parfum,Carolina Herrera,Fragrance,125.0,4.2027,3586,15,0,0,0.0
P472311,Mini Total Cleans'r Makeup Removing Cleanser,Fenty Skin,Skincare,15.0,3.7727,9677,32,0,0,0.0
P472317,The One & Done Volumizing Mascara,LAWLESS,Makeup,25.0,4.1337,7947,21,0,0,0.0
P472318,Lovingly Lip Hyaluronic Treatment Oil,lilah b.,Makeup,30.0,4.4242,19791,14,0,0,0.0
P472320,No.04 Bois de Balincourt Perfume Oil Rollerball,Maison Louis Marie,Fragrance,16.0,3.1129,12503,9,0,0,0.0
P472324,Soft Pop Blush Stick,MAKEUP BY MARIO,Makeup,30.0,4.4064,126546,14,0,0,0.0
P472325,Soft Pop Powder Blush,MAKEUP BY MARIO,Makeup,26.0,4.5283,74765,19,0,0,0.0
P472326,SoftSculpt Bronzer,MAKEUP BY MARIO,Makeup,30.0,4.193,68020,27,3,1,0.1111111111111111
P472327,SoftSculpt Shaping Stick,MAKEUP BY MARIO,Makeup,30.0,3.9188,204467,18,0,0,0.0
P472328,Soft Glow Highlighter,MAKEUP BY MARIO,Makeup,30.0,4.2429,34208,19,0,0,0.0
P472330,St. Barts Cleansing Scalp & Body Sugar Scrub,OUAI,Hair,40.0,4.7489,50512,40,0,0,0.0
P472333,ROOT REFRESH Micellar Rinse with Apple Cider Vinegar,SUNDAY II SUNDAY,Hair,31.0,4.1176,7622,17,0,0,0.0
P472334,SOOTHE ME Daily Scalp Serum for Dry Scalp Relief,SUNDAY II SUNDAY,Hair,28.0,4.3889,3799,20,0,0,0.0
P472335,REVIVE ME Daily Moisturizing Spray,SUNDAY II SUNDAY,Hair,31.0,4.6,5426,19,0,0,0.0
P472336,"Hair Flourish, Biotin Infused Scalp Serum",SUNDAY II SUNDAY,Hair,28.0,4.0556,3320,16,0,0,0.0
P472337,HAIR FLOURISH Vegan Biotin Gummies,SUNDAY II SUNDAY,Hair,30.0,4.9,3595,10,0,0,0.0
P472338,Argan Essential Oil,SUNDAY II SUNDAY,Hair,15.0,4.5,1239,1,0,0,0.0
P472339,Peppermint Essential Oil,SUNDAY II SUNDAY,Hair,15.0,5.0,2367,2,0,0,0.0
P472340,Tea Tree Essential Oil,SUNDAY II SUNDAY,Hair,15.0,4.25,2734,1,0,0,0.0
P472341,Superkind Fragrance-Free Fortifying Moisturizer,Tata Harper,Skincare,130.0,4.58,2480,42,0,0,0.0
P472342,Superkind Fragrance-Free Radiance Mask,Tata Harper,Skincare,68.0,4.75,4881,23,0,0,0.0
P472343,Superkind Fragrance-Free Softening Cleanser,Tata Harper,Skincare,88.0,4.5417,4114,34,0,0,0.0
P472448,Glass & Gloss 2-Step Facial Retexturizing & Brightening Treatment,BeautyBio,Skincare,69.0,4.6354,4079,27,0,0,0.0
P472451,Vinosource-Hydra Moisturizing Mask,Caudalie,Skincare,42.0,4.764,17013,28,0,0,0.0
P472452,Vinofresh Natural Aluminum-Free Deodorant,Caudalie,Bath & Body,16.0,3.7222,9207,17,0,0,0.0
P472453,Vinosource-Hydra SOS Intense Hydration Moisturizer,Caudalie,Skincare,45.0,4.0697,11425,33,0,0,0.0
P472454,Vinosource-Hydra Moisturizing Sorbet,Caudalie,Skincare,38.0,4.2202,9188,38,0,0,0.0
P472455,Vinosource-Hydra SOS Hydrating Hyaluronic Acid Serum,Caudalie,Skincare,52.0,4.6614,29046,23,0,0,0.0
P472458,K.I.S.S.I.N.G Lipstick - Look of Love Collection,Charlotte Tilbury,Makeup,38.0,4.4545,12818,27,0,0,0.0
P472459,K.I.S.S.I.N.G Lipstick Refill,Charlotte Tilbury,Makeup,25.0,5.0,1731,27,0,0,0.0
P472460,Matte Revolution Lipstick Refill,Charlotte Tilbury,Makeup,25.0,4.8,3580,28,0,0,0.0
P472465,One-Two Punch Water-Activated 2-in-1 Hair Wash,Drybar,Hair,23.0,3.6667,1473,17,0,0,0.0
P472466,Mini Rose & Hyaluronic Acid Deep Hydration Moisturizer,fresh,Skincare,18.0,3.9808,22152,47,0,0,0.0
P472467,GLO to Go Teeth Whitening Pen,GLO Science,Skincare,25.0,4.4889,8059,17,0,0,0.0
P472468,Watermelon Glow Hyaluronic Clay Pore-Tight Facial Mask,Glow Recipe,Skincare,40.0,4.5912,76226,40,0,0,0.0
P472469,Green Machine Vitamin C + Green Superfoods Jelly Serum,iNNBEAUTY PROJECT,Skincare,34.0,4.4043,30846,43,0,0,0.0
P472470,Acne Remedy Balancing Foam Cleanser,Jack Black,Skincare,25.0,,338,16,3,1,0.1875
P472471,Acne Remedy Overnight Repair Moisturizer,Jack Black,Skincare,40.0,4.1429,972,34,3,1,0.08823529411764706
P472472,Ferulic Brew Facial Treatment Essence with Lactic Acid,Kiehl's Since 1851,Skincare,60.0,4.5603,22873,31,3,1,0.0967741935483871
P472478,Ultra-Matte Lipstick,Melt Cosmetics,Makeup,22.0,3.582,24907,22,0,0,0.0
P472486,Venus in Fleurs Luxe Eyeshadow Palette: Voyeuristic Vixen,PAT McGRATH LABS,Makeup,58.0,4.7544,12572,69,0,0,0.0
P472489,Skin Fetish: Divine Powder Blush,PAT McGRATH LABS,Makeup,39.0,4.7783,86644,12,0,0,0.0
P472700,Rose Perfecto Lip Balm 24H Hydration,Givenchy,Makeup,38.0,4.431,41868,29,0,0,0.0
P472810,Smart Response Serum,Dermalogica,Skincare,145.0,4.7825,4851,51,0,0,0.0
P472811,KP Smoothing Body Lotion with 10% AHA,First Aid Beauty,Bath & Body,28.0,3.5682,15552,29,0,0,0.0
P472815,GloWish Multidew Vegan Skin Tint Foundation,HUDA BEAUTY,Makeup,37.0,4.2813,44713,36,0,0,0.0
P472816,GloWish Soft Radiance Vegan Bronzing Powder,HUDA BEAUTY,Makeup,31.0,4.6631,51122,31,0,0,0.0
P472817,Blush & Bloom Cheek + Lip Duo- French Riviera,Jouer Cosmetics,Makeup,32.0,4.7692,5637,57,0,0,0.0
P472830,Spicebomb Infrared Eau de Toilette,Viktor&Rolf,Fragrance,128.0,4.4847,3899,17,0,0,0.0
P472978,Balmy Tint Hydrating Lip Balm,ILIA,Makeup,28.0,4.546,98337,35,0,0,0.0
P472980,ModCon Liquid-Gel Blush,KVD Beauty,Makeup,29.5,2.9375,3813,22,0,0,0.0
P472981,Advanced Génifique Wrinkle & Dark Circle Eye Cream,Lancôme,Skincare,79.0,4.6133,22310,55,0,0,0.0
P472988,Aqua Resist Waterproof Eyebrow Definer Pencil,MAKE UP FOR EVER,Makeup,25.0,4.4511,4072,19,0,0,0.0
P472989,Aqua Resist Waterproof Tinted Eyebrow Gel,MAKE UP FOR EVER,Makeup,25.0,4.3548,5331,23,0,0,0.0
P472990,Aqua Resist Waterproof Eyebrow Filler Pencil,MAKE UP FOR EVER,Makeup,25.0,4.3957,1998,19,0,0,0.0
P472992,Puff Paint Liquid Blush,Natasha Denona,Makeup,24.0,4.1333,16005,37,0,0,0.0
P472993,BrowKiki Nourishing Tinted Brow Gel,ONE/SIZE by Patrick Starrr,Makeup,21.0,4.375,7147,23,0,0,0.0
P472994,BrowKiki Nourishing Clear Brow Gel,ONE/SIZE by Patrick Starrr,Makeup,21.0,3.8929,2692,6,0,0,0.0
P472995,BrowKiki Micro Brow Defining Pencil,ONE/SIZE by Patrick Starrr,Makeup,19.0,4.3026,7028,16,0,0,0.0
P472997,Sun Melt Natural Cream Bronzer,Saie,Makeup,32.0,4.562,106615,20,0,0,0.0
P473000,SEA Hydroflex Serum Foundation,tarte,Makeup,39.0,3.8897,43802,54,0,0,0.0
P473001,Mini SEA Hydroflex Serum Foundation,tarte,Makeup,15.0,3.1071,23549,54,0,0,0.0
P473003,GRO Revitalizing Shampoo for Thinning Hair,Vegamour,Hair,48.0,4.2286,12027,51,0,0,0.0
P473004,GRO Revitalizing Conditioner for Thinning Hair,Vegamour,Hair,48.0,4.2702,7749,43,0,0,0.0
P473005,GRO Dry Shampoo for Thinning Hair,Vegamour,Hair,36.0,4.3356,8787,10,0,0,0.0
P473006,GRO Hair Foam for Thinning Hair,Vegamour,Hair,58.0,3.72,2897,25,0,0,0.0
P473007,GRO Hair Serum for Thinning Hair,Vegamour,Hair,58.0,4.3756,61087,21,0,0,0.0
P473008,"GRO Scalp Detox Clarifying Treatment for Dry, Flaky, Oily Scalp",Vegamour,Hair,42.0,4.4703,9237,27,0,0,0.0
P473009,GRO Volumizing Lash Serum,Vegamour,Makeup,72.0,4.3617,6833,16,0,0,0.0
P473010,GRO Volumizing Brow Serum,Vegamour,Makeup,72.0,4.2486,4733,16,0,0,0.0
P473011,GRO Biotin Gummies for Thinning Hair,Vegamour,Hair,36.0,4.3547,7365,20,0,0,0.0
P473012,GRO More Kit (Serum + Gummies),Vegamour,Hair,74.0,4.5619,19347,43,0,0,0.0
P473115,BLEU DE CHANEL All-over Spray,CHANEL,Bath & Body,96.0,,998,11,0,0,0.0
P473118,Brow Pencil,REFY,Makeup,20.0,4.2714,9357,12,0,0,0.0
P473120,Brow Sculpt Shape and Hold Gel with Lamination Effect,REFY,Makeup,24.0,3.6148,92560,20,0,0,0.0
P473121,Brunet Eyeshadow Palette,Melt Cosmetics,Makeup,48.0,3.9565,7382,176,0,0,0.0
P473126,CLINICAL Discoloration Repair Serum,Paula's Choice,Skincare,52.0,4.6522,18644,30,0,0,0.0
P473130,Dirty Coconut Eau de Parfum,HERETIC,Fragrance,165.0,3.3438,3614,9,0,0,0.0
P473131,Dirty Coconut Eau de Parfum Travel Spray,HERETIC,Fragrance,65.0,3.3438,5365,14,0,0,0.0
P473133,Fruit-Tox Resurfacing Facial Remedy,Naturally Serious,Skincare,27.0,4.6,1467,48,0,0,0.0
P473145,Major Dimension Eyeshadow Palette,PATRICK TA,Makeup,70.0,4.5648,79630,141,0,0,0.0
P473146,Major Dimension Precision Gel Eyeliner,PATRICK TA,Makeup,27.0,4.2616,33521,13,0,0,0.0
P473148,Mask-imum Revival Hydra-Plumping Mask,Naturally Serious,Skincare,27.0,4.381,978,44,0,0,0.0
P473150,Mini Baomint Deep Conditioning Treatment,adwoa beauty,Hair,15.0,4.2,4562,28,0,0,0.0
P473151,Mini Baomint Deluxe Travel Kit,adwoa beauty,Hair,56.0,4.7283,4559,148,0,0,0.0
P473152,Mini Baomint Leave-In Conditioning Styler,adwoa beauty,Hair,13.0,,0,24,0,0,0.0
P473153,Mini Baomint Moisturizing Curl Defining Cream,adwoa beauty,Hair,14.0,,0,23,0,0,0.0
P473154,Mini Baomint Moisturizing Curl Defining Gel,adwoa beauty,Hair,14.0,,0,23,0,0,0.0
P473155,Mini Baomint Moisturizing Shampoo,adwoa beauty,Hair,12.0,,0,26,0,0,0.0
P473156,Mini Baomint Protect + Shine Oil Blend,adwoa beauty,Hair,11.0,,0,18,0,0,0.0
P473160,Mini The Essence  Skincare Boosting Treatment,Tatcha,Skincare,65.0,4.4442,13964,6,0,0,0.0
P473171,Radiance Complexion Booster,Iconic London,Makeup,39.0,4.5479,24715,38,0,0,0.0
P473172,Glow Daily Vitamin C Gel Cream,REN Clean Skincare,Skincare,54.0,4.5825,6074,29,0,0,0.0
P473173,Radiant Creamy Liquid Color Corrector,NARS,Makeup,30.0,3.5045,28551,32,0,0,0.0
P473174,"REFY 3.0 Stage Brow Collection- Sculpt, Pomade & Pencil",REFY,Makeup,55.0,4.0239,15992,61,0,0,0.0
P473175,REPLICA' Autumn Vibes,Maison Margiela,Fragrance,160.0,3.7399,20416,12,0,0,0.0
P473176,REPLICA' Autumn Vibes Travel Spray,Maison Margiela,Fragrance,35.0,3.7399,19867,12,0,0,0.0
P473179,Rue St. Honoré Eau De Parfum,OUAI,Fragrance,64.0,4.0767,8630,15,0,0,0.0
P473181,Supreme Bronze Eyeshadow & Pressed Pigment Palette,Artist Couture,Makeup,45.0,4.5882,7482,198,0,0,0.0
P473185,Water Drench Hyaluronic Cloud Makeup Removing Gel Cleanser,Peter Thomas Roth,Skincare,32.0,4.0,2272,31,0,0,0.0
P473260,Power Hour Curl Refreshing Spray,amika,Hair,28.0,3.4,7314,36,0,0,0.0
P473261,Norvina Pro Pigment Palette Vol. 5 for Face & Body,Anastasia Beverly Hills,Makeup,60.0,4.8206,38241,359,0,0,0.0
P473262,Norvina Lip Balm,Anastasia Beverly Hills,Makeup,18.0,4.0,5138,21,0,0,0.0
P473264,Elastic Bounce Leave-in Conditioning Styler Hair Cream,BREAD BEAUTY SUPPLY,Hair,28.0,4.3077,7184,25,0,0,0.0
P473265,Power Line Plumping Lip Liner,Buxom,Makeup,21.0,4.0909,10097,27,0,0,0.0
P473267,Smart Clinical Repair Wrinkle Correcting Serum,CLINIQUE,Skincare,71.0,4.194,4293,53,0,0,0.0
P473304,O-Bloos Rosi Glow Drops,Drunk Elephant,Skincare,38.0,3.6943,49327,40,0,0,0.0
P473306,MYTH Spectacular Scented Body Oil,Ellis Brooklyn,Bath & Body,65.0,4.7333,3931,24,0,0,0.0
P473307,Honeymoon Glow Body 12% AHA/BHA Bump-Smoothing Night Serum,Farmacy,Bath & Body,40.0,3.8049,23610,44,3,1,0.06818181818181818
P473308,Irresistible Eau de Parfum Rollerball,Givenchy,Fragrance,40.0,4.513,10343,19,0,0,0.0
P473313,Coco Rose Soft Glow Body Oil,Herbivore,Bath & Body,38.0,4.25,6964,15,0,0,0.0
P473319,Caviar Stick Eye Shadow - Roseglow Collection,Laura Mercier,Makeup,32.0,4.5185,47382,22,0,0,0.0
P473322,Dewtopia 20% Acid Night Treatment,OLEHENRIKSEN,Skincare,60.0,4.5614,39989,42,0,0,0.0
P473323,Acids Done Bright Smoothing Skincare Set,OLEHENRIKSEN,Men,44.0,4.8182,4370,106,0,0,0.0
P473328,Apple Cider Vinegar Cleansing Scalp Scrub,SEPHORA COLLECTION,Hair,12.0,3.7911,34451,26,0,0,0.0
P473329,Strengthening Hair Serum with Biotin and Phytoprotiens,SEPHORA COLLECTION,Hair,18.0,4.3333,30477,17,0,0,0.0
P473336,The Youth System,Youth To The People,Skincare,59.0,4.5526,53522,205,0,0,0.0
P473658,Purple Haze Eau de Parfum,19-69,Fragrance,195.0,3.2308,2691,12,0,0,0.0
P473659,Purple Haze Eau de Parfum Travel Spray,19-69,Fragrance,30.0,3.2308,1619,12,0,0,0.0
P473660,Kasbah Eau de Parfum,19-69,Fragrance,195.0,4.4762,3018,12,0,0,0.0
P473661,Kasbah Eau de Parfum Travel Spray,19-69,Fragrance,30.0,4.4762,2448,13,0,0,0.0
P473662,Rainbow Bar Eau de Parfum,19-69,Fragrance,195.0,4.25,3253,12,0,0,0.0
P473663,Rainbow Bar Eau de Parfum Travel Spray,19-69,Fragrance,30.0,4.25,1371,12,0,0,0.0
P473664,L'air Barbes Eau de Parfum,19-69,Fragrance,195.0,3.0,981,12,0,0,0.0
P473665,L'air Barbes Eau de Parfum Travel Spray,19-69,Fragrance,30.0,3.0,721,12,0,0,0.0
P473666,Invisible Post Eau de Parfum,19-69,Fragrance,195.0,3.625,1542,10,0,0,0.0
P473667,Invisible Post Eau de Parfum Travel Spray,19-69,Fragrance,30.0,3.625,1377,10,0,0,0.0
P473668,La Habana Eau de Parfum,19-69,Fragrance,195.0,4.1538,3827,13,0,0,0.0
P473670,Capri Eau de Parfum Travel Spray,19-69,Fragrance,30.0,3.5714,1206,16,0,0,0.0
P473671,Fragrance Discovery Set,19-69,Fragrance,35.0,3.6364,6320,94,0,0,0.0
P473701,Balm Contour,Danessa Myricks Beauty,Makeup,26.0,4.4393,26172,25,0,0,0.0
P473708,Gloss Bomb Heat Universal Lip Luminizer + Plumper,Fenty Beauty by Rihanna,Makeup,26.0,4.2672,243370,41,0,0,0.0
P473709,Perfume Discovery Set,Floral Street,Fragrance,24.0,3.5405,10201,104,0,0,0.0
P473710,UTOPIA VANILLA COCO | 21,KAYALI,Fragrance,100.0,3.6014,32964,13,0,0,0.0
P473717,Teint Idole Ultra Wear All Over Full Coverage Concealer,Lancôme,Makeup,29.0,4.5854,79019,31,0,0,0.0
P473723,Hydrating Petal Cream – 1% Pure Hyaluronic Acid Moisturizer,Saint Jane Beauty,Skincare,68.0,4.5395,4072,40,0,0,0.0
P473724,Vitamin Tonic,SEPHORA COLLECTION,Skincare,6.0,4.6875,12475,22,0,0,0.0
P473725,Resurfacing Peel Mask,SEPHORA COLLECTION,Skincare,18.0,4.8299,20307,21,3,1,0.14285714285714285
P473726,Smoothing Cleanser,SEPHORA COLLECTION,Skincare,12.0,4.638,10098,19,3,1,0.15789473684210525
P473729,Vitamin Mask,SEPHORA COLLECTION,Skincare,10.0,4.4826,27165,29,0,0,0.0
P473735,Soleil Brulant Eau de Parfum Travel Spray,TOM FORD,Fragrance,80.0,4.0379,3878,12,0,0,0.0
P473741,Turn Up the Base Butter Silk Concealer,ONE/SIZE by Patrick Starrr,Makeup,28.0,4.2798,48830,33,0,0,0.0
P473820,Advanced Night Repair Eye Concentrate Matrix Synchronized Multi-Recovery Complex,Estée Lauder,Skincare,82.0,4.3111,5480,58,0,0,0.0
P473821,Amazonian Clay 16-Hour Full Coverage Foundation,tarte,Makeup,40.0,3.3624,15089,32,0,0,0.0
P473825,Brow Wig Brush on Eyebrow Gel,Too Faced,Makeup,25.0,4.2687,6437,39,0,0,0.0
P473828,Ceramidin  Eye Cream with Niacinamide,Dr. Jart+,Skincare,40.0,4.5473,20885,42,0,0,0.0
P473833,Curator Eyeshadow Singles,Hourglass,Makeup,29.0,3.4301,28982,20,0,0,0.0
P473838,Honey Infused Leave-In Conditioner,Gisou,Hair,34.0,4.5232,43559,25,0,0,0.0
P473840,Tartelette Juicy Amazonian Clay Eyeshadow Palette,tarte,Makeup,45.0,4.2083,19428,247,0,0,0.0
P473841,MINERALIST Eyeshadow Palette,bareMinerals,Makeup,32.0,4.1801,10113,52,0,0,0.0
P473842,MINERALIST Lasting Eyeliner,bareMinerals,Makeup,21.0,4.4298,8893,27,0,0,0.0
P473843,Mini Amazonian Clay 16-Hour Full Coverage Foundation,tarte,Mini Size,16.0,3.7353,7057,34,0,0,0.0
P473845,No.02 Le Long Fond Perfume Oil Rollerball,Maison Louis Marie,Bath & Body,16.0,3.2727,2325,10,0,0,0.0
P473847,No.09 Vallée de Farney Perfume Oil Rollerball,Maison Louis Marie,Bath & Body,16.0,4.125,3515,14,0,0,0.0
P473848,Original Mineral Veil Pressed Setting Powder,bareMinerals,Makeup,33.0,4.4453,13414,10,0,0,0.0
P473851,Pomade In A Pencil Eyebrow Shaper & Filler,Too Faced,Makeup,25.0,4.4092,5626,16,0,0,0.0
P473852,Sea Spray,Verb,Hair,20.0,4.4733,4587,27,0,0,0.0
P473854,Super Fine Brow Detailer Eyebrow Pencil,Too Faced,Makeup,25.0,4.554,5510,21,0,0,0.0
P474022,Squalane + Caffeine Toning Body Cream,Biossance,Bath & Body,30.0,4.6023,25520,19,0,0,0.0
P474024,Micro Waterproof Eyebrow Pencil,Bobbi Brown,Makeup,35.0,3.6667,1776,27,0,0,0.0
P474027,Farewell Frizz  Smooth + Shine Hair Care Travel Kit for Frizz Control  + Heat Protection,Briogeo,Hair,30.0,2.2857,5804,120,0,0,0.0
P474029,Bb. Illuminated Blonde Purple Shampoo,Bumble and bumble,Hair,34.0,4.2,1702,52,0,0,0.0
P474030,Bb. Illuminated Blonde Purple Conditioner,Bumble and bumble,Hair,35.0,4.871,1905,53,0,0,0.0
P474031,Bb.Illuminated Blonde Purple Leave In Spray,Bumble and bumble,Hair,28.0,3.9737,5405,32,0,0,0.0
P474032,Very Good Girl Eau de Parfum,Carolina Herrera,Fragrance,147.0,4.1341,30158,11,0,0,0.0
P474033,Very Good Girl Eau de Parfum Rollerball,Carolina Herrera,Fragrance,34.0,3.8824,10654,11,0,0,0.0
P474035,Monsoon Moisture Mask,dae,Hair,30.0,4.1164,25632,44,0,0,0.0
P474036,Aloe Vera Gel,Dr. Barbara Sturm,Skincare,75.0,3.3333,1128,15,0,0,0.0
P474038,Buff Ryder Exfoliating Body Scrub With Superfine Sand + Fruit Enzymes,Fenty Skin,Bath & Body,34.0,3.625,17631,27,0,0,0.0
P474039,Anti-Dandruff Shampoo with 1% Pyrithione Zinc (ZPT),First Aid Beauty,Hair,30.0,3.9206,6907,49,0,0,0.0
P474040,Anti-Dandruff Scalp Serum with 2% Salicylic Acid,First Aid Beauty,Hair,32.0,3.9655,9539,39,3,1,0.07692307692307693
P474051,Flora Gorgeous Gardenia Eau de Parfum,Gucci,Fragrance,155.0,4.1944,74950,12,0,0,0.0
P474054,Twilly Eau Ginger Eau de Parfum,HERMÈS,Fragrance,120.0,4.6577,6158,22,0,0,0.0
P474055,INVITE ONLY AMBER | 23,KAYALI,Fragrance,138.0,3.4807,19813,15,0,0,0.0
P474056,INVITE ONLY AMBER | 23  Travel Spray,KAYALI,Fragrance,27.0,2.8667,16827,15,0,0,0.0
P474057,Lip Service - Lip Balm Duo Mint & Shea,Jack Black,Skincare,13.0,4.8947,6167,16,0,0,0.0
P474060,Mini Rare Earth Deep Pore Minimizing Cleansing Clay Mask,Kiehl's Since 1851,Skincare,25.0,4.542,19428,22,0,0,0.0
P474068,Minty Mineral Hydration Face Mist with Aloe Vera,KORA Organics,Skincare,44.0,4.5027,4877,33,0,0,0.0
P474069,Good Body Skin AHA + Enzyme Exfoliating Body Wash,Kosas,Bath & Body,22.0,4.1176,26949,18,0,0,0.0
P474075,AHA/BHA/Retinoid Daily Clarifying Peel,Murad,Skincare,44.0,4.739,7135,40,3,1,0.075
P474076,The Body Oil - 100% Organic. 100% Cold-Pressed.,Nécessaire,Bath & Body,40.0,4.037,18823,5,0,0,0.0
P474078,Mini Goodbye Acne  AHA/BHA Acne Clearing Gel Face Body Spot Treatment,Peter Thomas Roth,Skincare,20.0,4.2768,4443,21,3,1,0.14285714285714285
P474079,Goodbye Acne   Complete Acne Treatment Gel,Peter Thomas Roth,Skincare,44.0,4.2702,5639,48,3,1,0.0625
P474080,Water Drench Hyaluronic Cloud Mask Hydrating Gel,Peter Thomas Roth,Skincare,55.0,4.25,4791,23,0,0,0.0
P474081,Mini Nanoworks Gold Shampoo,Pureology,Hair,17.0,4.5029,1136,52,3,1,0.057692307692307696
P474082,Mini Nanoworks Gold Conditioner,Pureology,Hair,17.0,4.4971,1248,30,0,0,0.0
P474083,Ralph's Club Eau de Parfum,Ralph Lauren,Fragrance,129.0,4.7908,4047,15,0,0,0.0
P474084,Ralph's Club Eau de Parfum Travel Spray,Ralph Lauren,Fragrance,34.0,4.7908,1771,15,0,0,0.0
P474100,All Day Makeup Setting Spray,SEPHORA COLLECTION,Makeup,13.0,4.6761,50959,15,0,0,0.0
P474101,Lip Blush Blotted Matte Lipstick,SEPHORA COLLECTION,Makeup,12.0,4.1524,31821,21,0,0,0.0
P474102,Smooth + Blur Primer,SEPHORA COLLECTION,Makeup,16.0,4.6702,17112,18,0,0,0.0
P474103,Mattify + Refine Primer,SEPHORA COLLECTION,Makeup,16.0,3.45,3274,27,0,0,0.0
P474107,Hyaluronic Tripeptide Gel-Cream for Eyes,StriVectin,Skincare,65.0,4.6889,3261,66,0,0,0.0
P474109,Daily Reveal  Exfoliating Face Pads with AHA + BHA + PHA + TXA,StriVectin,Skincare,45.0,4.75,7120,41,0,0,0.0
P474110,Super-C Retinol Brighten & Correct Vitamin C Serum,StriVectin,Skincare,72.0,4.6491,11839,49,0,0,0.0
P474111,Super-C SPF 30 Vitamin C Face Moisturizer,StriVectin,Skincare,69.0,4.6538,2182,48,0,0,0.0
P474113,TL Advanced  Tightening Neck Cream PLUS for Firming & Brightening,StriVectin,Skincare,95.0,4.0392,10042,70,0,0,0.0
P474114,Power Starters Tightening Trio,StriVectin,Skincare,89.0,4.5263,3322,200,0,0,0.0
P474115,Peptight  Tightening & Brightening Face Serum,StriVectin,Skincare,99.0,4.8085,3033,77,0,0,0.0
P474116,Peptight  360˚ Tightening Eye Serum,StriVectin,Skincare,72.0,4.4894,6166,50,0,0,0.0
P474117,Mini TL Advanced  Tightening Neck Cream PLUS for Firming & Brightening,StriVectin,Skincare,15.0,4.0392,7539,70,0,0,0.0
P474118,Intensive Eye Cream Concentrate for Wrinkles PLUS,StriVectin,Skincare,72.0,4.425,5072,65,0,0,0.0
P474119,Line BlurFector  Instant Wrinkle Blurring Face Primer,StriVectin,Makeup,39.0,4.5882,5673,24,0,0,0.0
P474121,SD Advanced  PLUS Intensive Moisturizer For Wrinkles & Stretch Marks,StriVectin,Skincare,82.0,4.6848,3783,72,0,0,0.0
P474122,Advanced Retinol Nightly Renewal Face Moisturizer with Retinol,StriVectin,Skincare,119.0,4.7813,4940,66,0,0,0.0
P474123,Crepe Control  Exfoliating Body Scrub,StriVectin,Bath & Body,35.0,4.8333,3374,55,0,0,0.0
P474124,Crepe Control  Tightening Body Cream,StriVectin,Bath & Body,59.0,4.6667,3886,65,0,0,0.0
P474125,The Gamechangers,StriVectin,Skincare,79.0,4.68,2820,149,0,0,0.0
P474128,Mini The Silk Powder,Tatcha,Mini Size,24.0,4.0,3399,29,0,0,0.0
P474131,Mini Forbidden Fig Decorative Tin Candle,VOLUSPA,Mini Size,12.0,4.697,3325,35,0,0,0.0
P474304,Squalane + Amino Aloe Gentle Pore-Minimizing Cleanser,Biossance,Skincare,28.0,4.4072,39366,24,0,0,0.0
P474305,Curl Charisma Rice Amino + Avocado Hydrating & Defining Hair Mask,Briogeo,Hair,39.0,4.4773,10534,32,0,0,0.0
P474306,Curl Charisma Silicone-Free Curly Hair Care Travel Kit,Briogeo,Hair,30.0,3.3889,9243,138,0,0,0.0
P474307,Mini Sunday Clarifying Shampoo,Bumble and bumble,Hair,16.0,3.875,3751,23,0,0,0.0
P474308,Mini Curl Moisturizing Shampoo,Bumble and bumble,Hair,16.0,4.6791,1622,41,0,0,0.0
P474309,Mini Curl 3 in 1 Conditioner,Bumble and bumble,Hair,16.0,4.558,2018,42,0,0,0.0
P474314,Xtra Large Bombshell Volumizer,COLOR WOW,Hair,26.0,4.3262,23803,11,0,0,0.0
P474316,Miss Dior Eau de Parfum,Dior,Fragrance,160.0,4.5215,95588,25,0,0,0.0
P474323,GOOPGENES All-in-One Nourishing Skincare Kit,goop,Skincare,85.0,4.5,1575,119,0,0,0.0
P474325,Aquarius Pore Purifying BHA Cream,Herbivore,Skincare,46.0,4.287,16279,31,0,0,0.0
P474326,Pink Cloud Soft Moisture Cream,Herbivore,Skincare,46.0,3.786,10870,32,0,0,0.0
P474327,Twilly Eau Ginger Eau de Parfum Travel Size,HERMÈS,Fragrance,40.0,3.3125,4419,24,0,0,0.0
P474329,Face Glaze Skin Barrier Protect & Glow Moisturizer,iNNBEAUTY PROJECT,Skincare,25.0,4.6237,18465,52,0,0,0.0
P474330,Bye Bye Dark Spots 4% Niacinamide Serum,IT Cosmetics,Skincare,29.0,4.3284,15408,22,3,1,0.13636363636363635
P474332,Bye Bye Lines 1.5% Hyaluronic Acid Serum,IT Cosmetics,Skincare,29.0,4.4615,8711,13,0,0,0.0
P474333,Bye Bye Pores 10% Glycolic Acid Serum,IT Cosmetics,Skincare,29.0,4.3532,12144,12,0,0,0.0
P474336,Specifique Divalent Balancing Shampoo for Oily Scalp & Hair,Kérastase,Hair,40.0,3.9429,13375,25,3,1,0.12
P474337,Specifique Divalent Purifying Clay Shampoo for Oily Hair,Kérastase,Hair,54.0,4.3553,6030,32,3,1,0.09375
P474338,Specifique Divalent Hydrating Gel-Mask for Oily Hair,Kérastase,Hair,68.0,4.2647,3130,24,0,0,0.0
P474340,Santorini Grape Velvet Skin Drink,KORRES,Skincare,50.0,4.5878,13454,29,0,0,0.0
P474342,Mini Lovingly Lip Nourish + Shine Lip Oil Set,lilah b.,Mini Size,22.0,4.2,20954,34,0,0,0.0
P474346,Perfect Intense Eau de Parfum,Marc Jacobs Fragrances,Fragrance,156.0,4.3029,11080,18,0,0,0.0
P474347,Perfect Intense Eau de Parfum Travel Spray,Marc Jacobs Fragrances,Fragrance,34.0,4.3029,5686,18,0,0,0.0
P474348,SexFoil Liquid Highlighter,Melt Cosmetics,Makeup,39.0,4.3636,10124,31,0,0,0.0
P474349,Press Agent Smoothing Sulfate-Free Shampoo,Mizani,Hair,22.0,4.2346,1791,44,3,1,0.06818181818181818
P474350,Press Agent Smoothing Sulfate-Free Conditioner,Mizani,Hair,25.0,4.3165,1767,15,0,0,0.0
P474351,"Press Agent Smoothing, Frizz Control Blow Dry Styling Cream",Mizani,Hair,25.0,4.0,2137,33,0,0,0.0
P474352,"Press Agent Smoothing, Frizz Control Blow Dry Styling Serum",Mizani,Hair,25.0,4.1667,3457,24,0,0,0.0
P474353,Hair & Body Fragrance Mist,Moroccanoil,Fragrance,32.0,4.4344,21105,16,0,0,0.0
P474354,Mini Hair & Body Fragrance Mist,Moroccanoil,Fragrance,18.0,3.6105,17651,16,0,0,0.0
P474358,Air Matte Liquid Lipstick,NARS,Makeup,28.0,4.272,68969,16,0,0,0.0
P474359,Macro Blade Liquid Eyeliner,Natasha Denona,Makeup,27.0,3.4643,2801,19,0,0,0.0
P474368,Run Through Detangling Shampoo,Oribe,Hair,49.0,3.7083,3396,71,0,0,0.0
P474369,Clear Improvement Zero Oil Cleanser With Charcoal,Origins,Skincare,27.0,3.5,1959,35,3,1,0.08571428571428572
P474371,Evercalm Gentle Cleansing Milk,REN Clean Skincare,Skincare,38.0,4.3208,2764,34,0,0,0.0
P474372,Microsmooth Multi-Tasking Baked Face Palette,SEPHORA COLLECTION,Makeup,20.0,4.645,28854,128,0,0,0.0
P474376,Mini THE FACE Illuminating Self-Tan Drops,TAN-LUXE,Skincare,25.0,3.7632,13586,23,0,0,0.0
P474377,Indigo Overnight Repair Serum in Cream Treatment,Tatcha,Skincare,92.0,4.5474,104455,38,0,0,0.0
P474378,Faded Brightening & Clearing Mist,Topicals,Bath & Body,32.0,3.7778,31057,31,0,0,0.0
P474379,"Like Butter Body Hydrating and Soothing Mist for Dry, Sensitive & Eczema-Prone Skin",Topicals,Bath & Body,30.0,4.0896,14679,45,0,0,0.0
P474380,Mini Naked3 Eyeshadow Palette,Urban Decay,Makeup,33.0,4.3865,41769,103,0,0,0.0
P474381,Voce Viva Intensa Eau de Parfum,Valentino,Fragrance,156.0,4.6288,13931,23,0,0,0.0
P474388,Microsmooth Multi-Tasking Baked Face Powder Foundation,SEPHORA COLLECTION,Makeup,20.0,4.6284,62160,31,0,0,0.0
P474600,NU BARE LOOK TINT Hydrating Skin Tint Foundation with Hyaluronic Acid,Yves Saint Laurent,Makeup,44.0,4.5965,71639,29,0,0,0.0
P474601,NU GLOW IN BALM Face Priming Moisturizer with Shea Butter,Yves Saint Laurent,Makeup,39.0,4.5893,12600,52,0,0,0.0
P474602,NU BLOTTING LOTION Pore Minimizer & Mattifying Primer with Salicylic Acid,Yves Saint Laurent,Makeup,39.0,4.5079,7764,26,0,0,0.0
P474604,NU TONE CORRECTOR Color Corrector with Vitamin E,Yves Saint Laurent,Makeup,34.0,4.6131,6802,34,3,1,0.08823529411764706
P47478987,Illuminating Primer- Always An Optimist Collection,Rare Beauty by Selena Gomez,Makeup,28.0,4.2245,43839,19,0,0,0.0
P474804,Blue Tansy Clarifying Gel Shampoo,adwoa beauty,Hair,25.0,4.3109,10753,22,0,0,0.0
P474805,Blue Tansy Reparative Conditioner,adwoa beauty,Hair,25.0,4.3495,6136,28,0,0,0.0
P474806,Blue Tansy Reparative Mask,adwoa beauty,Hair,40.0,4.7581,14660,29,0,0,0.0
P474807,Blue Tansy Treatment Serum,adwoa beauty,Hair,36.0,4.6465,9233,10,0,0,0.0
P474808,Blue Tansy Leave in Conditioning Styler,adwoa beauty,Hair,26.0,4.5762,11674,24,0,0,0.0
P474809,Blue Algae Vitamin C Skinclarity Brightening Serum,Algenist,Skincare,72.0,4.6087,6040,41,3,1,0.07317073170731707
P474810,The Kure Intense Bond Repair Hair Mask,amika,Hair,40.0,4.5346,44737,34,0,0,0.0
P474812,Cream Bronzer,Anastasia Beverly Hills,Makeup,35.0,4.5417,39659,30,0,0,0.0
P474813,Stick Cream Blush,Anastasia Beverly Hills,Makeup,32.0,4.6228,43248,25,0,0,0.0
P474819,Reserve - Perfume Discovery Set,CLEAN RESERVE,Fragrance,24.0,3.5278,16056,111,0,0,0.0
P474822,Daily Glycolic Cleanser,Dermalogica,Skincare,37.0,4.7843,17736,5,0,0,0.0
P474823,Advanced Retinol + Ferulic Overnight Texture Renewal Peel,Dr. Dennis Gross Skincare,Skincare,82.0,4.7415,11560,44,0,0,0.0
P474824,Advanced Retinol + Ferulic Overnight Wrinkle Treatment,Dr. Dennis Gross Skincare,Skincare,87.0,4.7287,15061,43,0,0,0.0
P474825,Advanced Retinol + Ferulic Triple Correction Eye Serum,Dr. Dennis Gross Skincare,Skincare,71.0,4.4967,29199,40,3,1,0.075
P474826,Advanced Retinol + Ferulic Texture Renewal Serum,Dr. Dennis Gross Skincare,Skincare,76.0,4.4667,22246,41,3,1,0.07317073170731707
P474829,Sculpting Body Lotion,First Aid Beauty,Bath & Body,34.0,3.9697,7881,31,0,0,0.0
P474831,SLIMELIGHT Highlighter,Freck Beauty,Makeup,28.0,4.7219,10153,33,0,0,0.0
P474832,Sugar Recovery Lip Mask Advanced Therapy,fresh,Skincare,28.0,4.6973,21441,30,0,0,0.0
P474833,Mini Honey Infused Hair Mask,Gisou,Hair,25.0,4.6058,24376,29,0,0,0.0
P474835,Twilly d'Hermès Eau de Parfum Travel Spray,HERMÈS,Fragrance,40.0,4.1667,4194,21,0,0,0.0
P474836,Quick ’N Easy Precision Liquid Liner,HUDA BEAUTY,Makeup,21.0,3.6888,12516,14,0,0,0.0
P474837,Mini LEGIT LASHES Double-Ended Volumizing and Lengthening Mascara,HUDA BEAUTY,Mini Size,17.0,3.5405,11322,86,0,0,0.0
P474838,Boost Sweet Boost - Vegan Gummies for Immune Support,HUM Nutrition,Skincare,26.0,4.8636,1748,17,0,0,0.0
P474839,Counter Cravings - Helps Reduce Cravings and Boosts Metabolism,HUM Nutrition,Skincare,50.0,4.4,5494,6,0,0,0.0
P474840,Micro-Dose Anti-Aging Retinol Serum with Ceramides and Peptide,Kiehl's Since 1851,Skincare,65.0,4.4916,42766,44,0,0,0.0
P474843,Absolue Soft Cream Revitalizing & Brightening Moisturizer,Lancôme,Skincare,150.0,4.6763,5913,55,0,0,0.0
P474844,Absolue Revitalizing Eye Cream,Lancôme,Skincare,135.0,4.6094,5509,54,0,0,0.0
P474847,"The Body Serum - With Hyaluronic Acid, Niacinamide + Ceramide",Nécessaire,Bath & Body,45.0,4.7424,50726,19,0,0,0.0
P474848,Major Brow Lamination Gel,PATRICK TA,Makeup,27.0,4.2965,43177,18,0,0,0.0
P474849,Leave- In Conditioner for Curly & Coily Hair,PATTERN by Tracee Ellis Ross,Hair,25.0,4.6213,12955,48,0,0,0.0
P474850,Edge Control,PATTERN by Tracee Ellis Ross,Hair,12.0,4.2143,3286,35,0,0,0.0
P474851,Styling Cream for Curly &Coily Hair,PATTERN by Tracee Ellis Ross,Hair,25.0,4.5696,8283,30,0,0,0.0
P474852,Curl Gel,PATTERN by Tracee Ellis Ross,Hair,25.0,4.1228,6166,38,0,0,0.0
P474854,"Beyond Body Oil Lightweight, Anti-Aging & Nourishing Oil",Prima,Bath & Body,56.0,4.8036,12214,30,0,0,0.0
P474855,Color Fanatic Top Coat + Tone Hair Gloss,Pureology,Hair,36.0,4.2737,5640,24,3,1,0.125
P474856,Color Fanatic Top Coat + Clear Hair Gloss,Pureology,Hair,36.0,4.5113,4364,24,3,1,0.125
P474858,Hydra Prep Soothing & Hydrating Gel,Shani Darden Skin Care,Skincare,38.0,,1033,18,0,0,0.0
P474862,Best of SEA Must-Haves Hydroflex Foundation Customizable Set,tarte,Makeup,39.0,2.25,6267,152,0,0,0.0
P474863,Ombré Leather Parfum,TOM FORD,Fragrance,235.0,4.3349,4331,12,0,0,0.0
P474864,Ombré Leather Parfum Travel Spray,TOM FORD,Fragrance,65.0,4.3349,3637,12,0,0,0.0
P474872,The Slim Velvet Radical Matte Lipstick,Yves Saint Laurent,Makeup,45.0,4.5767,51213,36,0,0,0.0
P474932,POWmade Waterproof Brow Pomade,Benefit Cosmetics,Makeup,23.0,4.6797,20549,26,0,0,0.0
P474936,Vinopure Oil-Control Moisturizer for Acne Prone Skin,Caudalie,Skincare,38.0,4.3885,15759,41,0,0,0.0
P474937,Vinopure Pore Purifying Gel Cleanser,Caudalie,Skincare,30.0,4.4615,30905,25,3,1,0.12
P474938,Vinopure Natural Salicylic Acid Pore Minimizing Serum,Caudalie,Skincare,52.0,4.3375,31478,23,3,1,0.13043478260869565
P474939,Vinopure Natural Salicylic Acid Pore Minimizing Toner,Caudalie,Skincare,30.0,4.0414,21937,23,3,1,0.13043478260869565
P474940,Mini Even Better Clinical Radical Dark Spot Corrector + Interrupter Serum,CLINIQUE,Skincare,21.0,3.5824,1728,49,3,1,0.061224489795918366
P474941,3 Step Intro Kit Type II,CLINIQUE,Skincare,21.0,2.0,865,61,0,0,0.0
P474942,Refresh in 5,CLINIQUE,Skincare,25.0,4.6667,12369,131,0,0,0.0
P474943,Mini Alpha Beta Ultra Gentle Daily Peel Pads for Sensitive Skin,Dr. Dennis Gross Skincare,Skincare,20.0,3.6364,7204,68,0,0,0.0
P474945,Mini HoliRoots Pre-wash Hair Treatment Oil,Fable & Mane,Mini Size,16.0,4.3621,28612,29,0,0,0.0
P474946,Sunflower Pop Eau De Parfum,Floral Street,Fragrance,89.0,4.5802,8095,10,0,0,0.0
P474947,Sunflower Pop Eau De Parfum Travel Spray,Floral Street,Fragrance,34.0,4.5802,7381,10,0,0,0.0
P474948,Le Rouge Sheer Velvet Matte Lipstick,Givenchy,Makeup,40.0,4.507,43958,23,0,0,0.0
P474949,Le Rouge Sheer Velvet Matte Lipstick Customized Refills,Givenchy,Makeup,31.0,2.5,2394,23,0,0,0.0
P474953,Abeille Royale Advanced Youth Watery Oil,GUERLAIN,Skincare,145.0,4.3465,13825,37,0,0,0.0
P474954,UTOPIA VANILLA COCO | 21 Travel Spray,KAYALI,Fragrance,25.0,3.5781,27192,13,0,0,0.0
P474956,Day Dew Self-Tan Face Mist,Isle of Paradise,Skincare,24.0,4.1887,9157,36,0,0,0.0
P474957,Night Glow Self-Tan Face Mist,Isle of Paradise,Skincare,24.0,3.7606,11912,38,0,0,0.0
P474961,Wet Lip Oil Plumping Treatment Gloss - Undressed Collection,Kosas,Makeup,22.0,4.0714,56846,27,0,0,0.0
P474964,"Facial Spray with Aloe Adaptogens, and Coconut Water",Mario Badescu,Skincare,9.0,4.2857,3932,23,0,0,0.0
P474967,NuFACE Firming and Brightening Silk Crème,NuFACE,Skincare,69.0,4.5625,2299,39,0,0,0.0
P474968,NuFACE Hydrating Aqua Gel,NuFACE,Skincare,39.0,4.3182,5336,25,0,0,0.0
P474970,Hyaluronic Acid + Peptide Lip Treatment Booster,Paula's Choice,Skincare,32.0,4.1538,9969,33,0,0,0.0
P474971,Daily Blemish Repairing Moisturizer,Peace Out,Skincare,28.0,4.2624,8255,45,0,0,0.0
P474972,Symbright Brightening Moisturizer,The INKEY List,Skincare,13.99,3.3467,6523,19,0,0,0.0
P474978,Mini GOOPGLOW Glow Lotion,goop,Mini Size,25.0,,0,53,0,0,0.0
P475042,Cedar Violet Eau de Parfum,AERIN,Fragrance,145.0,3.3571,1258,18,0,0,0.0
P475043,Cedar Violet Eau de Parfum Travel Spray,AERIN,Fragrance,35.0,3.3571,1678,18,0,0,0.0
P475045,Magic Touch Concealer,Anastasia Beverly Hills,Makeup,29.0,4.551,42036,43,0,0,0.0
P475046,My Way Eau de Parfum Intense,Armani Beauty,Fragrance,155.0,4.5806,15637,21,0,0,0.0
P475051,Bounce Liquid Whip Cream Blush,beautyblender,Makeup,22.0,4.4324,8726,27,0,0,0.0
P475058,HG Conditioner for Thinning Hair,BondiBoost,Hair,29.95,4.7694,12561,30,0,0,0.0
P475059,HG Shampoo for Thinning Hair,BondiBoost,Hair,29.95,4.3175,16087,32,0,0,0.0
P475060,Rapid Repair Strengthening Conditioner,BondiBoost,Hair,23.95,4.7783,7111,25,0,0,0.0
P475061,Rapid Repair Strengthening Shampoo,BondiBoost,Hair,23.95,4.5908,8244,26,0,0,0.0
P475062,Rapid Repair Serum for Damaged Hair,BondiBoost,Hair,27.99,4.8621,9283,17,0,0,0.0
P475063,Intensive Leave-In Scalp Spray Treatment for Thinning Hair,BondiBoost,Hair,19.95,4.3724,27920,21,0,0,0.0
P475064,Miracle Mask for Thinning Hair,BondiBoost,Hair,27.99,4.6628,13577,32,0,0,0.0
P475065,Procapil Hair Tonic for Thinning Hair,BondiBoost,Hair,21.99,4.4111,12028,16,0,0,0.0
P475066,Thermal and Heat Protectant Hair Spray,BondiBoost,Hair,19.95,4.6308,20633,19,0,0,0.0
P475067,Blonde Baby Hydrating Toning Purple Hair Mask,BondiBoost,Hair,27.99,4.8756,2596,32,0,0,0.0
P475068,Blonde Baby Hydrating Toning Purple Shampoo,BondiBoost,Hair,29.95,4.8884,3804,29,0,0,0.0
P475069,Blonde Baby Hydrating Toning Purple Conditioner,BondiBoost,Hair,29.95,4.9518,2632,24,0,0,0.0
P475070,Curl Boss Frizz Fighting and Curl Defining Styling Cream,BondiBoost,Hair,27.99,4.83,3403,21,0,0,0.0
P475071,Curl Boss Frizz Fighting and Curl Defining Conditioner,BondiBoost,Hair,29.95,4.8673,2779,24,0,0,0.0
P475072,Curl Boss Frizz Fighting and Curl Defining Shampoo,BondiBoost,Hair,29.95,4.6927,2503,19,0,0,0.0
P475073,Volumising Sea Salt and Texture Spray,BondiBoost,Hair,21.0,4.6852,6317,17,0,0,0.0
P475074,Detox Salt Scrub for Dry & Flaky Scalp,BondiBoost,Hair,24.99,4.8283,7684,16,0,0,0.0
P475076,Hero Eau de Toilette,BURBERRY,Fragrance,95.0,4.3113,3586,5,0,0,0.0
P475083,Skincare Essentials Kit,Clarins,Skincare,100.0,3.0,2986,128,0,0,0.0
P475084,Extra-Firming Energy + Radiance Boosting Moisturizer,Clarins,Skincare,93.0,4.3415,1758,14,0,0,0.0
P475086,BioLumin-C Vitamin-C Gel Moisturizer,Dermalogica,Skincare,69.0,4.6384,6836,65,0,0,0.0
P475090,Dior Forever Couture Luminizer Highlighter Powder,Dior,Makeup,50.0,4.3492,51295,28,0,0,0.0
P475091,Dior Forever Loose Cushion Powder,Dior,Makeup,65.0,3.6667,12646,22,0,0,0.0
P475093,Cure Liqueur Restorative Pre-Shampoo Treatment Oil,Drybar,Hair,35.0,4.6286,1818,13,0,0,0.0
P475094,Cure Liqueur Strengthening Shampoo,Drybar,Hair,32.0,4.6905,1765,40,0,0,0.0
P475095,Cure Liqueur Strengthening Conditioner,Drybar,Hair,32.0,4.8,1463,51,3,1,0.058823529411764705
P475109,Flora Gorgeous Gardenia Eau de Parfum Rollerball & Mascara Set,Gucci,Fragrance,50.0,4.6364,16570,44,0,0,0.0
P475110,Fullest Volumizing Mascara,ILIA,Makeup,28.0,3.6954,30883,25,0,0,0.0
P475111,Mini Fullest Volumizing Mascara,ILIA,Makeup,13.0,3.3514,19444,25,0,0,0.0
P475112,Pore Clearing Matte Moisturizer with Volcanic Clusters,innisfree,Skincare,24.0,4.5392,11430,36,3,1,0.08333333333333333
P475118,"Bloom, Bronze & Glow Bronzer & Highlighter Duo",Jouer Cosmetics,Makeup,32.0,4.36,15500,69,0,0,0.0
P475122,Mini The Big Clean Longwear Volumizing + Lash Care Mascara,Kosas,Mini Size,13.0,3.1852,5853,23,0,0,0.0
P475124,The Hydrating Infused Emulsion,La Mer,Skincare,125.0,4.6222,8930,60,0,0,0.0
P475127,Glam Guard Long-Wear Setting Spray,LAWLESS,Makeup,20.0,4.3257,9523,16,0,0,0.0
P475128,Conseal The Deal Long-Wear Full-Coverage Foundation,LAWLESS,Makeup,39.0,4.2183,19994,30,0,0,0.0
P475133,Alien Goddess Eau de Parfum,Mugler,Fragrance,180.0,4.6171,37095,18,0,0,0.0
P475134,Alien Goddess Eau de Parfum Travel Spray,Mugler,Fragrance,35.0,4.6171,39854,18,0,0,0.0
P475135,Mini Vitamin C Glycolic Brightening Serum,Murad,Skincare,30.0,4.2621,10296,53,0,0,0.0
P475138,Soft Matte Face Primer,NARS,Makeup,36.0,3.7857,5892,31,0,0,0.0
P475139,Climax Waterproof Liquid Eyeliner,NARS,Makeup,24.0,3.3934,5879,20,0,0,0.0
P475141,Macro Tech Eyeliner Crayon,Natasha Denona,Makeup,24.0,3.6333,4617,1,0,0,0.0
P475142,Work & Set Gel Eyeliner,Natasha Denona,Makeup,26.0,3.2667,5576,37,0,0,0.0
P475143,NUDESKIN 3-Step: Citrus Renew Set For Makeup,NUDESTIX,Skincare,29.0,3.7639,1520,93,0,0,0.0
P475147,Phantom Eau de Toilette,Paco Rabanne,Fragrance,133.0,4.4944,7965,12,0,0,0.0
P475149,Medium Conditioner,PATTERN by Tracee Ellis Ross,Hair,25.0,4.7273,3963,37,0,0,0.0
P475152,Luna Rossa Ocean Eau de Toilette,Prada,Fragrance,115.0,4.6972,9262,13,0,0,0.0
P475156,Cream Blush,REFY,Makeup,20.0,4.1897,29135,13,0,0,0.0
P475157,Cream Bronzer,REFY,Makeup,26.0,4.0408,17572,40,0,0,0.0
P475158,Gloss Highlighter,REFY,Makeup,26.0,3.9859,25453,25,0,0,0.0
P475159,Evercalm Redness Relief Serum,REN Clean Skincare,Skincare,60.0,4.3985,5110,36,0,0,0.0
P47517,Acne Body Wash,Murad,Bath & Body,48.0,3.9934,22065,42,0,0,0.0
P475172,Overnight Vitalizing Mask,Sulwhasoo,Skincare,54.0,4.717,12664,64,0,0,0.0
P475178,Lip Injection Power Plumping Hydrating Liquid Lip Balm,Too Faced,Makeup,26.0,3.5714,10440,60,0,0,0.0
P475179,Lip Injection Power Plumping Cream Liquid Lipstick,Too Faced,Makeup,28.0,3.3548,18130,31,0,0,0.0
P475180,On The Go Best Sellers Travel Kit,TULA Skincare,Skincare,49.0,4.2366,5711,179,0,0,0.0
P475181,Glow + Get It Cooling & Brightening Eye Balm,TULA Skincare,Skincare,30.0,3.9578,17136,32,0,0,0.0
P475182,The Cult Classic Purifying Face Cleanser,TULA Skincare,Skincare,34.0,3.9064,11798,49,0,0,0.0
P475183,So Polished Exfoliating Sugar Scrub,TULA Skincare,Skincare,34.0,4.32,3585,27,0,0,0.0
P475184,Hello Radiance Illuminating Serum,TULA Skincare,Skincare,68.0,4.2182,1327,43,0,0,0.0
P475185,24-7 Moisture Hydrating Day & Night Cream,TULA Skincare,Skincare,54.0,4.1884,12166,60,0,0,0.0
P475186,Revive + Rewind Revitalizing Eye Cream,TULA Skincare,Skincare,52.0,4.2391,1921,47,0,0,0.0
P475187,Firm Up Deep Wrinkle Serum,TULA Skincare,Skincare,84.0,4.1579,1258,41,0,0,0.0
P475188,Instant De-Puff Eye Renewal Serum,TULA Skincare,Skincare,58.0,4.2105,4283,47,0,0,0.0
P475189,Secret Solutions Pro-Glycolic 10% Resurfacing Toner,TULA Skincare,Skincare,46.0,4.1343,2757,28,0,0,0.0
P475190,Rose Glow + Get It Cooling & Brightening Eye Balm,TULA Skincare,Skincare,32.0,4.0732,19298,37,0,0,0.0
P475191,Brighten Up Smoothing Primer Gel,TULA Skincare,Makeup,34.0,4.3036,2672,38,0,0,0.0
P475192,So Poreless Deep Exfoliating Blackhead Scrub,TULA Skincare,Skincare,34.0,3.9038,7262,51,0,0,0.0
P475193,Wrinkle Treatment Drops Retinol Alternative Serum,TULA Skincare,Skincare,68.0,4.2979,2136,46,0,0,0.0
P475194,Brightening Treatment Drops Triple Vitamin C Serum,TULA Skincare,Skincare,56.0,4.2572,10279,39,0,0,0.0
P475195,Protect + Plump Firming & Hydrating Face Moisturizer,TULA Skincare,Skincare,64.0,3.963,2230,64,0,0,0.0
P475196,So Smooth Resurfacing & Brightening Fruit Enzyme Mask,TULA Skincare,Skincare,36.0,4.25,2603,34,0,0,0.0
P475197,Balancing Act Purifying & pH Balancing Biodegradable Toner Pads,TULA Skincare,Skincare,36.0,4.0545,2470,60,0,0,0.0
P475198,Prime of Your Life Smoothing & Firming Treatment Primer,TULA Skincare,Makeup,42.0,3.7917,3828,64,0,0,0.0
P475200,Your Best Skin at Every Age Firming & Smoothing Discovery Kit,TULA Skincare,Skincare,66.0,3.8293,2541,239,0,0,0.0
P475201,24-7 Power Swipe Hydrating Day & Night Treatment Eye Balm,TULA Skincare,Skincare,38.0,4.2595,7302,59,0,0,0.0
P475203,Mini 24-7 Moisture Hydrating Day & Night Cream,TULA Skincare,Skincare,26.0,4.1884,6853,60,0,0,0.0
P475204,Sensitive Skin Treatment Drops Calming Vitamin B Serum,TULA Skincare,Skincare,48.0,4.1489,2137,40,0,0,0.0
P475525,"Colorfix Eye, Cheek & Lip Cream Pigment Rose Dream Set",Danessa Myricks Beauty,Makeup,30.0,4.4138,12521,17,0,0,0.0
P475526,Sauvage Elixir,Dior,Fragrance,180.0,4.5178,10313,20,0,0,0.0
P475535,T.L.C. Sukari Babyfacial AHA + BHA Mask Mini,Drunk Elephant,Mini Size,28.0,3.5333,21745,42,3,1,0.07142857142857142
P475536,Double Wear Sheer Long-Wear Makeup SPF 19,Estée Lauder,Makeup,48.0,4.2294,22422,56,0,0,0.0
P475540,Honey Halo Moisturizer Jumbo,Farmacy,Skincare,74.0,4.7273,28597,42,0,0,0.0
P475543,Guava Vitamin C Dark Spot Treatment Serum,Glow Recipe,Skincare,45.0,4.2613,106447,48,0,0,0.0
P475569,ModCon Long-Wear Hydrating Liquid-Gel Contour,KVD Beauty,Makeup,29.5,3.496,24599,23,0,0,0.0
P475575,Master Hold Brow Gel,MAKEUP BY MARIO,Makeup,22.0,3.9151,17465,12,0,0,0.0
P475576,Master Blade Brow Pencil,MAKEUP BY MARIO,Makeup,24.0,2.9688,8858,13,0,0,0.0
P475589,Ginzing Vitamin C Eye Cream to Brighten and Depuff,Origins,Skincare,37.0,4.457,35804,59,0,0,0.0
P475590,MINI GINZING VITAMIN C EYE CREAM TO BRIGHTEN AND DEPUFF,Origins,Skincare,29.0,3.45,18284,59,0,0,0.0
P475597,IntensifEYES Artistry Wand,PAT McGRATH LABS,Makeup,34.0,3.4286,10068,34,0,0,0.0
P475598,Mothership IX Eyeshadow Palette: Huetopian Dream,PAT McGRATH LABS,Makeup,128.0,4.4222,32046,173,0,0,0.0
P475599,Perfect Strokes Universal Volumizing Mascara,Rare Beauty by Selena Gomez,Makeup,20.0,4.3716,116565,29,0,0,0.0
P475600,Mini Perfect Strokes Universal Volumizing Mascara,Rare Beauty by Selena Gomez,Mini Size,11.0,4.2572,57283,29,0,0,0.0
P475604,Brow Harmony Shape & Fill Duo,Rare Beauty by Selena Gomez,Makeup,27.0,4.4929,38012,20,0,0,0.0
P475606,ReEvolve Radiance Locking Hydrating Primer,rms beauty,Makeup,42.0,4.7103,11744,44,0,0,0.0
P475613,Izumi Tonic Strengthening Rice Water Treatment,shu uemura,Hair,58.0,4.2208,6723,28,0,0,0.0
P475614,Mini Izumi Tonic Strengthening Rice Water Treatment,shu uemura,Hair,28.0,4.2208,3560,28,0,0,0.0
P475629,Honey Whip Peptide and Collagen Moisturizer,Wishful,Skincare,43.0,4.5697,15716,46,0,0,0.0
P475630,Mini Mandelic Acid + Superfood Unity Exfoliant,Youth To The People,Skincare,16.0,4.6747,36699,32,0,0,0.0
P475906,The Eye Cream with  TFC8,Augustinus Bader,Skincare,220.0,4.2267,2922,39,0,0,0.0
P475907,The Serum with  TFC8,Augustinus Bader,Skincare,390.0,3.9877,2556,37,0,0,0.0
P475908,Aqua Bomb Overnight Lip Mask,belif,Skincare,22.0,4.4068,13764,27,0,0,0.0
P475910,High Brow Dual Ended Highlighting Eyebrow Pencil,Benefit Cosmetics,Makeup,25.0,3.9286,11755,49,0,0,0.0
P475913,Hairdresser's Invisible Oil Ultra Rich Shampoo,Bumble and bumble,Hair,34.0,4.0678,3119,43,0,0,0.0
P475914,Hairdresser's Invisible Oil Ultra Rich Hyaluronic Treatment Lotion,Bumble and bumble,Hair,45.0,4.744,9133,38,0,0,0.0
P475919,Matte Revolution Lipstick - Super Nudes Collection,Charlotte Tilbury,Makeup,35.0,4.0769,56943,32,0,0,0.0
P475921,Double Serum Eye Firming & Hydrating Anti-Aging Concentrate,Clarins,Skincare,82.0,4.2278,9415,40,0,0,0.0
P475926,The SturmGlow Kit,Dr. Barbara Sturm,Skincare,185.0,3.1111,3701,89,0,0,0.0
P475930,Extreme Lengthening Mascara,Dr. Lara Devgan Scientific Beauty,Makeup,40.0,2.375,690,11,0,0,0.0
P475932,Milk Marvel Dark Spot Serum with Niacinamide and Vitamin C,EADEM,Skincare,68.0,4.4791,15740,29,0,0,0.0
P475933,SUPER AMBER Eau de Parfum,Ellis Brooklyn,Fragrance,108.0,4.0155,5354,3,0,0,0.0
P475934,SUPER AMBER Eau de Parfum Travel Spray,Ellis Brooklyn,Fragrance,32.0,4.0155,6747,3,0,0,0.0
P475935,SahaScalp Amla Soothing Serum,Fable & Mane,Hair,36.0,4.1099,22892,36,0,0,0.0
P475946,L’Interdit Rouge Eau De Parfum,Givenchy,Fragrance,113.0,4.1554,18988,14,0,0,0.0
P475948,Wild Obsessions Eyeshadow Palette,HUDA BEAUTY,Mini Size,32.0,4.3,22722,86,0,0,0.0
P475949,Big Time Volumizing Mousse,IGK,Hair,32.0,4.0606,1935,38,0,0,0.0
P475951,Green Tea Hyaluronic Acid Hydrating Serum,innisfree,Skincare,30.0,4.5836,41215,49,0,0,0.0
P475958,Apple Brandy Eau de Parfum,KILIAN Paris,Fragrance,230.0,4.4151,11887,10,0,0,0.0
P475961,Crème de La Mer Duet,La Mer,Skincare,380.0,4.4615,13729,43,0,0,0.0
P475966,Sunshine Under Eye Brightening Light Coverage Concealer,MILK MAKEUP,Makeup,28.0,4.3609,40244,41,0,0,0.0
P475969,Retro Eyeshadow Palette,Natasha Denona,Makeup,69.0,4.3802,58254,340,0,0,0.0
P475970,Argan Hair & Scalp Oil Blend,PATTERN by Tracee Ellis Ross,Hair,25.0,4.3333,3511,7,0,0,0.0
P475971,Cleansing Shampoo,PATTERN by Tracee Ellis Ross,Hair,20.0,4.5102,4720,34,0,0,0.0
P475972,Mini Intensive Conditioner,PATTERN by Tracee Ellis Ross,Hair,9.0,4.6667,1174,27,0,0,0.0
P475973,Intensive Conditioner,PATTERN by Tracee Ellis Ross,Hair,25.0,3.8276,2648,27,0,0,0.0
P475974,Jojoba Hair & Scalp Oil Blend,PATTERN by Tracee Ellis Ross,Hair,25.0,4.7692,6079,6,0,0,0.0
P475975,Jojoba Oil Hair Serum Self-Heating Packs,PATTERN by Tracee Ellis Ross,Hair,15.0,3.5556,2526,8,0,0,0.0
P475976,Hydrating Hair Mist,PATTERN by Tracee Ellis Ross,Hair,18.0,3.95,4885,52,0,0,0.0
P475977,Strong Hold Hair Gel,PATTERN by Tracee Ellis Ross,Hair,25.0,3.5682,2779,34,0,0,0.0
P475984,Mini Lightweight Conditioner,PATTERN by Tracee Ellis Ross,Hair,9.0,,0,32,0,0,0.0
P475985,Lightweight Conditioner,PATTERN by Tracee Ellis Ross,Hair,25.0,4.4146,2665,32,0,0,0.0
P475986,Treatment Mask,PATTERN by Tracee Ellis Ross,Hair,25.0,4.2927,6995,32,0,0,0.0
P475987,Scalp Serum for Dry Hair & Scalp,PATTERN by Tracee Ellis Ross,Hair,25.0,3.3913,5212,27,0,0,0.0
P475989,Mini Conditioners Kit,PATTERN by Tracee Ellis Ross,Hair,24.0,5.0,1301,99,0,0,0.0
P475990,Heavy Conditioner,PATTERN by Tracee Ellis Ross,Hair,25.0,4.4068,3023,26,0,0,0.0
P475991,Mini Heavy Conditioner,PATTERN by Tracee Ellis Ross,Hair,9.0,4.75,1003,26,0,0,0.0
P475995,Mini Strong Hold Hair Gel,PATTERN by Tracee Ellis Ross,Hair,9.0,3.8,3589,34,0,0,0.0
P475996,Mini Hydrating Hair Mist,PATTERN by Tracee Ellis Ross,Hair,7.0,3.5789,5913,52,0,0,0.0
P475997,Mini Curl Gel,PATTERN by Tracee Ellis Ross,Hair,9.0,2.9394,4052,38,0,0,0.0
P475998,Mini Hydration Shampoo,PATTERN by Tracee Ellis Ross,Hair,9.0,3.7778,2238,44,0,0,0.0
P475999,Mini Leave-In Conditioner,PATTERN by Tracee Ellis Ross,Hair,9.0,3.9091,5672,48,0,0,0.0
P476000,Mini Medium Conditioner,PATTERN by Tracee Ellis Ross,Hair,9.0,3.3333,1193,37,0,0,0.0
P476005,Cream Blush Refillable Cheek & Lip Color,ROSE INC,Makeup,32.0,4.6015,51948,32,0,0,0.0
P476006,Brow Renew Clean Clear Eyebrow-Growth Gel,ROSE INC,Makeup,26.0,4.319,5874,22,0,0,0.0
P476007,Brow Renew Clean Tinted Eyebrow-Growth Gel,ROSE INC,Makeup,26.0,4.3447,5992,22,0,0,0.0
P476008,Lip Sculpt Clean Moisturizing Pigmented Lipstick,ROSE INC,Makeup,26.0,3.1918,18739,29,0,0,0.0
P476009,Radiant Reveal Clean Brightening Vitamin C Serum,ROSE INC,Skincare,74.0,4.6687,4769,32,0,0,0.0
P476010,Skin Resolution Clean Exfoliating Acid Toner,ROSE INC,Skincare,32.0,4.6848,8679,35,0,0,0.0
P476011,Softlight Clean Dewy Hydrating Concealer,ROSE INC,Makeup,30.0,4.3727,27242,25,0,0,0.0
P476012,Cream Blush Refillable Cheek & Lip Color Refill,ROSE INC,Makeup,18.0,4.3958,3480,32,0,0,0.0
P476019,Fall Cashmere Eau De Parfum,SKYLAR,Fragrance,90.0,4.0429,5373,32,0,0,0.0
P476020,Fall Cashmere Eau de Parfum Rollerball,SKYLAR,Fragrance,30.0,4.0429,6242,32,0,0,0.0
P476021,Pink Canyon Eau De Parfum,SKYLAR,Fragrance,90.0,4.4403,5677,63,0,0,0.0
P476022,Pink Canyon Eau de Parfum Rollerball,SKYLAR,Fragrance,30.0,4.4403,6056,66,0,0,0.0
P476028,Heavenly Sixteen All-In-One Face Oil,Summer Fridays,Skincare,55.0,4.4507,46744,19,0,0,0.0
P476039,ColorKick Debrassing Blue - Purple Shampoo,Virtue,Hair,42.0,4.6552,1862,84,3,1,0.03571428571428571
P476041,Hairdresser's Invisible Oil Ultra Rich Conditioner,Bumble and bumble,Hair,35.0,4.2444,3641,32,0,0,0.0
P476414,5 Stars Retinol + Niacinamide Eye Serum,Sunday Riley,Skincare,65.0,4.6414,35885,39,0,0,0.0
P476415,Acne+ 2% BHA + Azelaic Acid + Niacinamide + AHA Cleanser,Skinfix,Skincare,35.0,4.5648,36209,26,3,1,0.11538461538461539
P476416,AFRICAN Beauty Butter- Intensive Dry Skin Treatment,54 Thrones,Bath & Body,38.0,4.3256,19028,13,0,0,0.0
P476417,African Beauty Butter Collection Deluxe Tin,54 Thrones,Bath & Body,80.0,4.2273,3741,67,0,0,0.0
P476418,African Beauty Butter Mini Gift Set,54 Thrones,Bath & Body,29.0,3.561,7526,41,0,0,0.0
P476419,Aglow Golden Priming Oil,lilah b.,Makeup,68.0,4.6207,4902,31,0,0,0.0
P476427,Brazilian Touch Hand Cream,Sol de Janeiro,Bath & Body,16.0,4.1064,27553,35,0,0,0.0
P476428,Brightening Dark Spot Vitamin C Serum,Hyper Skin,Skincare,58.0,4.5664,13429,36,3,1,0.08333333333333333
P476430,Butta Drop Whipped Oil Hydrating Body Cream,Fenty Skin,Bath & Body,39.0,4.6522,2583,42,0,0,0.0
P476432,Capture Totale Super Potent Cleanser,Dior,Skincare,65.0,4.4545,2344,40,0,0,0.0
P476438,Complete Hydrating Air Dry Hair Cream,JVN,Hair,26.0,4.2789,39342,29,0,0,0.0
P476440,Complete Instant Recovery Heat Protectant Leave-In Serum,JVN,Hair,29.0,4.4726,26188,19,0,0,0.0
P476441,Complete Pre-Wash Scalp &HairStrengthening TreatmentOil,JVN,Hair,29.0,4.2662,66280,24,0,0,0.0
P476444,Crème to Powder Skin Foundation,Fashion Fair,Makeup,39.0,4.5185,6744,27,0,0,0.0
P476447,Debloat+ Anti-Bloat Supplement with Digestive Enzymes,The Nue Co.,Skincare,45.0,4.2651,1867,24,0,0,0.0
P476452,Embody Daily Volumizing Conditioner,JVN,Hair,21.0,3.7089,6463,20,0,0,0.0
P476453,Embody Daily Volumizing Shampoo,JVN,Hair,21.0,3.8042,10703,20,0,0,0.0
P476456,Fabulous Face Priming Serum,Fashion Fair,Makeup,39.0,4.6875,2477,48,0,0,0.0
P476459,Forest Lungs Anti-Stress Fragrance Travel Spray,The Nue Co.,Skincare,30.0,4.2042,4285,10,0,0,0.0
P476477,Oil-Duo: For Your Hair & Body,BREAD BEAUTY SUPPLY,Hair,28.0,4.1667,8090,11,0,0,0.0
P476485,Hydra Vizor Invisible Moisturizer Broad Spectrum SPF 30 Sunscreen with Niacinamide Refill,Fenty Skin,Skincare,35.0,4.4865,14985,40,0,0,0.0
P476493,Iconic Lipstick,Fashion Fair,Makeup,28.0,4.6557,12955,30,0,0,0.0
P476494,Iconic Pressed Setting Powder,Fashion Fair,Makeup,35.0,4.4667,3683,23,0,0,0.0
P476496,Instant Reset Brightening Overnight Recovery Gel-Cream with Niacinamide Refill,Fenty Skin,Skincare,40.0,5.0,8257,48,0,0,0.0
P476513,Mini Abeille Royale Advanced Youth Watery Oil,GUERLAIN,Skincare,55.0,4.3465,6222,37,0,0,0.0
P476514,Mini Aglow Golden Priming Oil,lilah b.,Mini Size,25.0,3.8571,5900,31,0,0,0.0
P476515,Mini Brightening Dark Spot Vitamin C Serum,Hyper Skin,Skincare,36.0,3.1429,7676,36,3,1,0.08333333333333333
P476516,Butta Drop Whipped Oil Hydrating Body Cream Mini,Fenty Skin,Bath & Body,23.0,4.1552,19707,42,0,0,0.0
P476525,Mini Pro Filt'r Soft Matte Foundation,Fenty Beauty by Rihanna,Mini Size,15.0,3.2,33418,34,0,0,0.0
P476526,Mini Rapid Dark Spot Correcting Serum,Murad,Mini Size,27.0,4.3879,10029,31,0,0,0.0
P476529,Nurture Deep Moisture Mask,JVN,Hair,24.0,3.7444,8161,126,0,0,0.0
P476530,Nurture Hydrating Conditioner,JVN,Hair,21.0,3.9655,8568,33,0,0,0.0
P476531,Nurture Hydrating Shampoo,JVN,Hair,21.0,3.5661,9632,24,0,0,0.0
P476538,Prebiotic + Probiotic Vegan Gut Microbiome Supplement,The Nue Co.,Skincare,55.0,4.4356,1820,6,0,0,0.0
P476540,Pro Glow Spray Tan Kit,Isle of Paradise,Skincare,30.0,4.0946,26141,28,0,0,0.0
P476549,Rouge Artist Shine On Lipstick,MAKE UP FOR EVER,Makeup,25.0,4.0909,9649,720,0,0,0.0
P476550,Set It Loose Setting Powder,Fashion Fair,Makeup,35.0,4.0556,4290,23,0,0,0.0
P476553,Skin Filter Vitamin A and Zinc Blemish + Brightening Supplement,The Nue Co.,Skincare,45.0,4.1544,2584,12,0,0,0.0
P476554,Skin Hydrator Ceramide and Hyaluronic Acid Supplement,The Nue Co.,Skincare,45.0,4.1883,1560,11,0,0,0.0
P476556,SkinFlex Stick Foundation,Fashion Fair,Makeup,39.0,4.5714,5569,24,0,0,0.0
P476570,Triple Active Retinol Gentle Overnight Renewal Cream,Dr. Brandt Skincare,Skincare,75.0,3.7273,1466,44,0,0,0.0
P476571,Turbo Body Lotion Energizing Gel Moisturizer with Eucalyptus & Aloe,Jack Black,Skincare,38.0,5.0,326,21,0,0,0.0
P476574,Ultra HD Matte Setting Powder,MAKE UP FOR EVER,Makeup,39.0,4.4434,24849,115,0,0,0.0
P476576,Undamage Strengthening Conditioner,JVN,Hair,21.0,4.0263,6132,24,0,0,0.0
P476577,Undamage Strengthening Shampoo,JVN,Hair,21.0,3.9175,6398,25,0,0,0.0
P476657,Leila Lou Gift Set,By Rosie Jane,Fragrance,80.0,5.0,1149,62,0,0,0.0
P476671,T.L.C Glycolic Body Lotion,Drunk Elephant,Bath & Body,28.0,4.3108,27705,49,0,0,0.0
P476672,Fully Booked Rollerball Perfume Gift set,Ellis Brooklyn,Fragrance,48.0,4.4783,3548,87,0,0,0.0
P476674,Electro-Lite Enzyme Brightening Gel Cleanser,FaceGym,Skincare,38.0,4.7887,2393,33,0,0,0.0
P476675,Hydro-Bound Hyaluronic Acid + Niacinamide Serum,FaceGym,Skincare,68.0,4.6377,2833,16,0,0,0.0
P476676,Youth Reformer Firming Vitamin C Oil Serum,FaceGym,Skincare,110.0,4.9623,3104,22,0,0,0.0
P476677,Supreme Restructure Collagen-Boosting Cermide Cream,FaceGym,Skincare,120.0,4.44,1609,52,0,0,0.0
P476678,Face Coach Lifting Squalane Face Oil,FaceGym,Skincare,70.0,4.6053,2438,18,0,0,0.0
P476681,Hyaluronic Acid Roller Dissolving Microneedling Tool,FaceGym,Skincare,95.0,4.6757,4697,16,0,0,0.0
P476683,Full Face Sculpt Kit - 14-Day Challenge,FaceGym,Skincare,75.0,4.4733,5438,111,0,0,0.0
P476685,Equilibrium Intensive Hydrating Set,Hourglass,Mini Size,85.0,5.0,1863,69,0,0,0.0
P476686,Equilibrium Restorative Hydrating Cream,Hourglass,Skincare,94.0,5.0,876,23,0,0,0.0
P476687,Equilibrium The Essentials Set,Hourglass,Mini Size,165.0,,749,115,0,0,0.0
P476689,INVITE ONLY AMBER | 23 & DÉJÀ VU WHITE FLOWER | 57 Double Rollerball,KAYALI,Fragrance,27.0,4.1667,6827,44,0,0,0.0
P476690,Silk Balm Honey Kiss Lip Balm,HUDA BEAUTY,Makeup,21.0,3.7143,4814,28,0,0,0.0
P476691,Best Life Hair Oil,IGK,Hair,32.0,2.75,868,21,0,0,0.0
P476697,Wink Lash Trio Mascara,Kaja,Makeup,30.0,4.3805,16713,78,0,0,0.0
P476712,Bionic Liquid Blush with Hyaluronic Acid,MILK MAKEUP,Makeup,24.0,4.3404,30519,28,0,0,0.0
P476713,Hydro Grip Eyeshadow and Concealer Primer,MILK MAKEUP,Makeup,25.0,3.9111,48381,33,0,0,0.0
P476718,Mini On 'Til Dawn Mattifying Waterproof Setting Spray,ONE/SIZE by Patrick Starrr,Makeup,17.0,4.1483,42620,21,0,0,0.0
P476719,On 'Til Dawn Mattifying Waterproof Setting Spray,ONE/SIZE by Patrick Starrr,Makeup,32.0,4.1483,50172,21,0,0,0.0
P476724,Major Volume Mascara,PATRICK TA,Makeup,29.0,4.3301,7058,39,0,0,0.0
P476726,Evercalm Gentle Cleansing Gel,REN Clean Skincare,Skincare,38.0,4.36,1293,16,0,0,0.0
P476729,Mini First Care Activating Serum,Sulwhasoo,Skincare,25.0,4.5707,11881,56,0,0,0.0
P476730,Mini Gentle Cleansing Oil Makeup Remover,Sulwhasoo,Skincare,13.0,4.4532,23559,27,0,0,0.0
P476731,Mini Gentle Cleansing Foam Hydrating Makeup Remover,Sulwhasoo,Skincare,12.0,4.5596,12981,33,0,0,0.0
P476733,Mineral Mattescreen Sunscreen SPF 40 PA+++,Supergoop!,Skincare,38.0,4.0153,22699,21,0,0,0.0
P476736,Superkind Fragrance-Free Bio-Barrier Serum,Tata Harper,Skincare,146.0,4.7273,2010,50,0,0,0.0
P476737,Bio-Barrier Eye Crème,Tata Harper,Skincare,130.0,,484,53,0,0,0.0
P476743,Lip Blush Lip Balm,TOM FORD,Makeup,58.0,4.2258,15387,21,0,0,0.0
P476744,Shade & Illuminate Blush Duo,TOM FORD,Makeup,95.0,4.5987,13995,31,0,0,0.0
P476746,Lady Bold Waterproof Longwear Lip Liner,Too Faced,Makeup,20.0,4.5546,15813,28,0,0,0.0
P476747,Lady Bold Cream Lipstick,Too Faced,Makeup,28.0,4.4481,23490,60,0,0,0.0
P476749,Body Wash,Verb,Bath & Body,20.0,4.5097,3263,42,0,0,0.0
P476750,Body Lotion,Verb,Bath & Body,20.0,4.5638,2335,28,0,0,0.0
P476826,MHMC New Beginnings Exfoliating Cleanser,ALTERNA Haircare,Hair,30.0,4.189,1006,28,0,0,0.0
P476827,My Hair My Canvas Me Time Every Day Shampoo,ALTERNA Haircare,Hair,28.0,4.225,669,31,0,0,0.0
P476828,My Hair My Canvas  Me Time Everyday Conditioner,ALTERNA Haircare,Hair,28.0,4.2628,492,27,0,0,0.0
P476829,My Hair My Canvas  Cool Hydrations Nourishing Masque,ALTERNA Haircare,Hair,35.0,4.0569,447,32,0,0,0.0
P476830,My Hair My Canvas  Meltaway No-Rinse Micellar Cleanser,ALTERNA Haircare,Hair,29.0,3.7903,1182,31,0,0,0.0
P476833,Mini Supreme Nudes Eyeshadow Palette: The Quickie,Artist Couture,Mini Size,30.0,3.6667,7768,141,0,0,0.0
P476843,Cryo-Recovery Depuffing Eye Serum,Charlotte Tilbury,Skincare,70.0,4.3216,15008,56,0,0,0.0
P476849,Platinum Lip Plump,Dr. Lara Devgan Scientific Beauty,Makeup,50.0,1.0,839,33,0,0,0.0
P476850,Gin Twist Curl-Quenching Shampoo,Drybar,Hair,26.0,4.087,621,54,0,0,0.0
P476851,Gin Twist Curl-Quenching Conditioner,Drybar,Hair,26.0,4.25,592,39,0,0,0.0
P476852,Gin Twist Leave-In Conditioning Styler,Drybar,Hair,28.0,5.0,1967,70,1,1,0.014285714285714285
P476853,Gin Twist Edge Control Gelée,Drybar,Hair,26.0,3.125,753,20,0,0,0.0
P476860,APHRODISIA Intimate Arousal Cannabis Oil,Flora + Bast,Skincare,77.0,4.4737,4350,6,0,0,0.0
P476865,Lili Fantasy Eau de Parfum,Juliette Has a Gun,Fragrance,140.0,3.7778,2029,16,0,0,0.0
P476866,Lili Fantasy Eau de Parfum Travel Spray,Juliette Has a Gun,Fragrance,30.0,2.4,1553,16,0,0,0.0
P476876,Berry Bright Firming Vitamin C Eye Cream,KORA Organics,Skincare,58.0,4.6225,16219,36,0,0,0.0
P476884,Aim High Multi-Use Liquid Highlighter,LYS Beauty,Makeup,19.0,4.5278,6801,14,0,0,0.0
P476886,Monarca Blush Palette – Amor y Mariposas Collection,Melt Cosmetics,Makeup,58.0,4.5263,10646,103,0,0,0.0
P476892,NUDESKIN Citrus Clean Balm & Make-Up Melt,NUDESTIX,Makeup,35.0,5.0,602,31,0,0,0.0
P476893,NUDESKIN Citrus-C Mask & Daily Moisturizer,NUDESTIX,Skincare,39.0,4.2603,653,38,0,0,0.0
P476894,NUDESKIN Lemon-Aid Detox & Glow Micro-Peel,NUDESTIX,Skincare,35.0,4.4691,1215,22,0,0,0.0
P476895,No.4P Blonde Enhancer Toning Purple Shampoo,Olaplex,Hair,30.0,3.9027,54656,19,0,0,0.0
P476899,Major Mini Lip Trios,PAT McGRATH LABS,Makeup,25.0,4.46,46531,53,0,0,0.0
P476920,Upgraded Lashes Thickening Mascara,Wander Beauty,Makeup,26.0,4.0965,3841,29,0,0,0.0
P477001,Mini Styling Cream for Curly &Coily Hair,PATTERN by Tracee Ellis Ross,Hair,9.0,3.4286,4708,30,0,0,0.0
P477136,BOUNCE Always On Radiant Skin Tint,beautyblender,Makeup,29.0,4.5068,36435,33,0,0,0.0
P477150,Super Anti-Aging Eye Cream,Dr. Barbara Sturm,Skincare,210.0,4.3333,1735,45,0,0,0.0
P477157,Clearly Clean Makeup Removing Cleansing Balm,Farmacy,Skincare,36.0,4.6494,22126,26,0,0,0.0
P477160,Mini Age Adapting CBD Serum,Flora + Bast,Skincare,38.5,,0,3,0,0,0.0
P477166,GOOPGLOW Restore + Shine Hair Treatment,goop,Hair,55.0,4.1136,1925,31,0,0,0.0
P477168,#BombBrows Full ’n Fluffy Volumizing Fiber Gel,HUDA BEAUTY,Makeup,19.0,3.8649,7705,30,0,0,0.0
P477170,Mini Confidence in Your Beauty Sleep Night Cream,IT Cosmetics,Mini Size,22.0,5.0,2187,41,0,0,0.0
P477174,Charcoal Body Buff Exfoliating Cleanser,Jack Black,Bath & Body,38.0,,415,29,0,0,0.0
P477199,Aim High Pressed Highlighter Powder,LYS Beauty,Makeup,19.0,4.4348,12098,17,0,0,0.0
P477201,Perfectionist Lip Pencil,Melt Cosmetics,Makeup,19.0,3.1905,9381,13,0,0,0.0
P477202,Ting Energy + Metabolism Non-Stim Supplement With Ginseng,Moon Juice,Skincare,42.0,4.5932,3042,27,0,0,0.0
P477204,Blonde Perfecting Purple Conditioner,Moroccanoil,Hair,26.0,4.5623,5299,55,0,0,0.0
P477238,Sun Shower Eau De Parfum,SKYLAR,Fragrance,90.0,4.2,2098,90,0,0,0.0
P477239,Sun Shower Eau De Parfum Rollerball,SKYLAR,Fragrance,30.0,4.2857,2880,90,0,0,0.0
P477240,Eau De Parfum Discovery Set,SKYLAR,Fragrance,25.0,4.4801,14689,250,0,0,0.0
P477258,Black Opium Eau de Parfum Extreme,Yves Saint Laurent,Fragrance,155.0,4.6192,17960,20,0,0,0.0
P477377,Lash & Go Eyeliner 3-in-1 Eyeliner + Magnetic Lash Adhesive,Velour Lashes,Makeup,25.0,4.3614,7087,8,0,0,0.0
P477378,Magnetic Effortless Kit - No Trim No Measure Magnetic Lash Kit,Velour Lashes,Makeup,35.0,4.1141,15452,14,0,0,0.0
P477379,Magnetic Effortless - No Trim Natural Lash Collection,Velour Lashes,Makeup,28.0,4.4412,10767,3,0,0,0.0
P477384,African Black Soap Reviving Shampoo,Melanin Haircare,Hair,20.0,4.5938,5605,17,0,0,0.0
P477413,GREEN MACHINE insta-glo resurfacing acid mask,iNNBEAUTY PROJECT,Skincare,30.0,4.6531,7419,59,3,1,0.05084745762711865
P477418,High & Dry Super Quick-Drying Hemp + UVA/UVB  Top Coat,Deborah Lippmann,Makeup,22.0,3.8,1225,15,0,0,0.0
P477455,Mini Decorative Tin Trio,VOLUSPA,Mini Size,28.0,2.5,1048,36,0,0,0.0
P477463,Multi-Use Pure Oil Blend,Melanin Haircare,Hair,22.0,4.303,8674,10,0,0,0.0
P477464,Multi-Use Softening Leave In Conditioner,Melanin Haircare,Hair,23.0,4.4348,8760,24,0,0,0.0
P477474,Rose Quartz Eyeshadow Palette,HUDA BEAUTY,Makeup,69.0,4.3853,59595,270,0,0,0.0
P477478,Potentialiste Hydrating & Soothing Scalp Serum,Kérastase,Hair,58.0,4.5158,9099,26,0,0,0.0
P477492,Triple Vitamin C Brightening Bounce Cream Moisturizer,alpyn beauty,Skincare,49.0,4.5422,7730,53,0,0,0.0
P477493,Twist-Elongating Style Cream,Melanin Haircare,Hair,20.0,4.6667,4608,29,0,0,0.0
P477706,35% Vitamin C Fusion Serum,SOBEL SKIN Rx,Skincare,105.0,5.0,906,28,0,0,0.0
P477712,Bitter Peach Eau de Parfum Travel Spray,TOM FORD,Fragrance,80.0,4.1186,18235,19,0,0,0.0
P477717,Body Butter Moisturizer,Moroccanoil,Bath & Body,38.0,4.5,9240,51,0,0,0.0
P477718,Body Souffle Moisturizer,Moroccanoil,Bath & Body,38.0,4.3844,6933,48,0,0,0.0
P477727,Light Defining Curl Cream,Bumble and bumble,Hair,32.0,4.6647,5463,37,0,0,0.0
P477738,Eros Parfum,Versace,Fragrance,145.0,5.0,2105,12,0,0,0.0
P477740,Extra Love Volume Conditioner,IGK,Hair,32.0,4.3519,659,55,0,0,0.0
P477741,Extra Love Volume Shampoo,IGK,Hair,32.0,4.4444,1412,39,0,0,0.0
P477749,Flora Gorgeous Gardenia Eau de Parfum Gift Set,Gucci,Fragrance,92.0,2.75,13342,22,0,0,0.0
P477761,Lovely Lashes Contour Sleep Mask,Slip,Skincare,55.0,4.0,3771,2,0,0,0.0
P477763,Hydra'Reset Intensive Recovery Glycerin Hand Mask,Fenty Skin,Bath & Body,25.0,4.2345,19761,30,0,0,0.0
P477797,Mud-Mask: Hair & Scalp Detoxifying Pre-Wash Clay Treatment,BREAD BEAUTY SUPPLY,Hair,34.0,4.8269,7877,29,0,0,0.0
P477805,Perfecting Lip Scrub,MAKEUP BY MARIO,Makeup,24.0,4.4828,7335,20,0,0,0.0
P477809,Primrose All In One Face & Eye Shadow Palette,Anastasia Beverly Hills,Makeup,55.0,4.6626,17469,333,0,0,0.0
P477811,Rare Earth Pore Minimizing Lotion,Kiehl's Since 1851,Skincare,33.0,,606,18,0,0,0.0
P477812,Refillable Jumbo Magic Cream Moisturizer with Hyaluronic Acid,Charlotte Tilbury,Skincare,260.0,3.75,6696,50,0,0,0.0
P477816,SahaScalp Wild Ginger Purifying Scrub,Fable & Mane,Hair,34.0,4.5387,14360,27,0,0,0.0
P477820,Scalp-Serum: Cooling Greens Exfoliating Scalp Treatment,BREAD BEAUTY SUPPLY,Hair,28.0,3.9688,8022,49,1,1,0.02040816326530612
P477822,Curl Gel Pomade,Bumble and bumble,Hair,32.0,3.5,1204,30,0,0,0.0
P477823,Shower Gel Cleanser,Moroccanoil,Bath & Body,20.0,4.4915,13604,24,0,0,0.0
P477824,Smashbox X BECCA Mini Shimmering Skin Perfector Pressed Highlighter,Smashbox,Mini Size,23.0,5.0,15983,39,0,0,0.0
P477825,Smashbox X BECCA Shimmering Skin Perfector Pressed Highlighter,Smashbox,Makeup,40.0,4.7143,18600,39,0,0,0.0
P477826,Smashbox X Becca Under Eye Brightening Corrector,Smashbox,Makeup,33.0,4.1323,57822,39,0,0,0.0
P477827,Mini Soleil Neige Shimmering Body Oil,TOM FORD,Fragrance,34.0,4.4615,9658,27,0,0,0.0
P477829,SunnyDays SPF 30 Tinted Sunscreen Foundation,Tower 28 Beauty,Makeup,32.0,4.2277,102015,33,0,0,0.0
P477830,Superberry Dream Cleansing Balm,Youth To The People,Skincare,39.0,4.3869,30088,35,0,0,0.0
P477832,Tubéreuse Nue Travel Spray,TOM FORD,Fragrance,80.0,4.0117,2173,21,0,0,0.0
P477837,Ultra Suede Lipstick,MAKEUP BY MARIO,Makeup,26.0,4.2609,87541,31,0,0,0.0
P477838,Ultra Suede Sculpting Lip Pencil,MAKEUP BY MARIO,Makeup,24.0,4.717,131018,16,0,0,0.0
P477961,Get That Glow - GloPRO Facial Microneedling Discovery Set,BeautyBio,Skincare,199.0,4.7229,5836,45,0,0,0.0
P477985,A-Gloei Retinol Oil,Drunk Elephant,Skincare,72.0,4.5501,24791,6,0,0,0.0
P477988,GloWish Cheeky Vegan Soft Glow Powder Blush,HUDA BEAUTY,Makeup,21.0,4.0533,24911,37,0,0,0.0
P477989,GloWish Lightweight Blurring Pressed Powder,HUDA BEAUTY,Makeup,33.0,3.5852,22671,30,0,0,0.0
P477991,Precision Duo Contour Pot,Iconic London,Makeup,29.0,3.8273,10377,38,0,0,0.0
P478018,Glam Face & Eye Palette,Natasha Denona,Makeup,62.0,4.0171,42069,78,0,0,0.0
P478020,Lemon-Aid Makeup-Removing Cleansing Gel,Naturally Serious,Skincare,19.0,4.5522,2017,34,0,0,0.0
P478021,Sleepover Retin-Oil Nighttime Treatment,Naturally Serious,Skincare,39.0,4.7656,3771,31,0,0,0.0
P478029,Mini Fulvic Acid Brightening Cleanser,The INKEY List,Skincare,5.99,4.4203,18399,19,0,0,0.0
P478030,Mini Oat Cleansing Balm,The INKEY List,Skincare,5.99,3.6098,40474,20,0,0,0.0
P478046,Dylan Turquoise Ovetto Spray,Versace,Fragrance,33.0,5.0,5477,17,0,0,0.0
P478230,NORVINA Chroma Stix Makeup Pencils,Anastasia Beverly Hills,Makeup,18.0,4.186,21640,15,0,0,0.0
P478239,Vinopure Purifying Clay Mask,Caudalie,Skincare,42.0,4.6319,18954,23,0,0,0.0
P478260,Break from the Burnout Skin Wellness Set,Erno Laszlo,Skincare,75.0,5.0,673,142,0,0,0.0
P478269,Rising Star Sleep Travel Set,Erno Laszlo,Skincare,75.0,,1169,56,0,0,0.0
P478270,Big Break Soap Set,Erno Laszlo,Skincare,50.0,5.0,655,70,3,1,0.04285714285714286
P478274,GOOPGENES Clean Nourishing Lip Balm Trio,goop,Skincare,48.0,3.5556,3354,16,0,0,0.0
P478278,SWEET DIAMOND | 25 & UTOPIA VANILLA COCO | 21 Double Rollerball,KAYALI,Fragrance,27.0,3.8,11615,32,0,0,0.0
P478279,Glaze Dual Ended Eyeshadow Crayon,Iconic London,Makeup,30.0,4.3038,26052,36,0,0,0.0
P478296,Supernatural Lash Mascara,Melt Cosmetics,Makeup,24.0,3.8,3266,37,0,0,0.0
P478314,Luna Rossa Ocean Eau de Toilette Travel Spray,Prada,Fragrance,25.0,4.1429,3919,13,0,0,0.0
P478511,Brows & Lashes 3pc Kit,NUDESTIX,Makeup,32.0,4.3152,3226,93,0,0,0.0
P478522,Mini GloWish Soft Radiance Vegan Bronzing Powder,HUDA BEAUTY,Mini Size,17.0,3.4583,0,31,0,0,0.0
P478523,Mini NUDIES Roses 'N Honey Nudes 3pc Kit,NUDESTIX,Mini Size,29.0,4.3026,40664,77,0,0,0.0
P478532,GRO Hair Serum Trio for Thinning Hair,Vegamour,Hair,148.0,,822,25,0,0,0.0
P478535,Top Gloss Hair Shine Spray,amika,Hair,29.0,4.16,13053,19,0,0,0.0
P478536,Turn Up the Base Blurring Foundation,ONE/SIZE by Patrick Starrr,Makeup,35.0,4.2718,53463,29,0,0,0.0
P478722,Mini The Glam One Talc-Free Eyeshadow Palette,LAWLESS,Mini Size,25.0,4.3,11113,57,0,0,0.0
P478730,Mini Mascara 101 Lengthening and Lifting,Saie,Mini Size,16.0,4.3514,8472,19,0,0,0.0
P478731,Lactic Acid AHA Exfoliating Serum,Shani Darden Skin Care,Skincare,88.0,4.6299,9772,39,0,0,0.0
P478734,Ébène Fumé Eau de Parfum,TOM FORD,Fragrance,295.0,4.2469,8992,17,0,0,0.0
P479125,Mini Cloud Dew Oil-Free Gel Cream,Summer Fridays,Skincare,17.0,4.4613,12092,52,0,0,0.0
P479301,Stay Lit Liquid Eyeshadows,Artist Couture,Makeup,22.0,4.0,6040,20,0,0,0.0
P479304,Squalane + Copper Peptide Rapid Plumping Serum,Biossance,Skincare,68.0,4.4721,47526,32,0,0,0.0
P479308,Come Hell or High Water Volumizing Tubing Mascara,caliray,Makeup,24.0,4.2535,27795,20,0,0,0.0
P479309,Mini Come Hell or High Water Volumizing Tubing Mascara,caliray,Makeup,13.0,3.8221,16446,20,0,0,0.0
P479311,Twin Flames Liquid Eyeshadow,Danessa Myricks Beauty,Makeup,26.0,4.2991,62635,14,0,0,0.0
P479313,Advanced Retinol + Ferulic Intense Wrinkle Cream,Dr. Dennis Gross Skincare,Skincare,77.0,4.695,17314,64,0,0,0.0
P479314,APRÈS Eau de Parfum,Ellis Brooklyn,Fragrance,108.0,4.0704,4067,17,0,0,0.0
P479315,APRÈS Eau de Parfum Travel Spray,Ellis Brooklyn,Fragrance,32.0,4.0704,5474,17,0,0,0.0
P479318,10% Niacinamide Night Mask,Farmacy,Skincare,44.0,4.6759,56372,38,0,0,0.0
P479319,Pre-Show Glow Instant Retexturizing 10% AHA Treatment + Reusable Applicator,Fenty Skin,Skincare,42.0,4.4348,17786,25,0,0,0.0
P479320,Ingrown Hair Pads with BHA & AHA,First Aid Beauty,Bath & Body,20.0,4.5565,61100,20,3,1,0.15
P479327,Plum Plump Hyaluronic Acid Moisturizer,Glow Recipe,Skincare,39.0,4.4624,146036,65,0,0,0.0
P479329,Ultra Facial Overnight Hydrating Face Mask with 10.5% Squalane,Kiehl's Since 1851,Skincare,45.0,4.5461,29217,17,3,1,0.17647058823529413
P479330,Water Sleeping Mask with Squalane,LANEIGE,Skincare,32.0,4.3623,78940,34,0,0,0.0
P479331,Click Magnetic Faux Mink Eyelashes,Lilly Lashes,Makeup,30.0,2.8889,5454,1,0,0,0.0
P479332,Click Magnetic Liquid Eyeliner,Lilly Lashes,Makeup,34.0,2.5,2283,9,0,0,0.0
P479337,Afterglow Lip Shine Gloss,NARS,Makeup,26.0,4.5504,78803,250,0,0,0.0
P479338,Light Reflecting Advanced Skincare Foundation,NARS,Makeup,50.0,4.1005,281913,41,0,0,0.0
P479339,Strength Trainer Peptide Boost Moisturizer,OLEHENRIKSEN,Skincare,51.0,4.5522,47908,72,0,0,0.0
P479340,Retinol Face Stick,Peace Out,Skincare,34.0,4.5148,28434,26,0,0,0.0
P479343,Warm Wishes Effortless Bronzer Sticks,Rare Beauty by Selena Gomez,Makeup,26.0,4.5792,361417,24,0,0,0.0
P479345,Always an Optimist Soft Radiance Setting Powder,Rare Beauty by Selena Gomez,Makeup,25.0,4.587,100708,22,0,0,0.0
P479348,Acne+ 2% BHA and Azelaic Acid Acne Spot Treatment,Skinfix,Skincare,30.0,4.6306,26189,29,0,0,0.0
P479349,Coconut Cove Eau de Parfum,SKYLAR,Fragrance,90.0,4.2892,10743,60,0,0,0.0
P479350,Coconut Cove Eau de Parfum Rollerball,SKYLAR,Fragrance,30.0,4.286,12058,60,0,0,0.0
P479351,Daily Dose Hydra-Ceramide Boost + SPF 40 Sunscreen Oil PA+++,Supergoop!,Skincare,46.0,4.3783,23310,30,0,0,0.0
P479352,The Texture Tonic AHA Liquid Exfoliating Treatment,Tatcha,Skincare,62.0,4.6484,30103,41,0,0,0.0
P479353,Hyaluronic Acid Cleanser,The INKEY List,Skincare,10.99,4.1735,18857,19,0,0,0.0
P479354,Omega Water Cream Moisturizer,The INKEY List,Skincare,10.99,4.073,42831,17,0,0,0.0
P479355,High Roller Ingrown Hair Tonic with AHA and BHA,Topicals,Bath & Body,26.0,4.5749,72114,18,3,1,0.16666666666666666
P479358,Flowerbomb Ruby Orchid Eau de Parfum,Viktor&Rolf,Fragrance,180.0,4.5138,36283,17,0,0,0.0
P479361,Eye Pod Eyeshadow Singles,Westman Atelier,Makeup,32.0,3.04,4888,14,0,0,0.0
P479362,Triple Peptide Hydrating + Firming Oasis Serum with Hyaluronic Acid,Youth To The People,Skincare,54.0,4.5142,55041,46,0,0,0.0
P479462,Brow Trio Eyebrow Liner,Valentino,Makeup,40.0,4.5476,5176,45,0,0,0.0
P479463,Color Flip Eyeshadow Palette,Valentino,Makeup,98.0,4.3837,2424,81,0,0,0.0
P479464,Complete Nourishing Hair Oil Shine Drops,JVN,Hair,24.0,4.4536,51372,22,0,0,0.0
P479469,Detox Hair & Scalp Treatment Set,BREAD BEAUTY SUPPLY,Hair,58.0,4.1,2931,61,0,0,0.0
P479471,Dreamdust Glitter Eyeshadow,Valentino,Makeup,32.0,4.0209,7235,25,0,0,0.0
P479472,Dreamdust Lip and Cheek Loose Glitter,Valentino,Makeup,32.0,,2004,17,0,0,0.0
P479473,Eye2Cheek Eyeshadow and Blush,Valentino,Makeup,52.0,4.3627,20785,33,0,0,0.0
P479474,Flowerbomb Ruby Orchid Eau de Parfum Travel Spray,Viktor&Rolf,Fragrance,35.0,4.5138,19856,17,0,0,0.0
P479479,Go-Clutch Finishing Powder Refill Pan,Valentino,Makeup,50.0,4.0,2410,31,0,0,0.0
P479480,Go-Clutch Refillable Radiant Setting Powder,Valentino,Makeup,205.0,2.6667,2097,31,0,0,0.0
P479487,Magnificent Smudgeproof Volumizing Mascara,Valentino,Makeup,32.0,4.2562,3109,35,0,0,0.0
P479491,Mini Rosso Valentino Lipstick,Valentino,Mini Size,25.0,3.5,6894,33,0,0,0.0
P479496,Potentialiste Hydrating & Soothing Scalp Serum,Kérastase,Hair,58.0,,0,26,0,0,0.0
P479498,REPLICA' When the Rain Stops,Maison Margiela,Fragrance,160.0,3.9856,26606,20,0,0,0.0
P479499,REPLICA' When the Rain Stops Travel Spray,Maison Margiela,Fragrance,35.0,3.9856,12729,20,0,0,0.0
P479500,Rosso Valentino Lipstick Refill,Valentino,Makeup,30.0,4.4552,2140,33,0,0,0.0
P479501,Rosso Valentino High Pigment Refillable Lipstick,Valentino,Makeup,45.0,4.5093,31262,38,0,0,0.0
P479508,Twin Liner Gel and Liquid Eyeliner,Valentino,Makeup,40.0,4.2576,10108,40,0,0,0.0
P479510,V-Lighter Illuminating Face Primer and Highlighter with Hyaluronic Acid,Valentino,Makeup,58.0,4.2638,4000,37,0,0,0.0
P479628,Restructuring Bond Repair Masque,ALTERNA Haircare,Hair,50.0,4.871,1611,44,0,0,0.0
P479632,Pore Remedy PHA Exfoliating Serum,Dr. Jart+,Skincare,45.0,4.1694,17936,19,0,0,0.0
P479633,Pore Remedy Purifying Mud Mask,Dr. Jart+,Skincare,9.0,4.1781,18287,30,0,0,0.0
P479634,Liquid Killawatt Fluid Freestyle Highlighter,Fenty Beauty by Rihanna,Makeup,32.0,3.3455,23484,99,0,0,0.0
P479643,RISE Lifting + Lengthening Mascara,MILK MAKEUP,Makeup,28.0,4.1868,11446,39,0,0,0.0
P479645,Targeted Wrinkle Corrector,Murad,Skincare,79.0,4.7252,10901,27,0,0,0.0
P479646,Mini City Skin Age Defense Broad Spectrum SPF 50 PA++++,Murad,Skincare,25.0,4.3333,5567,44,0,0,0.0
P479649,Big By Definition Defining & Volumizing Mascara,SEPHORA COLLECTION,Makeup,12.0,3.9957,14635,27,0,0,0.0
P479655,Rose D'Amalfi Eau De Parfum,TOM FORD,Fragrance,295.0,4.1618,4251,19,0,0,0.0
P479688,AHA Peeling Masks,SEPHORA COLLECTION,Skincare,10.0,3.6923,10299,23,0,0,0.0
P479692,Awaken Peptide Depuffing Eye Gel,Dermalogica,Skincare,59.0,4.7033,8685,34,0,0,0.0
P479693,Black Opium Illicit Green Eau de Parfum,Yves Saint Laurent,Fragrance,138.0,4.5849,17255,23,0,0,0.0
P479695,BLEU DE CHANEL After Shave Lotion,CHANEL,Fragrance,68.0,1.0,1040,17,0,0,0.0
P479696,Brighten Trial Kit,Murad,Skincare,52.0,5.0,3779,174,0,0,0.0
P479697,Calm the F*ck Down Everyday Body Wash,By Rosie Jane,Bath & Body,25.0,3.7333,3920,30,0,0,0.0
P479700,Don't Despair Repair Rice Water Protein + Moisture Strengthening Treatment,Briogeo,Hair,44.0,4.608,70690,54,0,0,0.0
P479701,EradiKate Acne Mark Fading Gel with Salicylic Acid,Kate Somerville,Skincare,68.0,4.7011,4497,46,3,1,0.06521739130434782
P479703,EradiKate Clarifying Acne Gel Cleanser with Salicylic Acid,Kate Somerville,Skincare,44.0,4.6709,2655,45,3,1,0.06666666666666667
P479705,Even Smoother Glycolic Retinol Resurfacing Peel Pads,Peter Thomas Roth,Skincare,52.0,4.6009,7622,18,0,0,0.0
P479706,Even Smoother Glycolic Retinol Resurfacing Serum,Peter Thomas Roth,Skincare,65.0,4.5803,5185,48,0,0,0.0
P479707,Eyelights Cream Eyeshadow,rms beauty,Makeup,28.0,4.6222,23855,18,0,0,0.0
P479710,Good Girl Gone Bad Travel Spray,KILIAN Paris,Fragrance,50.0,,0,17,0,0,0.0
P479711,Hand Balm with Shea Butter,SEPHORA COLLECTION,Bath & Body,6.0,4.1228,13119,23,0,0,0.0
P479712,HD Skin Undetectable Longwear Foundation,MAKE UP FOR EVER,Makeup,45.0,4.0891,157773,35,0,0,0.0
P479713,Her Eau De Toilette,BURBERRY,Fragrance,133.0,4.2273,14305,14,0,0,0.0
P479715,High Impact Mascara Mini,CLINIQUE,Mini Size,12.0,4.1429,4110,46,0,0,0.0
P479717,EDEN JUICY APPLE | 01,KAYALI,Fragrance,125.0,3.8497,36431,14,0,0,0.0
P479718,EDEN JUICY APPLE  | 01 Travel Spray,KAYALI,Fragrance,25.0,3.8497,34928,14,0,0,0.0
P479722,Mandelic Acid Treatment,The INKEY List,Skincare,11.99,4.4615,23101,30,0,0,0.0
P479723,Mini Detox Shampoo,OUAI,Hair,14.0,4.4808,42969,34,0,0,0.0
P479725,Mini Good Behavior Spirulina Protein Anti-Frizz Smoothing Spray,IGK,Hair,16.0,3.0,3287,23,0,0,0.0
P479731,Rosie Everyday Body Wash,By Rosie Jane,Bath & Body,25.0,4.1,1386,30,0,0,0.0
P479732,Salicylic Acid 2% Anhydrous Solution Pore Clearing Serum,The Ordinary,Skincare,7.2,3.8389,109679,9,3,1,0.3333333333333333
P479734,Smart Clinical Repair Wrinkle Correcting Eye Cream,CLINIQUE,Skincare,57.0,4.24,3109,70,0,0,0.0
P479735,"Don’t Despair, Repair! Strength + Repair Solutions Set",Briogeo,Hair,79.0,4.3218,21772,203,0,0,0.0
P479736,Wake the F*ck Up Everyday Body Wash,By Rosie Jane,Bath & Body,25.0,4.125,4567,30,0,0,0.0
P479827,The POREfessional: Lite Primer Water-Based Pore Primer,Benefit Cosmetics,Makeup,34.0,4.1515,3791,21,0,0,0.0
P479828,The POREfessional: Mini Lite Primer Water-Based Pore Primer,Benefit Cosmetics,Mini Size,14.0,3.8333,4968,20,0,0,0.0
P479829,The Bond-Building Repair Trio,Bumble and bumble,Hair,28.0,3.8571,4488,123,0,0,0.0
P479830,Bond-Building Repair Shampoo,Bumble and bumble,Hair,34.0,4.7016,6161,41,0,0,0.0
P479831,Bond-Building Repair Conditioner,Bumble and bumble,Hair,35.0,4.8353,6147,34,0,0,0.0
P479832,Bond-Building Repair Treatment,Bumble and bumble,Hair,35.0,4.8505,6440,45,0,0,0.0
P479833,Bond-Building Repair Styling Cream,Bumble and bumble,Hair,34.0,4.741,3189,50,0,0,0.0
P479834,Mini Bb. Heat Shield Thermal Protection Mist,Bumble and bumble,Hair,17.0,4.25,6265,32,0,0,0.0
P479835,Surfproof Easy Glider Eye Definer Waterproof Eyeliner Pencil,caliray,Makeup,20.0,4.1921,13173,20,0,0,0.0
P479836,Lost in Paradise Eau de Parfum,World of Chris Collins,Fragrance,175.0,4.2727,1685,21,0,0,0.0
P479837,Lost in Paradise Eau de Parfum Travel Spray,World of Chris Collins,Fragrance,50.0,4.2,1732,21,0,0,0.0
P479839,Revitalizing Supreme+ Youth Power Creme Moisturizer,Estée Lauder,Skincare,98.0,4.3202,4961,57,0,0,0.0
P479840,Hydrating Eye Cream with Hyaluronic Acid,First Aid Beauty,Skincare,30.0,3.8429,17841,34,0,0,0.0
P479841,Floral Recovery Overnight Mask with Squalane,fresh,Skincare,69.0,4.797,30022,31,0,0,0.0
P479843,Liquid Matte Ultra-Comfort Transfer-proof Lipstick,HUDA BEAUTY,Makeup,23.0,4.1166,85763,33,0,0,0.0
P479846,Leave-In Molecular Repair Hair Mask,K18 Biomimetic Hairscience,Hair,75.0,4.2902,102418,21,0,0,0.0
P479847,Mini Leave-In Molecular Repair Hair Mask,K18 Biomimetic Hairscience,Hair,29.0,4.2902,103695,21,0,0,0.0
P479848,Chroma Absolu High Shine Gloss Treatment for Color-Treated Hair,Kérastase,Hair,55.0,4.4069,25953,20,0,0,0.0
P479852,Melrose Place Moisturizing Body Cream,OUAI,Bath & Body,38.0,4.7096,22152,36,0,0,0.0
P479853,Melrose Place Gentle Body Wash,OUAI,Bath & Body,28.0,4.5152,22179,29,0,0,0.0
P479854,Ultimate Gel Waterproof Eyeliner Pencil,SEPHORA COLLECTION,Makeup,13.0,4.0843,51096,26,0,0,0.0
P479855,Outrageous Plump Intense Hydrating Lip Gloss,SEPHORA COLLECTION,Makeup,13.0,4.2647,30453,22,0,0,0.0
P479856,Charged Up Liquid Eyeshadow,SEPHORA COLLECTION,Makeup,12.0,4.1176,26429,25,0,0,0.0
P479857,Golden Hour Highlighter Duo,SEPHORA COLLECTION,Makeup,18.0,4.12,12302,33,0,0,0.0
P479860,Mini Barrier+ Triple Lipid-Peptide Face Cream,Skinfix,Skincare,20.0,4.2924,33646,46,0,0,0.0
P479861,The Bright Set,The Ordinary,Skincare,40.7,4.0625,24451,93,0,0,0.0
P479863,Lash Clash Extreme Volume Mascara,Yves Saint Laurent,Makeup,29.0,4.2679,30837,28,0,0,0.0
P479903,Mini Phoenix Rosehip Anti-Aging Face Oil - For Dry Skin,Herbivore,Skincare,60.0,4.4169,3119,9,0,0,0.0
P479904,Mini Lapis Blue Tansy Face Oil - For Oily & Acne-Prone Skin,Herbivore,Skincare,15.0,4.2461,4593,8,0,0,0.0
P479946,Self Tanning Face & Body Tinted Gel,Clarins,Skincare,42.0,5.0,1606,20,0,0,0.0
P479947,Self Tanning Face & Body Milky Lotion,Clarins,Skincare,42.0,3.6667,732,27,0,0,0.0
P479950,Liquid Glass Instant Glossing Rinse,Drybar,Hair,34.0,4.3,12517,59,0,0,0.0
P479951,Liquid Glass Moisture-Rich Miracle Smoothing Sealant,Drybar,Hair,34.0,4.675,7294,34,0,0,0.0
P479964,Superhero No-Tug Waterproof Eyeshadow Stick,IT Cosmetics,Makeup,24.0,4.5321,15506,45,0,0,0.0
P479969,Complete Hydration Hair Set,JVN,Hair,24.0,3.2826,10396,115,0,0,0.0
P479971,Rénergie H.C.F. Triple Serum: For Plumping & Anti-Aging,Lancôme,Skincare,140.0,4.4419,9070,54,0,0,0.0
P479972,Tinted Moisturizer Light Revealer Natural Skin Illuminator Broad Spectrum SPF 25,Laura Mercier,Makeup,53.0,4.2297,9644,34,0,0,0.0
P479973,"Mini Facial Spray with Aloe Adaptogens, and Coconut Water",Mario Badescu,Skincare,7.0,3.6,5440,23,0,0,0.0
P479974,Brightening Eye Serum,Mario Badescu,Skincare,24.0,3.2857,2532,33,0,0,0.0
P479976,Mini Biba Eyeshadow Palette,Natasha Denona,Mini Size,27.0,4.4091,29327,90,0,0,0.0
P479978,Hair Alchemy Strengthening Treatment Serum,Oribe,Hair,66.0,4.4741,14831,86,0,0,0.0
P479982,Photo Finish Control Mattifying Face Primer with Salicylic Acid,Smashbox,Makeup,42.0,4.3884,6664,49,3,1,0.061224489795918366
P479983,Photo Finish Correct Anti-Redness Face Primer,Smashbox,Makeup,42.0,3.9269,5941,51,0,0,0.0
P479984,Photo Finish Illuminate Glow Face Primer,Smashbox,Makeup,42.0,4.4146,2829,56,0,0,0.0
P479985,Photo Finish Primerizer+ Hydrating Face Primer with Hyaluronic Acid,Smashbox,Makeup,42.0,4.5432,8883,36,0,0,0.0
P479986,Mini Photo Finish Correct Anti-Redness Face Primer,Smashbox,Mini Size,16.0,3.9269,5363,51,0,0,0.0
P479987,Mini Photo Finish Illuminate Glow Face Primer,Smashbox,Mini Size,16.0,4.4146,3454,56,0,0,0.0
P479988,Mini Photo Finish Control Mattifying Face Primer with Salicylic Acid,Smashbox,Mini Size,16.0,4.3884,6715,49,3,1,0.061224489795918366
P479989,Mini Photo Finish Primerizer+ Hydrating Face Primer with Hyaluronic Acid,Smashbox,Mini Size,16.0,4.5432,13260,36,0,0,0.0
P479990,Brazilian Glossy Nourishing Anti-Frizz Hair Oil,Sol de Janeiro,Hair,34.0,4.0191,63451,20,0,0,0.0
P479994,Shimmering Light Highlighter,tarte,Makeup,32.0,4.6,7591,16,0,0,0.0
P479998,Amazonian Clay 16-Hour Full Coverage Foundation Custom Value Set,tarte,Makeup,39.0,2.0,4699,82,0,0,0.0
P480000,Candy Glaze Lip Gloss Stick,Yves Saint Laurent,Makeup,39.0,4.5525,42901,31,0,0,0.0
P480150,Liquid Gold Midnight Reboot Serum with 14% Glycolic Acid and Tripeptide-5,Alpha-H,Skincare,105.0,5.0,3928,29,0,0,0.0
P480151,Mini My Way & Acqua di Gioia Perfume Duo,Armani Beauty,Fragrance,32.0,4.6087,27319,46,0,0,0.0
P480152,The Shampoo,Augustinus Bader,Hair,57.0,3.8368,1330,36,0,0,0.0
P480153,The Conditioner,Augustinus Bader,Hair,57.0,3.7714,879,38,0,0,0.0
P480154,The Scalp Treatment,Augustinus Bader,Hair,83.0,3.9785,1819,44,0,0,0.0
P480160,Premier Cru Anti Aging Cream Moisturizer with Hyaluronic Acid,Caudalie,Skincare,129.0,4.6379,20963,34,0,0,0.0
P480162,Cica Recover & Repair Multi-Use Balm,Dior,Skincare,60.0,4.6416,3512,26,0,0,0.0
P480163,Dior Homme Sport,Dior,Fragrance,130.0,4.4665,2039,19,0,0,0.0
P480165,Healthy Skin Starter Kit,Farmacy,Skincare,42.0,4.7653,20010,152,3,1,0.019736842105263157
P480166,Mini Hydra Vizor Invisible Moisturizer Broad Spectrum SPF 30 Sunscreen with Niacinamide,Fenty Skin,Skincare,25.0,3.7857,11380,40,0,0,0.0
P480170,Guilty Pour Femme Eau de Parfum Intense,Gucci,Fragrance,165.0,3.9467,5170,24,0,0,0.0
P480171,Guilty Pour Homme Parfum,Gucci,Fragrance,175.0,4.4,2282,12,0,0,0.0
P480174,Waves of Clarity Skincare Set,Herbivore,Skincare,32.0,4.5,5295,76,0,0,0.0
P480175,"Intensive Daily Repair Body Butter for Eczema, Extra Dry, and Sensitive Skin",Josie Maran,Bath & Body,46.0,4.8418,8645,20,0,0,0.0
P480176,Mini Calendula Deep Clean Foaming Face Wash,Kiehl's Since 1851,Skincare,18.0,5.0,3514,18,0,0,0.0
P480177,Super Multi-Corrective Anti-Aging Eye Cream,Kiehl's Since 1851,Skincare,60.0,4.5714,22539,40,0,0,0.0
P480178,Apple Brandy Eau de Parfum Travel Spray,KILIAN Paris,Fragrance,50.0,4.4,10759,10,0,0,0.0
P480179,Angels Share Eau De Parfum Travel Spray,KILIAN Paris,Fragrance,50.0,4.3162,36341,11,0,0,0.0
P480180,Jumbo Translucent Loose Setting Powder & Velour Puff,Laura Mercier,Makeup,49.0,4.3571,25735,21,0,0,0.0
P480182,REPLICA' Memory Box Perfume Set,Maison Margiela,Fragrance,39.0,3.966,76741,193,0,0,0.0
P480188,Airset Radiant Loose Setting Powder,Saie,Makeup,30.0,4.4662,35164,14,0,0,0.0
P480190,Clean Vegan Hydrating Satin Lipstick,SEPHORA COLLECTION,Makeup,12.0,4.102,25416,22,0,0,0.0
P480191,Contour Restore Tightening & Sculpting Moisturizing Face Cream,StriVectin,Skincare,99.0,4.7708,2824,57,0,0,0.0
P480192,Light Aura Vitamin C + Peptide Eye Cream,Summer Fridays,Skincare,42.0,4.3596,40911,57,0,0,0.0
P480195,Flourish Density Booster for Healthy Hair Growth,Virtue,Hair,50.0,4.4342,12932,55,0,0,0.0
P480274,GENIUS Liquid Skin Resurfacing 2% BHA Toner,Algenist,Skincare,40.0,4.7939,4693,29,3,1,0.10344827586206896
P480275,Mini Perk Up Talc-Free Dry Shampoo,amika,Hair,15.0,3.4286,4709,15,0,0,0.0
P480278,Rapid Radiance Set,Biossance,Skincare,35.0,4.1324,55347,77,0,0,0.0
P480279,Radiantly Rose Duo Set,Biossance,Skincare,25.0,3.7,10973,30,0,0,0.0
P480280,Mini Squalane + Omega Repair Deep Hydration Moisturizer,Biossance,Skincare,20.0,3.2333,14541,26,0,0,0.0
P480281,Skin Concealer Stick,Bobbi Brown,Makeup,33.0,4.6413,21359,21,0,0,0.0
P480282,Skin Corrector Stick,Bobbi Brown,Makeup,33.0,4.7367,26936,21,0,0,0.0
P480284,Premier Cru Anti-Aging Serum with Niacinamide and Hyaluronic Acid,Caudalie,Skincare,139.0,4.75,12449,27,0,0,0.0
P480285,Premier Cru Dark Circle Correcting Eye Cream,Caudalie,Skincare,85.0,4.6139,29708,36,0,0,0.0
P480286,Beautiful Skin Medium Coverage Liquid Foundation with Hyaluronic Acid,Charlotte Tilbury,Makeup,49.0,3.835,142216,39,0,0,0.0
P480289,Mini Acne Solutions Cleansing Foam,CLINIQUE,Skincare,11.0,4.0,1874,27,0,0,0.0
P480295,Dolce Lily Eau De Toilette,Dolce&Gabbana,Fragrance,82.0,4.6351,4927,20,0,0,0.0
P480300,Faceshot Electric Microneedling Device + Vitamin Ampoules,FaceGym,Skincare,275.0,4.5405,5049,5,0,0,0.0
P480301,Mini Deep Sweep 2% BHA Pore Cleaning Toner with Moringa + Papaya,Farmacy,Skincare,16.0,4.4835,17610,22,3,1,0.13636363636363635
P480302,Mini Clearly Clean Makeup Removing Cleansing Balm,Farmacy,Mini Size,24.0,4.6494,8502,26,0,0,0.0
P480303,Fenty Icon The Fill Semi-Matte Refillable Lipstick,Fenty Beauty by Rihanna,Makeup,20.0,4.3253,55002,39,0,0,0.0
P480306,Gucci Matte Primer,Gucci,Makeup,60.0,4.4026,4834,31,3,1,0.0967741935483871
P480308,Lip Wrap Reviving Balm,ILIA,Makeup,24.0,4.3884,27194,14,0,0,0.0
P480310,Hydrate + Repair Moisture Face Mist with Blue Light Protection,Jouer Cosmetics,Makeup,35.0,3.3333,2274,28,0,0,0.0
P480311,Mini Hydrate + Repair Moisture Face Mist with Blue Light Protection,Jouer Cosmetics,Makeup,20.0,2.6667,2537,28,0,0,0.0
P480313,Chroma Absolu Shampoo for Medium to Thick Color-Treated Hair,Kérastase,Hair,40.0,4.2101,4792,22,3,1,0.13636363636363635
P480314,Chroma Absolu Strengthening Conditioner for Color-Treated Hair,Kérastase,Hair,46.0,4.4225,11504,28,0,0,0.0
P480315,Chroma Absolu Strengthening Mask for Color-Treated Hair,Kérastase,Hair,68.0,4.4211,6892,21,0,0,0.0
P480316,Chroma Absolu Anti-Copper Green Mask for Color-Treated Hair,Kérastase,Hair,52.0,3.8906,2086,25,0,0,0.0
P480317,Chroma Absolu Anti-Frizz Leave-In Treatment for Color-Treated Hair,Kérastase,Hair,45.0,4.4127,12578,27,0,0,0.0
P480318,Chroma Absolu Shampoo for Fine to Medium Color-Treated Hair,Kérastase,Hair,40.0,4.3677,12393,29,3,1,0.10344827586206896
P480321,Tropical Cocount Melt,Kopari,Bath & Body,29.0,3.25,2937,2,0,0,0.0
P480326,Forget The Filler Overnight Lip Plumping Mask,LAWLESS,Makeup,22.0,4.4308,91177,50,0,0,0.0
P480330,Grab and Go Set,Mario Badescu,Skincare,22.0,,787,33,3,1,0.09090909090909091
P480331,Golden Nectar Eau de Parfum Travel Spray,NEST New York,Fragrance,30.0,4.2,11574,12,0,0,0.0
P480332,Golden Nectar Eau de Parfum,NEST New York,Fragrance,86.0,4.2,14849,12,0,0,0.0
P480335,Perfume Rollerball Set,NEST New York,Fragrance,23.0,4.5217,11277,46,0,0,0.0
P480336,No. 3 & No. 8 Hair Repair Remedies Set,Olaplex,Hair,56.0,4.0938,45509,89,0,0,0.0
P480338,Styling Custard Hair Gel,PATTERN by Tracee Ellis Ross,Hair,25.0,4.3529,3220,23,0,0,0.0
P480345,Skin Enhance Luminous Skin Tint Serum Foundation,ROSE INC,Makeup,49.0,4.2818,48066,33,0,0,0.0
P480346,SuperFruit Gentle Brightening Cleanser,ROSE Ingleton MD,Skincare,38.0,4.7143,2610,21,0,0,0.0
P480347,2-in-1 Brush-on Lash Adhesive,SEPHORA COLLECTION,Makeup,8.0,2.8182,4791,2,0,0,0.0
P480353,Synchro Skin Self-Refreshing Tint SPF 20,Shiseido,Makeup,43.0,4.4185,20650,42,0,0,0.0
P480354,Glow Facial Set,Tata Harper,Skincare,98.0,3.0,1476,63,0,0,0.0
P480355,The Essence Skincare Boosting Treatment – Lunar New Year Edition,Tatcha,Skincare,110.0,5.0,5440,8,0,0,0.0
P480358,Mini Debloat+ Anti-Bloat Supplement with Digestive Enzymes,The Nue Co.,Skincare,18.0,4.6,6299,24,0,0,0.0
P480363,Too Femme Heart Core Lipstick,Too Faced,Makeup,26.0,4.625,27088,39,0,0,0.0
P480365,Born in Roma Coral Fantasy Eau de Parfum,Valentino,Fragrance,156.0,4.6933,24668,17,0,0,0.0
P480368,Flourish Volumizing Keratin Shampoo for Thinning Hair,Virtue,Hair,44.0,4.7065,5888,48,0,0,0.0
P480369,Flourish Volumizing & Detangling Conditioner for Thinning Hair,Virtue,Hair,46.0,4.8372,3877,77,0,0,0.0
P480370,Flourish Minoxidil 5% Hair Growth Treatment,Virtue,Hair,30.0,3.8333,5060,12,0,0,0.0
P480371,Flourish Minoxidil 5% Hair Growth Treatment Set,Virtue,Hair,58.0,4.2,3256,12,0,0,0.0
P480372,Flourish Volumizing Heat Protectant Styler,Virtue,Hair,42.0,4.0,1683,51,0,0,0.0
P480374,Flourish Hair Growth Treatment Set with Monixidil,Virtue,Hair,65.0,4.5185,3774,140,0,0,0.0
P480375,Flourish Hair Rejuvenation Treatment Set for Volume,Virtue,Hair,65.0,4.6463,4373,183,0,0,0.0
P480440,Advanced Revitalizing Cleanser,Dr. Lara Devgan Scientific Beauty,Skincare,65.0,,217,30,0,0,0.0
P480441,Retinol + Bakuchiol Serum 2.5x,Dr. Lara Devgan Scientific Beauty,Skincare,300.0,3.0,581,13,0,0,0.0
P480444,Honey Potion Plus Ceramide Hydration Mask,Farmacy,Skincare,60.0,4.0,32523,22,0,0,0.0
P480445,Smooth + FAB Travel Size Duo,First Aid Beauty,Skincare,20.0,5.0,6327,57,0,0,0.0
P480447,10 + 10 Moisturizer with 10% Vitamin C + 10% Peptide Complex + Ceramides,iNNBEAUTY PROJECT,Skincare,35.0,4.5646,13877,40,0,0,0.0
P480450,The Lip Polish,La Mer,Makeup,75.0,4.9091,5715,75,0,0,0.0
P480454,Mini Curl Shampoo,Living Proof,Hair,17.0,4.2236,1394,42,0,0,0.0
P480455,Mini Curl Conditioner,Living Proof,Hair,17.0,4.2829,1380,46,0,0,0.0
P480456,Mini Curl Definer Conditioning Cream,Living Proof,Hair,19.0,4.4411,4609,38,0,0,0.0
P480461,Retinol Youth Renewal Eye Masks,Murad,Skincare,42.0,4.6294,20483,34,0,0,0.0
P480462,Mini Light Reflecting Setting Powder,NARS,Makeup,20.0,3.5294,16083,24,0,0,0.0
P480463,The Deodorant Gel - With 5% Alpha Hydroxy Acid (AHA) and Niacinamide,Nécessaire,Bath & Body,15.0,4.1638,45229,23,0,0,0.0
P480464,Peace Perfume Discovery Set,The 7 Virtues,Fragrance,29.0,4.4875,17035,92,0,0,0.0
P480465,Growth Phase Hair Supplement,The Nue Co.,Hair,65.0,4.55,4403,16,0,0,0.0
P480466,Supa Thick Scalp Serum,The Nue Co.,Hair,45.0,4.6905,10283,32,0,0,0.0
P480529,Power Mist Hydrating Hand Sanitizer,Touchland,Bath & Body,10.0,4.2429,95944,12,0,0,0.0
P480530,Glow Mist Rejuvenating Hand Sanitizer,Touchland,Bath & Body,16.0,4.1591,21810,17,0,0,0.0
P480576,Matte & Satin Velvet Lipstick,Anastasia Beverly Hills,Makeup,23.0,4.6062,73493,23,0,0,0.0
P480578,Blossom & Bloom Volumize + Lift Hair Care Travel Kit,Briogeo,Hair,25.0,2.8333,4140,73,0,0,0.0
P480579,Freedreaming Clean Blurring Skin Tint,caliray,Makeup,40.0,4.2713,20139,33,0,0,0.0
P480580,Glazed and Infused No Burn Plumping Lip Gloss,caliray,Makeup,19.0,4.3937,35599,22,0,0,0.0
P480589,The Dry Shampoo,Crown Affair,Hair,36.0,3.9804,14747,15,0,0,0.0
P480590,The Hair Oil,Crown Affair,Hair,40.0,4.6504,6922,5,0,0,0.0
P480591,The Renewal Hydrating Hair Mask,Crown Affair,Hair,58.0,4.7143,4894,18,0,0,0.0
P480594,The Ritual Shampoo,Crown Affair,Hair,36.0,4.2544,5313,15,0,0,0.0
P480595,The Ritual Conditioner,Crown Affair,Hair,36.0,4.3077,4015,19,0,0,0.0
P480599,Lip Maximizer Serum,Dior,Makeup,40.0,3.8,20712,35,0,0,0.0
P480603,2-in-1 Cleansing Oil + Makeup Remover,First Aid Beauty,Skincare,26.0,3.6081,9294,18,0,0,0.0
P480604,FAB Faves Trio,First Aid Beauty,Skincare,30.0,4.0,3738,84,0,0,0.0
P480606,goopglow Cloudberry Exfoliating Jelly Cleanser,goop,Skincare,35.0,4.0194,2403,33,0,0,0.0
P480607,Skin in the Clouds Set,Herbivore,Skincare,32.0,4.1429,10728,75,0,0,0.0
P480608,Equilibrium Instant Plumping Eye Mask,Hourglass,Skincare,68.0,4.4719,3935,13,0,0,0.0
P480609,Vanish Airbrush Primer,Hourglass,Makeup,58.0,4.6392,40639,20,0,0,0.0
P480610,Hello Results Baby-Smooth Glycolic Peel + Caring Oil,IT Cosmetics,Skincare,59.0,4.5,2199,31,0,0,0.0
P480612,Santorini Grape Poreless Skin Cream,KORRES,Skincare,38.5,4.4026,5890,39,3,1,0.07692307692307693
P480613,The Treatment Lotion,La Mer,Skincare,180.0,4.6439,8097,70,0,0,0.0
P480618,Triple Fix Brightening Concealer,LYS Beauty,Makeup,19.0,4.3865,35749,37,0,0,0.0
P480627,Weightless Body Treatment 2% BHA,Paula's Choice,Bath & Body,29.0,4.6667,13376,29,3,1,0.10344827586206896
P480628,10% Niacinamide Booster,Paula's Choice,Skincare,49.0,4.7526,9601,26,0,0,0.0
P480629,Dark Spots Serum,Peace Out,Skincare,29.0,4.2262,7931,30,0,0,0.0
P480630,Mini Jet Lag Mask,Summer Fridays,Skincare,26.0,4.0262,2900,33,0,0,0.0
P480632,Lotus Pear Eau de Parfum Rollerball,The 7 Virtues,Fragrance,32.0,4.4679,6982,14,0,0,0.0
P480633,Lotus Pear Eau de Parfum,The 7 Virtues,Fragrance,88.0,4.4679,9133,14,0,0,0.0
P480634,Hyaluronic Acid Hydrating Hair Treatment,The INKEY List,Hair,10.99,4.2604,24725,12,0,0,0.0
P480635,Peptide Volumizing Hair Treatment,The INKEY List,Hair,13.99,4.1679,14511,20,0,0,0.0
P480636,Salicylic Acid Exfoliating Scalp Treatment,The INKEY List,Hair,15.99,3.9797,56979,15,3,1,0.2
P480637,Caffeine Stimulating Scalp Treatment,The INKEY List,Hair,15.99,4.0615,18215,15,0,0,0.0
P480638,PCA Bond Repair Hair Treatment,The INKEY List,Hair,13.99,3.2581,10599,25,0,0,0.0
P480642,Ghost Exfoliating Scalp Serum,Verb,Hair,20.0,4.5912,10106,50,0,0,0.0
P480986,Firming Eye Cream with Peptides,SEPHORA COLLECTION,Skincare,18.0,4.1364,15171,26,0,0,0.0
P481055,Mediterranean Honeysuckle Mimosa Eau de Parfum,AERIN,Fragrance,135.0,3.2,3178,18,0,0,0.0
P481056,Mediterranean Honeysuckle Mimosa Eau de Parfum Travel Spray,AERIN,Fragrance,30.0,,0,18,0,0,0.0
P481058,Mini Melt Moisturizer with Bakuchiol and Squalane,alpyn beauty,Skincare,25.0,4.5806,7054,45,0,0,0.0
P481060,The Eyelighter Concentrate,BeautyBio,Skincare,58.0,4.6909,6812,29,0,0,0.0
P481062,"Clean Skin, Fresh Start Acne Solutions Kit",CLINIQUE,Skincare,24.5,3.0,2441,65,3,1,0.046153846153846156
P481064,High Impact Easy Liquid Eyeliner,CLINIQUE,Makeup,24.0,3.6429,3556,37,0,0,0.0
P481065,High Impact Lash Amplifying Serum,CLINIQUE,Makeup,49.0,4.0667,3712,49,0,0,0.0
P481066,High Impact Zero Gravity Mascara,CLINIQUE,Makeup,25.0,3.8,1000,38,0,0,0.0
P481075,Arousal Serum,Dame,Bath & Body,30.0,4.4141,4499,17,0,0,0.0
P481077,Capture Totale Intensive Essence Lotion,Dior,Skincare,80.0,4.0,2108,36,0,0,0.0
P481078,Sauvage Shower Wash,Dior,Bath & Body,50.0,4.5,4281,25,0,0,0.0
P481079,Sauvage After Shave Balm,Dior,Men,70.0,,909,26,0,0,0.0
P481081,Revitalizing Supreme+ Night Intensive Restorative Crème,Estée Lauder,Skincare,102.0,3.75,1255,74,0,0,0.0
P481082,Revitalizing Supreme+ Youth Power Eye Balm,Estée Lauder,Skincare,76.0,3.5,1136,65,0,0,0.0
P481084,Mini Revitalizing Supreme+ Youth Power Creme Moisturizer,Estée Lauder,Skincare,64.0,4.3202,1449,57,0,0,0.0
P481085,Faceshot Vitamin Ampoules Refill,FaceGym,Skincare,90.0,,1068,5,0,0,0.0
P481086,Liftwear Brightening Vitamin C Gel-Cream,FaceGym,Skincare,60.0,4.6753,936,44,0,0,0.0
P481088,Lashrocket Liquid Liner with Lash Enhancing Peptides,Freck Beauty,Makeup,24.0,4.4556,6374,18,0,0,0.0
P481090,Irresistible Eau de Toilette Fraiche,Givenchy,Fragrance,111.0,4.4136,2287,14,0,0,0.0
P481096,Nova 15% Vitamin C + Turmeric Brightening Serum,Herbivore,Skincare,65.0,4.504,24635,33,0,0,0.0
P481098,LOVE SWIPE Lightweight Cushiony Lip Mousse,Kaja,Makeup,21.0,4.5305,53218,32,0,0,0.0
P481103,"Love, Don't Be Shy-EXTREME",KILIAN Paris,Fragrance,340.0,3.7273,5201,16,0,0,0.0
P481106,Good Apple Lightweight Full-Coverage Concealer,KVD Beauty,Makeup,30.0,4.2446,28515,35,0,0,0.0
P481112,Lash Idôle Lash-Lifting & Volumizing Waterproof Mascara,Lancôme,Makeup,30.0,3.5385,7677,21,0,0,0.0
P481114,MoistureGlow Plumping Lip Serum,MAKEUP BY MARIO,Makeup,24.0,3.7357,239935,29,0,0,0.0
P481117,"Shine - ultra-hydrating, organic aloe-based personal lubricant",maude,Bath & Body,10.0,4.7836,7732,15,0,0,0.0
P481118,Wash - pH-balanced body wash and bubble bath,maude,Bath & Body,22.0,4.7405,9925,32,0,0,0.0
P481119,"Oil - 100% organic, cold-pressed body and bath oil",maude,Bath & Body,35.0,4.8983,4652,4,0,0,0.0
P481120,"Wipe - water-activated, biodegradable wipes",maude,Bath & Body,12.0,4.8846,4611,1,0,0,0.0
P481121,Clean - hydrating hand sanitizing spray with coconut oil,maude,Bath & Body,10.0,4.6538,2532,4,0,0,0.0
P481122,Soak - vitamin-rich mineral bath salts,maude,Bath & Body,18.0,4.6782,5401,5,0,0,0.0
P481123,burn - jojoba oil massage candle,maude,Bath & Body,18.0,4.7264,13945,15,0,0,0.0
P481126,Tub Kit - mineral bath salt soak and coconut milk bath set,maude,Bath & Body,36.0,4.7083,4473,10,0,0,0.0
P481127,Slick Waterline Eye Pencil,Melt Cosmetics,Makeup,19.0,4.075,20703,14,0,0,0.0
P481128,Bionic Sunkissed Liquid Bronzer with Hyaluronic Acid,MILK MAKEUP,Makeup,30.0,4.5578,25405,29,0,0,0.0
P481129,Bionic Glow Illuminating Liquid Highlighter with Hyaluronic Acid,MILK MAKEUP,Makeup,36.0,4.6786,11333,34,0,0,0.0
P481130,Legend Red Eau de Parfum,Montblanc,Fragrance,85.0,2.6667,508,14,0,0,0.0
P481135,Angel Nova Eau de Toilette,Mugler,Fragrance,115.0,4.5911,5120,20,0,0,0.0
P481137,FIX Line Smoothing Serum,NuFACE,Skincare,49.0,,540,37,0,0,0.0
P481138,FIX  Line Smoothing Device,NuFACE,Skincare,159.0,2.0,2054,38,0,0,0.0
P481139,Mini Supershine Moisturizing Hair Cream,Oribe,Hair,19.5,4.4692,9894,59,0,0,0.0
P481140,Hair Alchemy Strengthening Shampoo,Oribe,Hair,52.0,4.3753,13575,101,0,0,0.0
P481141,Hair Alchemy Strengthening Conditioner,Oribe,Hair,55.0,4.36,10456,85,0,0,0.0
P481142,PRO Strength Vitamin A/C/E Retinoid Treatment,Peter Thomas Roth,Skincare,65.0,4.7416,7915,39,0,0,0.0
P481144,Mini Hydration Replenish Microencapsulated Plumping Gel Moisturizer,ROSE INC,Mini Size,20.0,4.6561,7439,33,0,0,0.0
P481145,Hydration Replenish Microencapsulated Plumping Gel Moisturizer,ROSE INC,Skincare,70.0,4.6561,5567,33,0,0,0.0
P481146,Skin Enhancing Duo: Luminous Skin Tint Serum Foundation & Foundation Brush,ROSE INC,Makeup,59.0,4.4831,11287,33,0,0,0.0
P481161,Ultimune Power Infusing Anti-Aging Serum,Shiseido,Skincare,75.0,4.5483,8461,43,0,0,0.0
P481162,Essential Energy Hydrating Cream,Shiseido,Skincare,50.0,4.5465,5184,52,0,0,0.0
P481163,Mini Essential Energy Hydrating Cream,Shiseido,Mini Size,30.0,,0,52,0,0,0.0
P481164,Essential Energy Hydrating Day Cream Broad Spectrum SPF 20,Shiseido,Skincare,50.0,4.5518,2628,55,0,0,0.0
P481168,Mini The Dewy Skin Cream Plumping & Hydrating Moisturizer,Tatcha,Skincare,22.0,,0,47,0,0,0.0
P481169,The Silk Sunscreen Mineral Broad Spectrum SPF 50 PA++++ with Hyaluronic Acid and Niacinamide,Tatcha,Skincare,62.0,3.3975,37047,49,0,0,0.0
P481170,Natural Moisturizing Factors + Hyaluronic Acid Scalp Serum,The Ordinary,Hair,14.2,3.894,46065,36,0,0,0.0
P481171,Sulphate 4% Shampoo Cleanser for Body & Hair,The Ordinary,Hair,8.9,3.8583,19953,11,0,0,0.0
P481172,Behentrimonium Chloride 2% Conditioner,The Ordinary,Hair,8.9,4.1591,15485,7,0,0,0.0
P481173,Bitter Peach Eye Colour Eyeshadow Palette,TOM FORD,Makeup,89.0,2.5455,3647,41,0,0,0.0
P481174,Bitter Peach Lip Color Matte Lipstick,TOM FORD,Makeup,58.0,4.6818,7598,49,0,0,0.0
P481175,GRO WELL Hair Boost Supplement Powder + Probiotic,Vegamour,Hair,68.0,3.3758,3592,60,0,0,0.0
P481176,24hr Lash Care Kit,Velour Lashes,Makeup,30.0,4.063,2495,95,1,1,0.010526315789473684
P481177,Long & Strong Lash Serum,Velour Lashes,Makeup,42.0,4.1989,3732,56,1,1,0.017857142857142856
P481178,Ghost Your Brass Purple Toning Hair Kit,Verb,Hair,49.0,4.1667,4629,156,0,0,0.0
P481180,Long Kiss Goodnight Eau de Parfum Travel Spray,World of Chris Collins,Fragrance,50.0,,1224,14,0,0,0.0
P481181,Long Kiss Goodnight Eau de Parfum,World of Chris Collins,Fragrance,175.0,4.1111,1380,14,0,0,0.0
P481182,Danse Sauvage Eau de Parfum Travel Spray,World of Chris Collins,Fragrance,50.0,4.5,658,13,0,0,0.0
P481183,Danse Sauvage Eau de Parfum,World of Chris Collins,Fragrance,175.0,4.0,775,13,0,0,0.0
P481184,Harlem Nights Eau de Parfum Travel Spray,World of Chris Collins,Fragrance,50.0,4.0,999,16,0,0,0.0
P481185,Harlem Nights Eau de Parfum,World of Chris Collins,Fragrance,175.0,4.6667,1630,16,0,0,0.0
P481186,Citrus Grandis Eau de Parfum Travel Spray,World of Chris Collins,Fragrance,50.0,4.0,629,15,0,0,0.0
P481187,Citrus Grandis Eau de Parfum,World of Chris Collins,Fragrance,175.0,4.6,767,15,0,0,0.0
P481334,Moon Fruit Retinol Alternative Sleep Mask,Herbivore,Skincare,54.0,3.4167,5029,57,0,0,0.0
P481335,Brightening Saffron Serum - Radiant Rani,RANAVAT,Skincare,135.0,4.7824,7269,22,0,0,0.0
P481336,Resurfacing Saffron AHA Masque - Radiant Rani,RANAVAT,Skincare,75.0,4.6298,4918,15,0,0,0.0
P481339,Alpha Beta Daily Essentials - Extra Strength,Dr. Dennis Gross Skincare,Skincare,92.0,4.4615,7215,162,6,1,0.037037037037037035
P481340,Alpha Beta AHA/BHA Daily Cleansing Gel,Dr. Dennis Gross Skincare,Skincare,39.0,4.3166,10330,40,0,0,0.0
P481341,Alpha Beta Daily Moisturizer,Dr. Dennis Gross Skincare,Skincare,72.0,4.561,4205,64,3,1,0.046875
P481342,Cleansing & Hydrating Bestseller Set Bento Box,DAMDAM,Skincare,42.0,5.0,2206,84,0,0,0.0
P481347,Clear Skin Kit Acne Treatment Kit,Paula's Choice,Skincare,75.0,3.4375,3884,88,6,1,0.06818181818181818
P481348,Clinical 0.3% Retinol + 2% Bakuchiol Treatment,Paula's Choice,Skincare,62.0,4.8235,13939,54,0,0,0.0
P481350,Complexion Clarity Kit,Paula's Choice,Skincare,64.0,4.4444,15686,85,6,1,0.07058823529411765
P481351,Costa Azzurra Parfum,TOM FORD,Fragrance,235.0,4.5191,3402,15,0,0,0.0
P481354,Renewing Bakuchi Crème - Eternal Reign,RANAVAT,Skincare,95.0,4.3676,2168,35,0,0,0.0
P481355,ExfoliKate  Resurfacing Body Scrub,Kate Somerville,Bath & Body,56.0,4.672,5962,44,3,1,0.06818181818181818
P481356,Eye Color Crème Eyeshadow Quad,TOM FORD,Makeup,90.0,4.4063,16957,4,0,0,0.0
P481363,Smoothing Facial Polish - Imperial Glow,RANAVAT,Skincare,45.0,4.6364,3144,35,0,0,0.0
P481366,Isle Glow Face Moisturizer SPF 45 with Sea Moss and Niacinamide,CAY SKIN,Skincare,34.0,4.2896,15371,53,0,0,0.0
P481367,Isle Lip Balm SPF 30 with Sea Moss and Aloe Stem Cells,CAY SKIN,Skincare,14.0,4.0814,23148,19,0,0,0.0
P481370,Lip Retreat Oil,Wander Beauty,Makeup,22.0,4.4318,3518,15,0,0,0.0
P481371,Balancing Crème Cleanser - Luminous Ceremony,RANAVAT,Skincare,45.0,4.4682,2102,16,0,0,0.0
P481372,Melonberry Hair Milk Leave-In Conditioner,adwoa beauty,Hair,24.0,4.3826,9921,21,0,0,0.0
P481374,Fortifying Hair Serum - Mighty Majesty,RANAVAT,Hair,70.0,4.6053,5340,3,0,0,0.0
P481376,Mini Alpha Beta AHA/BHA Daily Cleansing Gel,Dr. Dennis Gross Skincare,Skincare,15.0,3.7143,7057,40,0,0,0.0
P481384,Mini RISE Lifting + Lengthening Mascara,MILK MAKEUP,Mini Size,15.0,4.0784,15195,39,0,0,0.0
P481386,Moisturizing Vegan Body Butter,Caudalie,Bath & Body,38.0,4.5449,6720,25,0,0,0.0
P481390,Omega+ Complex Moisturizer,Paula's Choice,Skincare,37.0,4.3281,9568,56,0,0,0.0
P481391,On-the-Glow Blush & Illuminator,Wander Beauty,Makeup,38.0,4.7329,13359,43,0,0,0.0
P481395,Purple Shampoo,Verb,Hair,20.0,4.5573,3230,66,0,0,0.0
P481396,Revealer Skin-Improving Foundation SPF 25 with Hyaluronic Acid and Niacinamide,Kosas,Makeup,42.0,3.9787,138336,36,0,0,0.0
P481397,Revitalizing Supreme+ Bright Soft Creme Moisturizer,Estée Lauder,Skincare,98.0,5.0,1140,60,0,0,0.0
P481398,Rose De Chine Eau De Parfum,TOM FORD,Fragrance,295.0,4.3563,3569,29,0,0,0.0
P481401,Hydrating Jasmine Mist - Royal Refresh,RANAVAT,Skincare,45.0,4.4571,3733,1,0,0,0.0
P481403,Signature Lip Lightweight Lipstick,MERIT,Makeup,26.0,4.4573,121993,27,0,0,0.0
P481409,The Kure Multi-Task Repair Treatment,amika,Hair,30.0,4.6923,12871,36,0,0,0.0
P481410,Transition Mask,PATTERN by Tracee Ellis Ross,Hair,25.0,4.7097,2631,26,0,0,0.0
P481413,V Drops,Dr. Barbara Sturm,Bath & Body,100.0,4.2,2074,25,0,0,0.0
P481414,V Wash,Dr. Barbara Sturm,Bath & Body,75.0,4.0,2302,17,0,0,0.0
P481500,Slather Exfoliating Body Serum with Retinol and AHAs,Topicals,Bath & Body,30.0,4.4477,36373,27,0,0,0.0
P481668,Clarifying Do-Over Peel,CLINIQUE,Skincare,35.0,3.0,1064,20,3,1,0.15
P481694,Yummy Skin Serum Foundation,Danessa Myricks Beauty,Makeup,34.0,3.9703,38261,28,0,0,0.0
P481695,Yummy Skin Serum Foundation Refill,Danessa Myricks Beauty,Makeup,24.0,3.8333,2513,28,0,0,0.0
P481696,Yummy Skin Glow Serum with Hyaluronic Acid,Danessa Myricks Beauty,Makeup,34.0,4.5,25948,41,0,0,0.0
P481697,Circular Hydration Serum with Hyaluronic Acid,Dermalogica,Skincare,64.0,4.7688,8306,71,0,0,0.0
P481699,Cicapair Tiger Grass Calming Serum Mask,Dr. Jart+,Skincare,9.0,4.36,12733,30,0,0,0.0
P481700,Cicapair Redness Rescue Kit,Dr. Jart+,Skincare,39.0,4.2857,17922,185,0,0,0.0
P481701,Cloud Cushion Plush Moisturizer with Ceramides + Peptides,EADEM,Skincare,58.0,4.7467,11518,41,0,0,0.0
P481703,Black Tea Corset Cream Firming Moisturizer,fresh,Skincare,95.0,4.0065,3371,49,0,0,0.0
P481704,Umbrian Clay Pore Purifying Face Mask,fresh,Skincare,58.0,4.5,6419,49,0,0,0.0
P481705,Mini Umbrian Clay Pore Purifying Face Mask,fresh,Mini Size,25.0,,0,22,0,0,0.0
P481706,Prisme Libre Skin-Caring Matte Foundation,Givenchy,Makeup,52.0,4.4644,15431,39,0,0,0.0
P481707,Gentleman Eau de Parfum Réserve Privée,Givenchy,Fragrance,124.0,4.6023,5194,20,0,0,0.0
P481708,Bergamusk Eau de Parfum Travel Spray,HERETIC,Fragrance,65.0,3.8,1662,11,0,0,0.0
P481709,Bergamusk Eau de Parfum,HERETIC,Fragrance,165.0,4.6667,806,11,0,0,0.0
P481710,Fade and Glow AHA Mask,Hyper Skin,Skincare,48.0,4.4762,6857,37,3,1,0.08108108108108109
P481711,Silk Glow Blush and Highlight Duo,Iconic London,Makeup,39.0,4.2273,15786,52,0,0,0.0
P481712,Party Recharge Cryo Me Crazy Under-eye Masks,INC.redible,Skincare,20.0,4.5556,10008,25,0,0,0.0
P481715,Essential Lip Enhancer,Jouer Cosmetics,Makeup,17.0,4.4,7816,22,0,0,0.0
P481717,Good Girl Gone Bad by KILIAN Travel Spray,KILIAN Paris,Fragrance,50.0,3.3333,10787,17,0,0,0.0
P481720,Ultra Suede️ Cozy Lip Creme,MAKEUP BY MARIO,Makeup,26.0,3.7717,49082,26,0,0,0.0
P481721,Body Lotion Moisturizer,Moroccanoil,Bath & Body,28.0,4.6079,19024,48,0,0,0.0
P481722,Hand Wash,Moroccanoil,Bath & Body,20.0,4.8367,6453,27,0,0,0.0
P481723,Mediterranean Escape: Volume Hair Set,Moroccanoil,Hair,58.0,1.5,2677,1,0,0,0.0
P481728,I Need A Rose Cream Lipstick,Natasha Denona,Makeup,27.0,4.6555,13740,1,0,0,0.0
P481729,Major Volume Plumping Lip Gloss,PATRICK TA,Makeup,26.0,4.6579,51752,45,0,0,0.0
P481731,PRO Strength Stretch Mark Cream,Peter Thomas Roth,Bath & Body,58.0,4.6216,10469,45,0,0,0.0
P481732,Radiance Vitamin C Glow Serum,REN Clean Skincare,Skincare,69.0,4.682,7564,35,0,0,0.0
P481733,Ashita Supreme Strengthening Leave-In Treatment for Damaged Hair,shu uemura,Hair,69.0,4.3158,2397,18,0,0,0.0
P481734,Ashita Supreme Purifying Sea Salt Scalp Scrub,shu uemura,Hair,69.0,4.6,1801,21,3,1,0.14285714285714285
P481735,Ashita Supreme Strengthening Shampoo for Damaged Hair,shu uemura,Hair,52.0,4.3239,1099,27,0,0,0.0
P481736,Ashita Supreme Strengthening Conditioner for Damaged Hair,shu uemura,Hair,62.0,4.2581,764,27,0,0,0.0
P481737,Ashita Supreme Strengthening Mask for Damaged Hair,shu uemura,Hair,72.0,4.1667,1443,21,0,0,0.0
P481739,Barrier+ Skin Barrier Niacinamide Restoring Gel Cream,Skinfix,Skincare,48.0,4.5273,43004,25,0,0,0.0
P481741,Coconut Cove Perfume Set,SKYLAR,Fragrance,90.0,4.3275,1235,60,0,0,0.0
P481742,Advanced Retinol Daily Repair Face Moisturizer Broad Spectrum SPF 30,StriVectin,Skincare,99.0,4.7143,1162,59,0,0,0.0
P481743,Peptight Tightening Neck Serum Roller,StriVectin,Skincare,79.0,4.7955,9271,57,0,0,0.0
P481744,Mini SEA Power Flex Full Coverage Vegan Concealer,tarte,Makeup,12.0,4.5,28818,42,0,0,0.0
P481746,SEA Power Flex Full Coverage Vegan Concealer,tarte,Makeup,28.0,3.681,30436,42,0,0,0.0
P481747,Traceless Soft Matte Primer,TOM FORD,Makeup,90.0,4.342,3490,55,3,1,0.05454545454545454
P481748,Bright Start Vitamin C Antioxidant Brightening Moisturizer,TULA Skincare,Skincare,56.0,4.4061,6166,64,0,0,0.0
P481814,Lip Maestro Mediterranea Liquid Matte Lipstick,Armani Beauty,Makeup,45.0,4.337,7426,43,0,0,0.0
P481816,Thickening Go Big Plumping Hair Treatment,Bumble and bumble,Hair,31.0,4.2222,2387,37,0,0,0.0
P481817,"Beauty Elixir Prep, Set, Glow Face Mist",Caudalie,Skincare,49.0,4.2396,39840,22,0,0,0.0
P481818,"Mini Beauty Elixir Prep, Set, Glow Face Mist",Caudalie,Mini Size,20.0,4.2396,12735,22,0,0,0.0
P481819,LASHROCKET MASCARA with Lash Enhancing Peptides,Freck Beauty,Makeup,26.0,4.2732,7466,30,0,0,0.0
P481821,Honey Infused Scalp Treatment Serum,Gisou,Hair,48.0,4.7291,25064,37,0,0,0.0
P481822,Abeille Royale Scalp & Hair Youth Oil in Serum,GUERLAIN,Hair,140.0,3.5,1356,29,0,0,0.0
P481823,ash Idôle Waterproof Mascara,Lancôme,Makeup,30.0,4.4611,0,21,0,0,0.0
P481824,Idôle Ultra-Precise Felt Tip Liquid Eyeliner,Lancôme,Makeup,23.0,4.4938,12400,19,0,0,0.0
P481825,Hydro UV Defense Sunscreen Broad Spectrum SPF 50+,LANEIGE,Skincare,30.0,4.2583,19738,59,0,0,0.0
P481826,Click Magnetic Value Set,Lilly Lashes,Makeup,35.0,4.3333,2552,1,0,0,0.0
P481828,Nudescreen Daily Mineral Veil SPF 30,NUDESTIX,Skincare,36.0,4.0789,5697,26,0,0,0.0
P481830,Self-Tan Luxe Whipped Crème Mousse,St. Tropez,Skincare,48.0,4.6335,7559,42,0,0,0.0
P481831,Tan Tonic Glow Drops,St. Tropez,Skincare,42.0,4.6686,11386,28,0,0,0.0
P481832,Gradual Tan Watermelon Daily Firming Lotion,St. Tropez,Skincare,29.0,4.3238,4749,37,0,0,0.0
P481833,Concentrated Ginseng Renewing Cream,Sulwhasoo,Skincare,260.0,4.4766,3616,96,3,1,0.03125
P481834,Concentrated Ginseng Renewing Cream Classic,Sulwhasoo,Skincare,260.0,4.8,1615,56,0,0,0.0
P481835,Mini Concentrated Ginseng Renewing Cream,Sulwhasoo,Mini Size,52.0,4.4766,2968,56,0,0,0.0
P481837,The Crème Gradual Self-Tanning Face Moisturizer,TAN-LUXE,Skincare,49.0,4.4444,4679,47,0,0,0.0
P481950,Si Passione Eclat Eau de Parfum,Armani Beauty,Fragrance,122.0,4.5503,3966,16,0,0,0.0
P481951,MAXIMIST Phyto-Fiber Volumizing Mascara,bareMinerals,Makeup,22.0,4.044,2708,32,0,0,0.0
P481952,Aqua Bomb Hydrating Body Moisturizer with Niacinamide and Hyaluronic Acid,belif,Bath & Body,30.0,4.4958,6444,54,0,0,0.0
P481954,Check Your Bases Vitamin Enriched Face Base Set,Bobbi Brown,Makeup,92.0,,2936,34,0,0,0.0
P481959,Wake the F*ck Up Deodorant,By Rosie Jane,Bath & Body,15.0,3.9773,7318,9,0,0,0.0
P481960,Bad Boy Cobalt Eau de Parfum Travel Spray,Carolina Herrera,Fragrance,38.0,,999,12,0,0,0.0
P481961,Bad Boy Cobalt Eau de Parfum,Carolina Herrera,Fragrance,96.0,3.25,2321,12,0,0,0.0
P481969,Dior Addict Refillable Shine Lipstick,Dior,Makeup,45.0,4.5083,80611,27,0,0,0.0
P481970,Hydra Life Fresh Sorbet Crème Moisturizer,Dior,Skincare,85.0,3.5,1208,28,0,0,0.0
P481971,Hydra Life Intense Sorbet Crème Moisturizer,Dior,Skincare,85.0,5.0,2201,31,0,0,0.0
P481972,La Mousse OFF/ON Foaming Face Cleanser,Dior,Skincare,50.0,4.4232,9400,26,0,0,0.0
P481973,The Better B Niacinamide Serum,Dr. Barbara Sturm,Skincare,145.0,4.8667,2538,24,0,0,0.0
P481975,Alpha Beta Daily Essentials - Universal,Dr. Dennis Gross Skincare,Skincare,92.0,4.6296,3622,156,6,1,0.038461538461538464
P481989,Watermelon Glow Niacinamide Sunscreen SPF 50,Glow Recipe,Skincare,35.0,3.761,64453,47,0,0,0.0
P481990,Bloom Eau De Toilette Travel Spray,Gucci,Fragrance,38.0,3.8849,5937,16,0,0,0.0
P481991,Bloom Eau De Toilette,Gucci,Fragrance,101.0,3.8849,8458,16,0,0,0.0
P481993,Abeille Royale Intense Repair Youth Oil in Balm,GUERLAIN,Skincare,235.0,3.0,655,41,0,0,0.0
P481995,All Time Prime Clean Hydrating Prep & Smooth Face Oil,GXVE BY GWEN STEFANI,Makeup,48.0,4.6,5628,21,0,0,0.0
P481997,Eye See in Color Clean Multidimensional Eyeshadow Palette,GXVE BY GWEN STEFANI,Makeup,28.0,3.6818,30160,55,0,0,0.0
P481998,Hella On Point Clean Ultra-Fine Brow Pencil,GXVE BY GWEN STEFANI,Makeup,24.0,4.57,8870,12,0,0,0.0
P481999,I’m Still Here Longwear Clean Matte Liquid Lipstick,GXVE BY GWEN STEFANI,Makeup,24.0,4.3096,20551,21,0,0,0.0
P482000,Line It Up Clean 24-Hr Gel Pencil Waterproof Eyeliner,GXVE BY GWEN STEFANI,Makeup,20.0,4.2624,12258,17,0,0,0.0
P482001,Most Def Clean Instant Definition Sculpting Eyebrow Pencil,GXVE BY GWEN STEFANI,Makeup,24.0,4.6073,7650,13,0,0,0.0
P482003,Cheeky Tint Cream Blush Stick,HUDA BEAUTY,Makeup,25.0,4.5291,40008,26,0,0,0.0
P482005,Fan Club - multi-symptom menopause support,HUM Nutrition,Skincare,40.0,4.8171,728,5,0,0,0.0
P482006,Dewy Glow Moisturizer with Cherry Blossom & Niacinamide,innisfree,Skincare,26.0,4.3745,40516,16,0,0,0.0
P482007,Dewy Glow Jam Cleanser with Jeju Cherry Blossom,innisfree,Skincare,13.0,4.3095,9095,21,0,0,0.0
P482008,Self-Tanning Oil Mist,Isle of Paradise,Skincare,32.0,4.3937,17225,38,0,0,0.0
P482010,CC+ Nude Glow Lightweight Foundation + Glow Serum with SPF 40 and Niacinamide,IT Cosmetics,Makeup,44.0,4.4156,75212,41,0,0,0.0
P482013,Sea Daffodil Cologne,Jo Malone London,Fragrance,150.0,3.75,6731,15,0,0,0.0
P482014,Silk Blossom Cologne,Jo Malone London,Fragrance,150.0,4.0,4639,11,0,0,0.0
P482015,Bitter Mandarin Cologne,Jo Malone London,Fragrance,150.0,3.9,4399,14,0,0,0.0
P482021,Ultra Facial Hydrating Concentrated Cleansing Bar,Kiehl's Since 1851,Skincare,20.0,4.3333,1558,14,3,1,0.21428571428571427
P482023,Good Girl Gone Bad Eau Fraîche,KILIAN Paris,Fragrance,240.0,5.0,4154,17,0,0,0.0
P482024,Mini The Treatment Lotion,La Mer,Skincare,125.0,4.6439,5212,70,0,0,0.0
P482025,Absolue Rich Cream Moisturizer,Lancôme,Skincare,270.0,4.8031,1453,52,0,0,0.0
P482047,Feeling So Fly Duo and Sticker Nail Polish Set,NAILS INC.,Makeup,16.0,3.3333,4520,54,0,0,0.0
P482049,Glow Naturale Nail Polish Duo,NAILS INC.,Makeup,15.0,4.4583,6503,40,0,0,0.0
P482051,I Need A Rose Long Lasting Easy Glide Lip Pencil,Natasha Denona,Makeup,24.0,4.8122,11491,21,0,0,0.0
P482052,I Need A Rose Lipgloss,Natasha Denona,Makeup,27.0,4.6296,7366,36,0,0,0.0
P482054,Euphoric Nudes 7pc Festival Palette,NUDESTIX,Makeup,79.0,4.5429,5890,169,0,0,0.0
P482055,Hydra-Peptide Lip Butter with Mini Intense Matte Lip + Cheek Pencil,NUDESTIX,Makeup,18.0,4.6019,3748,41,0,0,0.0
P482056,Mini Nudefix Cream Concealer,NUDESTIX,Mini Size,9.0,4.3333,14631,50,0,0,0.0
P482058,Dr. Andrew Weil for Origins Mega-Mushroom Weightless Hydrating Moisturizer,Origins,Skincare,40.0,4.1,2424,57,0,0,0.0
P482059,1 Million Elixir,Paco Rabanne,Fragrance,126.0,4.0,2865,12,0,0,0.0
P482060,Mini RESIST Youth-Extending Daily Hydrating Fluid SPF 50,Paula's Choice,Mini Size,12.0,4.3966,15303,29,0,0,0.0
P482061,Max Clear Invisible Priming Sunscreen Broad Spectrum SPF 45,Peter Thomas Roth,Skincare,38.0,4.4746,5462,25,0,0,0.0
P482068,Sacred Sleep Overnight Repair with Retinol,Saint Jane Beauty,Skincare,70.0,4.7544,3758,33,0,0,0.0
P482074,Dream Oasis Deep Hydration Serum,Summer Fridays,Skincare,44.0,4.7361,41405,45,0,0,0.0
P482076,Lotus Pear Perfume Oil,The 7 Virtues,Fragrance,69.0,4.6667,1665,13,0,0,0.0
P482077,Wild Lash Plant-Powered Volumizing Mascara,Urban Decay,Makeup,28.0,4.2784,3151,19,0,0,0.0
P482256,Classic Face Organic Sunscreen Lotion SPF 30,COOLA,Skincare,32.0,3.6667,826,31,0,0,0.0
P482257,Classic Body Organic Sunscreen Lotion SPF 50,COOLA,Bath & Body,28.0,3.875,2307,37,0,0,0.0
P482258,Mineral Face Sunscreen Sheer Matte SPF 30,COOLA,Skincare,36.0,3.5,1237,43,0,0,0.0
P482259,Dew Good Illuminating Serum SPF 30,COOLA,Skincare,48.0,4.5556,5254,28,0,0,0.0
P482260,Rice Drops Face Oil Hydrating Serum,DAMDAM,Skincare,68.0,4.8548,2203,10,0,0,0.0
P482262,Backstage Concealer,Dior,Makeup,29.0,4.475,146408,37,0,0,0.0
P482263,Double Wear Stay-in-Place Matte Powder Foundation Refill,Estée Lauder,Makeup,36.0,5.0,2241,29,0,0,0.0
P482264,Cookies N Clean Whipped Clay Pore Detox Face Mask with Salicylic Acid + Charcoal,Fenty Skin,Skincare,35.0,4.6897,73465,25,3,1,0.12
P482269,Get Even Sun Milk SPF 33,Josie Maran,Skincare,46.0,4.6917,6781,49,0,0,0.0
P482286,Tinted Moisturizer Blush,Laura Mercier,Makeup,30.0,4.369,39633,42,0,0,0.0
P482292,Pastel Eyeshadow Palette,Natasha Denona,Makeup,69.0,3.9697,30069,254,0,0,0.0
P482298,Dr. Andrew Weil for Origins Mega-Mushroom Relief & Resilience Soothing Treatment Lotion,Origins,Skincare,40.0,4.4028,6749,39,3,1,0.07692307692307693
P482316,Beija Flor Elasti-Cream with Collagen and Squalane,Sol de Janeiro,Bath & Body,48.0,4.1135,95477,40,0,0,0.0
P482317,Mini Beija Flor Elasti-Cream with Collagen and Squalane,Sol de Janeiro,Bath & Body,22.0,3.9178,62475,40,0,0,0.0
P482318,Gradual Tan Tinted Daily Firming Lotion,St. Tropez,Skincare,29.0,2.75,1397,41,0,0,0.0
P482319,Mini Stay All Day Waterproof Liquid Eye Liner,stila,Mini Size,12.0,3.3889,13018,13,0,0,0.0
P482320,Mini Glowscreen Sunscreen SPF 40 PA+++ with Hyaluronic Acid + Niacinamide,Supergoop!,Skincare,22.0,3.9659,64624,42,0,0,0.0
P482321,Mini Mineral Sheerscreen Sunscreen SPF 30 PA+++,Supergoop!,Skincare,22.0,3.9473,4572,28,0,0,0.0
P482322,Mini Mineral Mattescreen Sunscreen SPF 40 PA+++,Supergoop!,Skincare,22.0,4.125,10079,21,0,0,0.0
P482323,(Re) Setting Refreshing Mist SPF 40,Supergoop!,Skincare,34.0,3.6649,32091,23,0,0,0.0
P482324,Mini (Re) Setting Refreshing Mist SPF 40,Supergoop!,Mini Size,20.0,2.6071,26353,23,0,0,0.0
P482325,Every. Single. Face. Watery Lotion SPF 50,Supergoop!,Skincare,34.0,4.2805,23635,36,0,0,0.0
P482327,Mini Squalane Cleanser,The Ordinary,Skincare,9.0,3.9537,27760,20,0,0,0.0
P482328,Mini Natural Moisturizing Factors + HA,The Ordinary,Skincare,6.5,3.9213,38431,46,0,0,0.0
P482329,Retinal + Niacinamide Youth Serum,Youth To The People,Skincare,69.0,4.5841,41445,46,0,0,0.0
P482507,Luminous Silk Perfect Glow Flawless Oil-Free Foundation Customizable Set,Armani Beauty,Makeup,69.0,4.75,4980,83,0,0,0.0
P482509,Supreme Mauves Eyeshadow & Pressed Pigment Palette,Artist Couture,Makeup,45.0,2.9333,6122,209,0,0,0.0
P482510,The Ultimate Soothing Cream,Augustinus Bader,Skincare,290.0,4.65,1933,38,0,0,0.0
P482511,The Revitalizing Haircare System,Augustinus Bader,Hair,160.0,4.0,1671,119,0,0,0.0
P482517,Good Girl Body Mist,Carolina Herrera,Fragrance,40.0,4.6667,4394,17,0,0,0.0
P482522,Infinite Chrome Waterproof Micropencil Eyeliner,Danessa Myricks Beauty,Makeup,22.0,4.1,36685,47,0,0,0.0
P482527,Scent DIARY Fragrance Discovery Set,Ellis Brooklyn,Fragrance,32.0,4.3385,14373,139,0,0,0.0
P482529,Micro Essence Treatment Lotion with Bio-Ferment,Estée Lauder,Skincare,130.0,4.0556,1834,26,0,0,0.0
P482535,Strawberry Smooth BHA + AHA Salicylic Acid Serum,Glow Recipe,Skincare,42.0,4.5439,118258,37,3,1,0.08108108108108109
P482540,Correct & Protect Broad Spectrum SPF 45| PA++++,Murad,Skincare,69.0,4.7366,5581,49,0,0,0.0
P482541,No. 9 Bond Protector Nourishing Hair Serum,Olaplex,Hair,30.0,4.6358,73936,30,0,0,0.0
P482551,C.E.O. Afterglow Brightening Vitamin C Moisturizer,Sunday Riley,Skincare,65.0,4.666,16576,33,0,0,0.0
P482552,The Clarifying Clay Mask Exfoliating Pore Treatment,Tatcha,Skincare,70.0,4.6316,46732,41,0,0,0.0
P482557,Bonne Brow Defining Brow Pencil,Westman Atelier,Makeup,38.0,4.0,4564,14,0,0,0.0
P482656,Replenishing Moisture Jumbo Trio,ALTERNA Haircare,Hair,100.0,3.6667,1476,168,0,0,0.0
P482659,NORVINA Pro Pigment Palette Vol. 6 for Face & Body,Anastasia Beverly Hills,Makeup,60.0,4.703,24101,358,0,0,0.0
P482660,Acqua di Gio Eau de Parfum,Armani Beauty,Fragrance,160.0,4.6879,3481,16,0,0,0.0
P482661,The Essence,Augustinus Bader,Skincare,93.0,4.5,2564,32,3,1,0.09375
P482664,They're Real! Xtreme Precision Eye Liner,Benefit Cosmetics,Makeup,24.0,4.5414,19965,25,0,0,0.0
P482668,Cactus Fruit 3-in-1 Styling Cream,dae,Hair,28.0,4.7183,37560,39,0,0,0.0
P482669,Wonderwild Miracle Butter,Drunk Elephant,Bath & Body,38.0,4.374,7002,17,0,0,0.0
P482672,SUN FRUIT Eau de Parfum,Ellis Brooklyn,Fragrance,108.0,4.1799,9863,15,0,0,0.0
P482673,SUN FRUIT Eau de Parfum Travel Spray,Ellis Brooklyn,Fragrance,32.0,4.1799,11707,15,0,0,0.0
P482675,Active Blast Concentrated Collagen Daily Treatment,FaceGym,Skincare,65.0,4.6832,1695,25,0,0,0.0
P482676,10% Waterless Vitamin C Serum,Farmacy,Skincare,50.0,4.4315,27859,12,0,0,0.0
P482679,Liquid Brow Silk Max Hold Gel,Iconic London,Makeup,24.0,4.2439,4790,27,0,0,0.0
P482681,Bye Bye Makeup 3-in-1 Makeup Melting Cleansing Balm,IT Cosmetics,Skincare,42.0,4.6741,5368,18,0,0,0.0
P482682,Magnolia Bliss Eau de Parfum,Juliette Has a Gun,Fragrance,140.0,4.2788,9567,18,0,0,0.0
P482683,Magnolia Bliss Eau de Parfum Travel Spray,Juliette Has a Gun,Fragrance,30.0,4.2564,6527,18,0,0,0.0
P482684,Whipped Dream Multi-Eye & Cheek Color,Kaja,Makeup,21.0,4.7165,27102,27,0,0,0.0
P482692,Water Bank Blue Hyaluronic Serum,LANEIGE,Skincare,45.0,4.7355,24759,31,0,0,0.0
P482693,Water Bank Blue Hyaluronic Cream Moisturizer,LANEIGE,Skincare,40.0,3.9928,48729,40,0,0,0.0
P482694,Mini Water Bank Blue Hyaluronic Cream Moisturizer,LANEIGE,Skincare,23.0,3.5135,13024,40,0,0,0.0
P482695,Water Bank Blue Hyaluronic Gel Moisturizer,LANEIGE,Skincare,40.0,4.0473,15636,25,0,0,0.0
P482696,Water Bank Blue Hyaluronic Eye Cream,LANEIGE,Skincare,43.0,4.5385,16508,54,0,0,0.0
P482697,Water Bank Blue Hyaluronic Revitalizing Toner,LANEIGE,Skincare,31.0,4.0,8013,23,0,0,0.0
P482698,Water Bank Blue Hyaluronic Exfoliating Toner,LANEIGE,Skincare,31.0,4.4118,8064,22,0,0,0.0
P482699,Conseal The Deal Lightweight Full Coverage Concealer with Caffeine,LAWLESS,Makeup,26.0,4.5812,20130,37,0,0,0.0
P482702,Mini Afterglow Lip Shine Gloss Set,NARS,Makeup,25.0,3.6471,31895,55,0,0,0.0
P482710,Made for Shade Bronze & Sculpt Trio Palette,ONE/SIZE by Patrick Starrr,Makeup,38.0,4.8093,28227,276,0,0,0.0
P482715,Perfume Sampler Set,PHLUR,Fragrance,25.0,2.56,10733,24,0,0,0.0
P482716,Missing Person Eau de Parfum,PHLUR,Fragrance,96.0,3.4273,33292,3,0,0,0.0
P482717,Missing Person Eau de Parfum Travel Spray,PHLUR,Fragrance,26.0,3.4273,28692,3,0,0,0.0
P482718,Phloria Eau de Parfum,PHLUR,Fragrance,96.0,3.8857,2927,3,0,0,0.0
P482719,Phloria Eau de Parfum Travel Spray,PHLUR,Fragrance,26.0,3.8857,1685,3,0,0,0.0
P482720,Lost Cause Eau de Parfum,PHLUR,Fragrance,96.0,3.963,4403,3,0,0,0.0
P482721,Lost Cause Eau de Parfum Travel Spray,PHLUR,Fragrance,26.0,3.963,2335,3,0,0,0.0
P482724,Apricot Privée Eau de Parfum,PHLUR,Fragrance,96.0,3.3409,8847,3,0,0,0.0
P482725,Apricot Privée Eau de Parfum Travel Spray,PHLUR,Fragrance,26.0,3.3409,5708,3,0,0,0.0
P482726,Not Your Baby Eau de Parfum,PHLUR,Fragrance,96.0,3.5304,8927,3,0,0,0.0
P482727,Not Your Baby Eau de Parfum Travel Spray,PHLUR,Fragrance,26.0,3.5304,4795,3,0,0,0.0
P482730,Satin Lip Color Refillable Hydrating Lipstick,ROSE INC,Makeup,28.0,4.7082,23331,40,0,0,0.0
P482731,Satin Lip Color Hydrating Lipstick Refill,ROSE INC,Makeup,18.0,3.1818,1879,40,0,0,0.0
P482734,Protective Hair Oil with Moringa Oil,SEPHORA COLLECTION,Hair,15.0,4.2,6322,15,0,0,0.0
P482739,Urban Environment Oil-Free Sunscreen Broad-Spectrum SPF 42,Shiseido,Skincare,50.0,4.4533,12870,48,0,0,0.0
P482740,Mini Urban Environment Oil-Free Sunscreen Broad-Spectrum SPF 42,Shiseido,Skincare,35.0,4.4348,6680,48,0,0,0.0
P482741,Urban Environment Oil-Free Mineral Sunscreen Broad-Spectrum SPF 42,Shiseido,Skincare,38.0,4.3072,3841,49,0,0,0.0
P482742,Urban Environment Fresh-Moisture Sunscreen Broad-Spectrum SPF 42,Shiseido,Skincare,38.0,4.6311,8629,43,0,0,0.0
P482743,Photo Finish Revitalize 8-in-1 Primer Essence,Smashbox,Makeup,31.0,4.3406,1124,27,0,0,0.0
P482744,Mini Photo Finish Revitalize 8-in-1 Primer Essence,Smashbox,Makeup,17.0,4.3406,1822,27,0,0,0.0
P482745,Mini Brazilian Crush Cheirosa ’68 Beija Flor Hair & Body Fragrance Mist,Sol de Janeiro,Mini Size,24.0,4.0855,109403,40,0,0,0.0
P482746,PLAY 100% Mineral Lotion SPF 30 with Green Algae,Supergoop!,Skincare,36.0,4.0909,2927,36,0,0,0.0
P482747,PLAY Mineral Mist SPF 30 with Marigold Extract,Supergoop!,Skincare,34.0,2.5,1971,20,0,0,0.0
P482750,Maracuja Juicy Lip Plump,tarte,Makeup,24.0,3.6902,225353,38,0,0,0.0
P482753,Protect + Glow Daily Sunscreen Gel Broad Spectrum SPF 30,TULA Skincare,Skincare,38.0,4.4256,8977,42,0,0,0.0
P482754,Mineral Magic Oil-Free Mineral Sunscreen Fluid Broad Spectrum SPF 30,TULA Skincare,Skincare,38.0,4.3548,3802,75,0,0,0.0
P482755,Claydate Detoxifying & Toning Face Mask Stick,TULA Skincare,Skincare,36.0,4.3333,1460,39,0,0,0.0
P482757,Mini The Cult Classic Purifying Face Cleanser,TULA Skincare,Skincare,12.0,3.9064,6904,49,0,0,0.0
P482758,All Nighter Long-Lasting Makeup Setting Spray with Vitamin C,Urban Decay,Makeup,36.0,4.6683,28379,16,0,0,0.0
P482759,Uomo Coral Fantasy Cologne,Valentino,Fragrance,115.0,4.6995,6761,21,0,0,0.0
P483057,COOLA Organic Liplux Classic Sunscreen Lip Oil SPF 30,COOLA,Skincare,18.0,2.4211,6293,16,0,0,0.0
P483058,GOOPGLOW Flower Acids Resurfacing Toner,goop,Skincare,45.0,4.6667,1797,21,0,0,0.0
P483060,Lip Comfort Hydrating Oil,Clarins,Skincare,28.0,4.3509,35345,15,0,0,0.0
P483068,ABBOTT Sampler Set,ABBOTT,Fragrance,26.0,4.8163,4493,177,0,0,0.0
P483069,Brow Studio Kit,Anastasia Beverly Hills,Makeup,29.0,4.1429,7910,55,0,0,0.0
P483071,Big Sky Eau de Parfum,ABBOTT,Fragrance,84.0,4.625,966,15,0,0,0.0
P483072,Big Sky Eau de Parfum Travel Spray,ABBOTT,Fragrance,28.0,4.25,975,15,0,0,0.0
P483075,Brightening Dual Facial Enzyme Exfoliator,SEPHORA COLLECTION,Skincare,14.0,4.125,7792,13,0,0,0.0
P483076,C.E.O. Afterglow Brightening Vitamin C Moisturizer,Sunday Riley,Skincare,22.0,4.666,2817,33,0,0,0.0
P483078,COOLA Scalp & Hair Mist Organic Sunscreen SPF 30,COOLA,Skincare,28.0,3.2857,4752,19,0,0,0.0
P483079,Crescent Beach Perfume,ABBOTT,Fragrance,84.0,4.5882,1608,23,0,0,0.0
P483084,Dolce Satin Glow Booster,Rossano Ferretti Parma,Hair,50.0,5.0,476,28,0,0,0.0
P483086,Essential Comfort Balancing Emulsion,Sulwhasoo,Skincare,72.0,4.0,923,56,0,0,0.0
P483089,Eye Want It All Face + Eye Microneedling Set,BeautyBio,Skincare,249.0,3.5,1349,43,0,0,0.0
P483090,Firming Day Moisturizer with Peptides,SEPHORA COLLECTION,Skincare,18.0,2.9375,2887,27,0,0,0.0
P483092,Glow Peel Pads with AHA + PHA,SEPHORA COLLECTION,Skincare,17.0,4.5862,14845,16,0,0,0.0
P483094,Grandioso Volumising Conditioner,Rossano Ferretti Parma,Hair,46.0,4.0,324,28,0,0,0.0
P483095,GRO Hair Serum Trio Set,Vegamour,Hair,148.0,4.3756,5728,25,0,0,0.0
P483097,Invictus Platinum Eau de Parfum,Paco Rabanne,Fragrance,120.0,4.4545,2259,16,0,0,0.0
P483105,Mini Elastic Bounce Leave-in Conditioning Styler Hair Cream,BREAD BEAUTY SUPPLY,Hair,16.0,4.3077,2289,25,0,0,0.0
P483107,Mojave Perfume,ABBOTT,Fragrance,84.0,4.0909,825,36,0,0,0.0
P483109,Montecito Perfume,ABBOTT,Fragrance,84.0,4.1111,828,35,0,0,0.0
P483111,My Way Floral Eau de Parfum,Armani Beauty,Fragrance,120.0,4.5293,3593,25,0,0,0.0
P483112,My Way Floral Eau de Parfum Travel Spray,Armani Beauty,Fragrance,34.0,4.5293,4168,25,0,0,0.0
P483122,Prodigio Regenerating Pre-Wash Hair Mask Treatment,Rossano Ferretti Parma,Hair,105.0,,481,49,0,0,0.0
P483123,"Lip Collection: Lip Liner, Setter, and Lip Gloss",REFY,Makeup,40.0,3.1333,18460,39,0,0,0.0
P483124,Lip Gloss,REFY,Makeup,20.0,4.2778,29482,14,0,0,0.0
P483125,Lip Sculpt Lip Liner and Setter,REFY,Makeup,26.0,3.5698,88216,24,0,0,0.0
P483127,Retinol Remix 1% Retinol Treatment With Peptide & Tranexamic Acid,iNNBEAUTY PROJECT,Skincare,48.0,4.7545,13387,55,0,0,0.0
P483128,Scar Gel Treatment,Dr. Zenovia Skincare,Skincare,48.0,4.3285,4241,20,0,0,0.0
P483130,Sequoia Perfume,ABBOTT,Fragrance,84.0,4.619,1322,29,0,0,0.0
P483136,Targeted Anti-Aging Bakuchiol Serum,SEPHORA COLLECTION,Skincare,20.0,4.6,10653,17,0,0,0.0
P483137,Targeted Dark Spots Serum with Enzymes,SEPHORA COLLECTION,Skincare,20.0,4.6447,12192,16,0,0,0.0
P483138,Targeted Pores Serum with BHA + PHA,SEPHORA COLLECTION,Skincare,20.0,4.6844,12422,22,3,1,0.13636363636363635
P483139,The Cape Perfume,ABBOTT,Fragrance,84.0,4.6111,3118,33,0,0,0.0
P483141,The Quench Eye Reviving Quadralipid Eye Balm,BeautyBio,Skincare,99.0,4.0,1607,42,0,0,0.0
P483145,Ultra Glow Mask with Vitamins C + E,SEPHORA COLLECTION,Skincare,16.0,4.5,4478,20,0,0,0.0
P483146,Ultra Glow Toner with Vitamins C + E,SEPHORA COLLECTION,Skincare,14.0,4.5865,13488,20,0,0,0.0
P483151,Vitamin Eye Masks,SEPHORA COLLECTION,Skincare,3.5,3.9118,26055,21,0,0,0.0
P483156,Brazilian Crush Cheirosa ’68 Beija Flor Hair & Body Fragrance Mist,Sol de Janeiro,Fragrance,38.0,4.2588,115408,40,0,0,0.0
P483442,Mini Candle Gift Set- Tropic Like It’s Hot,FORVR Mood,Fragrance,50.0,3.0,2478,6,0,0,0.0
P483447,L'Obscur Long Wearing Eyeliner Pen,Gucci,Makeup,39.0,4.4,3275,20,0,0,0.0
P483448,Transfer-proof Matte Liquid lipstick,Gucci,Makeup,45.0,4.2819,19581,37,0,0,0.0
P483450,KissKiss Bee Glow Lipstick Balm,GUERLAIN,Makeup,40.0,4.1429,11411,42,0,0,0.0
P483453,Shave Starter Set,Hanni,Skincare,68.0,4.55,4292,19,0,0,0.0
P483457,Shave Pillow Moisturizing Body Gel,Hanni,Skincare,24.0,4.6954,3023,18,0,0,0.0
P483466,Tattoo Pencil Liner Waterproof Long-Wear Gel Eyeliner,KVD Beauty,Makeup,23.0,4.3309,40586,15,0,0,0.0
P483470,Mini Forget The Filler Lip Plumper Line Smoothing Gloss,LAWLESS,Mini Size,15.0,3.4667,21646,30,0,0,0.0
P483473,Aqua Resist Graphic Pen 24HR Waterproof Intense Eyeliner,MAKE UP FOR EVER,Makeup,24.0,4.3165,5423,14,0,0,0.0
P483474,Aqua Resist Color Ink 24HR Waterproof  Liquid Eyeliner,MAKE UP FOR EVER,Makeup,26.0,3.7487,16234,9,0,0,0.0
P483475,Earth Day Set,The Original MakeUp Eraser,Makeup,25.0,4.4,6721,1,0,0,0.0
P483477,Gemini Eyeshadow Palette 1,Melt Cosmetics,Makeup,58.0,4.7059,10900,62,0,0,0.0
P483478,Gemini Eyeshadow Palette 2,Melt Cosmetics,Makeup,58.0,3.4865,10404,185,0,0,0.0
P483484,Major Dimension II Rose Eyeshadow Palette,PATRICK TA,Makeup,70.0,4.7937,51278,261,0,0,0.0
P483495,Wake Up With Me Morning Routine Kit,Sunday Riley,Skincare,95.0,4.0769,11638,279,0,0,0.0
P483496,Salicylic Acid 2% Exfoliating Blemish Solution,The Ordinary,Skincare,6.5,4.2535,43971,11,3,1,0.2727272727272727
P483499,Sheer Cheek Duo,TOM FORD,Makeup,84.0,3.625,3758,46,0,0,0.0
P483500,Born This Way Sunset Stripped Eyeshadow Palette,Too Faced,Makeup,52.0,4.543,21960,116,0,0,0.0
P483501,Mini Rouge Pur Couture Exclusive Set,Yves Saint Laurent,Makeup,50.0,4.5,4679,43,0,0,0.0
P483508,"Hydrating Scalp Serum for Healthy, Fuller Looking Hair",OUAI,Hair,52.0,4.1516,53039,28,0,0,0.0
P483509,Thick and Full Hair Supplements,OUAI,Hair,42.0,3.9665,12765,16,0,0,0.0
P483643,Willow & Sweet Agave Plumping Lip Mask,alpyn beauty,Skincare,28.0,4.5405,12568,34,0,0,0.0
P483644,Mini Wild Huckleberry 8-Acid Polishing Peel Mask,alpyn beauty,Mini Size,23.0,4.85,3822,62,0,0,0.0
P483650,Squalane + Enzyme Sugar Body Scrub,Biossance,Bath & Body,28.0,4.3158,9831,23,0,0,0.0
P483653,Light Up Your Eyes Set,CLINIQUE,Makeup,45.0,5.0,1604,94,0,0,0.0
P483654,Dior Addict Lip Tint,Dior,Makeup,40.0,3.6104,68493,39,0,0,0.0
P483658,Mineral Sunscreen Zinc Oxide Broad Spectrum SPF 30,First Aid Beauty,Skincare,28.0,4.4878,9664,18,0,0,0.0
P483661,Moon Fruit 1% Bakuchiol + Peptides Retinol Alternative Serum,Herbivore,Skincare,62.0,4.5135,15482,40,0,0,0.0
P483662,Phantom Volumizing Glossy Balm,Hourglass,Makeup,36.0,4.4236,140495,20,0,0,0.0
P483663,Voyeur Waterproof Gel Eyeliner,Hourglass,Makeup,28.0,4.5069,24324,15,0,0,0.0
P483664,Midnight  Recovery Omega-Rich Cloud Cream,Kiehl's Since 1851,Skincare,60.0,4.5233,11696,36,3,1,0.08333333333333333
P483668,Translucent Pure Setting Spray 16HR,Laura Mercier,Makeup,40.0,3.4408,3760,12,0,0,0.0
P483669,Mini Translucent Pure Setting Spray 16HR,Laura Mercier,Makeup,21.0,1.7727,2607,12,0,0,0.0
P483670,Mini The One & Done Volumizing Mascara,LAWLESS,Mini Size,15.0,2.6667,2971,21,0,0,0.0
P483674,Pore Eclipse Mattifying + Blurring Makeup Primer,MILK MAKEUP,Makeup,38.0,4.6054,38136,36,0,0,0.0
P483675,Mini Pore Eclipse Mattifying + Blurring Makeup Primer,MILK MAKEUP,Makeup,20.0,4.4828,51686,36,0,0,0.0
P483679,Truth Barrier Booster Orange Ferment Vitamin C Essence,OLEHENRIKSEN,Skincare,48.0,4.814,24293,42,0,0,0.0
P483684,Recover Bath Gem Body-Soothing Bath Soak with Arnica + Magnesium,Prima,Bath & Body,18.0,3.5,1464,15,0,0,0.0
P483685,Hydrabeam Brightening + Hydrating Creamy Under Eye Concealer,Saie,Makeup,26.0,4.2018,54726,20,0,0,0.0
P483686,House of Lashes Iconic False Eyelashes,House of Lashes,Makeup,12.0,4.6457,14583,2,0,0,0.0
P483689,Honeysuckle Dream Eau de Parfum,SKYLAR,Fragrance,90.0,4.3659,4667,77,0,0,0.0
P483690,Honeysuckle Dream Eau de Parfum Travel Spray,SKYLAR,Fragrance,30.0,4.3659,5370,77,0,0,0.0
P483691,Gradual Tan Classic Daily Youth Boosting Cream,St. Tropez,Skincare,29.0,5.0,1740,44,0,0,0.0
P483692,Essential Comfort Firming Cream,Sulwhasoo,Skincare,120.0,4.5019,2534,53,0,0,0.0
P483693,Essential Comfort Moisture Cream,Sulwhasoo,Skincare,80.0,5.0,2324,51,0,0,0.0
P483694,Essential Comfort Balancing Water,Sulwhasoo,Skincare,68.0,5.0,3539,39,0,0,0.0
P483695,Signature Scalp Balancing Shampoo,SUNDAY II SUNDAY,Hair,20.0,4.25,875,34,0,0,0.0
P483696,Gentle Micellar Antioxidant Cleanser,The Outset,Skincare,32.0,4.6937,3860,38,0,0,0.0
P483697,Firming Vegan Collagen Prep Serum,The Outset,Skincare,46.0,4.6898,7728,38,0,0,0.0
P483698,Nourishing Squalane Daily Moisturizer,The Outset,Skincare,44.0,4.5893,4721,46,0,0,0.0
P483699,Restorative Niacinamide Night Cream,The Outset,Skincare,54.0,4.6225,5533,51,0,0,0.0
P483700,Smoothing Vitamin C Eye + Expression Lines Cream,The Outset,Skincare,42.0,4.374,3752,37,0,0,0.0
P483701,Daily Essentials Travel Set,The Outset,Skincare,50.0,4.5741,4435,129,0,0,0.0
P483706,Bright Crystal Hair Mist,Versace,Fragrance,50.0,2.0,2490,15,0,0,0.0
P483707,Mini Soft Butterfly Kisses Eyeshadow Palette,Violet Voss,Makeup,20.0,5.0,1998,26,0,0,0.0
P483708,Mini Essential Comfort Firming Cream,Sulwhasoo,Skincare,28.0,4.5019,3008,53,0,0,0.0
P484022,Renewing Exfoliating Scalp Scrub-to-Foam,ALTERNA Haircare,Hair,48.0,4.8615,1495,30,0,0,0.0
P484023,Renewing Scalp Leave-In Treatment with Hemp,ALTERNA Haircare,Hair,48.0,4.8226,872,30,0,0,0.0
P484024,Renewing Scalp Care Peppermint Leave-In Treatment,ALTERNA Haircare,Hair,48.0,4.5938,827,43,0,0,0.0
P484025,Dream Routine Overnight Hydrating Hair Mask,amika,Hair,32.0,4.5027,62906,27,0,0,0.0
P484029,Silky Lip Oil,Artist Couture,Makeup,22.0,3.4375,8087,25,0,0,0.0
P484031,BOUNCE  Magic Fit Creamy Bronzer & Highlighter Duo,beautyblender,Makeup,32.0,3.8805,6027,50,0,0,0.0
P484032,BADgal BANG! Volumizing Waterproof Mascara,Benefit Cosmetics,Makeup,28.0,3.3673,6529,15,0,0,0.0
P484033,Mini Squalane + Vitamin C Rose Firming Oil,Biossance,Skincare,40.0,4.15,22591,7,0,0,0.0
P484037,Leila Lou Perfume Gift Set,By Rosie Jane,Fragrance,55.0,,957,39,0,0,0.0
P484038,Mini Good Girl Eau de Parfum,Carolina Herrera,Fragrance,15.0,4.4665,13663,19,0,0,0.0
P484039,Yummy Skin Blurring Balm Powder,Danessa Myricks Beauty,Makeup,36.0,3.754,132419,23,0,0,0.0
P484042,HoliRoots Hibiscus Hydrating Hair Oil Mist,Fable & Mane,Hair,29.0,3.6714,12968,29,0,0,0.0
P484044,The Body Duo Mini Body Scrub + Moisturizer Essentials,Fenty Skin,Bath & Body,32.0,4.2,10700,71,0,0,0.0
P484045,Mini Prep Set Glow Hydrating Spray,Iconic London,Makeup,15.0,3.9643,18275,30,0,0,0.0
P484051,Daily Stone Solid Body Moisturizer,Kate McLeod,Bath & Body,45.0,4.6748,5089,8,0,0,0.0
P484052,Mini Daily Stone Solid Body Moisturizer,Kate McLeod,Bath & Body,12.0,4.6748,4862,8,0,0,0.0
P484054,La Vie Est Belle Travel Spray,Lancôme,Fragrance,34.0,4.5438,11469,21,0,0,0.0
P484055,Water Bank Blue Hyaluronic Hydration Set,LANEIGE,Skincare,45.0,4.0192,40254,152,0,0,0.0
P48406,Sun Bunny Natural Bronzer,Too Faced,Makeup,35.0,4.5176,52340,17,0,0,0.0
P484065,Mini Eye Shadow Palette: Midnight Voyage,PAT McGRATH LABS,Makeup,29.0,4.0,28219,90,0,0,0.0
P484067,Evercalm Barrier Support Face Oil,REN Clean Skincare,Skincare,60.0,4.8391,8281,10,0,0,0.0
P484068,Boost + Lock Eyeshadow Primer,SEPHORA COLLECTION,Makeup,12.0,4.1327,5679,27,0,0,0.0
P484071,Insta-Brow Waxy Brow Pencil,SEPHORA COLLECTION,Makeup,12.0,4.232,17960,14,0,0,0.0
P484076,Ultimate Sun Protector SPF 50+ Sunscreen Duo,Shiseido,Skincare,66.0,4.4,7247,45,0,0,0.0
P484078,Fluff & Hold Laminating Brow Wax,Too Faced,Makeup,25.0,4.0156,15210,8,0,0,0.0
P484079,Born This Way Ethereal Light Smoothing Concealer,Too Faced,Makeup,26.0,4.2849,34712,52,0,0,0.0
P484080,Mini Faded Serum for Dark Spots & Discoloration,Topicals,Skincare,18.0,3.6634,93075,37,0,0,0.0
P484081,Eye Recharge + Replenish Pro-Ferm Overnight Eye Cream with Bakuchiol and Peptides,TULA Skincare,Skincare,56.0,4.5397,11155,57,0,0,0.0
P484082,Glossy Shampoo,Verb,Hair,20.0,4.2639,2325,46,0,0,0.0
P484083,Glossy Conditioner,Verb,Hair,20.0,4.1399,2273,49,0,0,0.0
P484084,Glossy Shine Heat Protectant Spray,Verb,Hair,20.0,4.548,13934,43,0,0,0.0
P484086,Good Fortune Eau de Parfum,Viktor&Rolf,Fragrance,180.0,4.4065,14484,23,0,0,0.0
P484087,Good Fortune Eau de Parfum Travel Spray,Viktor&Rolf,Fragrance,35.0,4.4065,12721,23,0,0,0.0
P48601,N°5 Eau de Toilette,CHANEL,Fragrance,100.0,4.3913,6394,26,0,0,0.0
P489310288,Pastel Obsessions Eyeshadow Palette,HUDA BEAUTY,Makeup,32.0,3.4247,78520,80,0,0,0.0
P49848448,Liquid Touch Weightless Foundation,Rare Beauty by Selena Gomez,Makeup,30.0,4.0332,263393,29,0,0,0.0
P500002,Brighten. Tighten. Hydrate. 3-Piece Set,JLo Beauty,Skincare,64.0,4.2782,3952,135,3,1,0.022222222222222223
P500012,Rose Hydration Pore-Minimizing Mist,fresh,Skincare,24.0,4.4706,14153,17,0,0,0.0
P500016,Deep Exfoliating Cleanser,Caudalie,Skincare,38.0,4.6923,9182,24,0,0,0.0
P500017,Mini Good Girl Perfume Set,Carolina Herrera,Fragrance,30.0,2.75,13601,37,0,0,0.0
P500018,Smiley MakeUp Eraser 7-Day Set,The Original MakeUp Eraser,Makeup,25.0,4.875,5553,1,0,0,0.0
P500019,The True Cream - Aqua Bomb Sunscreen Broad Spectrum SPF 50,belif,Skincare,38.0,4.5248,11146,42,0,0,0.0
P500027,Brazilian Joia  Milky Leave-In Conditioner,Sol de Janeiro,Hair,28.0,4.4901,65252,28,0,0,0.0
P500033,Firmly Yours Dry Body Oil with Peptides,OLEHENRIKSEN,Bath & Body,45.0,4.4734,9801,32,0,0,0.0
P500034,Not a Perfume Sampler Set,Juliette Has a Gun,Fragrance,28.0,3.3125,15985,95,0,0,0.0
P500038,Mini Gold Lust Transformative mask,Oribe,Hair,26.0,4.6115,6696,78,0,0,0.0
P500039,The Neck Serum - With 5 Peptides | 9% Peptide Blend,Nécessaire,Skincare,60.0,4.6903,21558,33,0,0,0.0
P500047,BeamCream Smoothing Body Moisturizer with AHAs,OLEHENRIKSEN,Bath & Body,38.0,4.415,6892,47,0,0,0.0
P500051,ReDimension Hydra Powder Blush,rms beauty,Makeup,35.0,4.6681,32649,31,0,0,0.0
P500055,Active Algae Lightweight Moisturizer,KORA Organics,Skincare,48.0,4.6763,5384,37,0,0,0.0
P500060,Play! Mineral SPF Stick,Supergoop!,Skincare,24.0,3.0,2951,18,0,0,0.0
P500061,Poutsicle Hydrating Lip Stain,Fenty Beauty by Rihanna,Makeup,27.0,4.3919,111949,22,0,0,0.0
P500062,Y Eau de Toilette,Yves Saint Laurent,Fragrance,120.0,4.7365,6095,15,0,0,0.0
P500094,Hydrating Oil-Free Gel Moisturizer,Community Sixty-Six,Skincare,25.0,4.1245,1039,39,0,0,0.0
P500096,Oil Control Moisturizer with Niacinamide,Community Sixty-Six,Skincare,25.0,3.75,1550,51,0,0,0.0
P500098,Makeup Melting Balm Cleanser,Community Sixty-Six,Skincare,16.0,3.4032,1308,53,0,0,0.0
P500101,Hydro Ungrip Makeup Remover + Cleansing Water,MILK MAKEUP,Skincare,32.0,4.6475,14632,21,0,0,0.0
P500102,Hydro Ungrip Makeup Removing Cleansing Balm,MILK MAKEUP,Skincare,36.0,4.6829,17719,25,0,0,0.0
P500106,Everyday Mineral Moisturizer SPF 30 Sunscreen,Community Sixty-Six,Skincare,30.0,4.0,1733,48,0,0,0.0
P500109,Hydrating Caffeine Eye Cream,Community Sixty-Six,Skincare,18.0,4.1379,3298,51,0,0,0.0
P500111,Womb Service - OBGYN Formulated Prenatal Support Supplement,HUM Nutrition,Skincare,45.0,4.8148,864,29,0,0,0.0
P500112,N°41 Facial Sunscreen Mist with SPF 41,HABIT,Skincare,30.0,4.4904,9474,16,0,0,0.0
P500113,Detoxifying AHA/BHA Gel Cleanser,Community Sixty-Six,Skincare,16.0,4.0504,1205,26,3,1,0.11538461538461539
P500114,Retinol Resurfacing Night Moisturizer,Community Sixty-Six,Skincare,35.0,4.0658,1442,51,0,0,0.0
P500116,Hydrating Cream Cleanser with Hyaluronic Acid,Community Sixty-Six,Skincare,16.0,4.75,1413,50,0,0,0.0
P500117,N°38 Facial Sunscreen Mist with SPF 38,HABIT,Skincare,30.0,4.3578,8924,13,0,0,0.0
P500119,Happier Than Ever 6 Piece Nail Polish Set,Deborah Lippmann,Makeup,39.0,3.0,3345,64,0,0,0.0
P500120,Nourishing Rich Moisturizer with Hyaluronic Acid,Community Sixty-Six,Skincare,25.0,3.5,867,50,0,0,0.0
P500121,SOS Intensive Redness Relief Serum,Tower 28 Beauty,Skincare,34.0,4.1902,21555,5,0,0,0.0
P500123,No Limits Cream Bronzer and Contour Stick,LYS Beauty,Makeup,20.0,4.5256,49198,20,0,0,0.0
P500124,EradiKate Try-Me-Kit,Kate Somerville,Skincare,49.0,4.0,1311,72,3,1,0.041666666666666664
P500127,Water Drench Hyaluronic Cloud Hydrating Body Cream,Peter Thomas Roth,Bath & Body,40.0,4.8333,2465,26,0,0,0.0
P500138,Polypeptide-121 Future Cream with Peptides and Ceramides,Youth To The People,Skincare,68.0,4.4403,29088,60,0,0,0.0
P500139,The Skinimalist Set,The Ordinary,Skincare,22.0,4.5,23001,48,0,0,0.0
P500141,Voce Viva Intensa Travel Spray,Valentino,Fragrance,35.0,4.0,5834,23,0,0,0.0
P500144,Color Block Obsessions Eyeshadow Palette,HUDA BEAUTY,Mini Size,32.0,4.6029,13004,146,0,0,0.0
P500151,Drop of Strength All Day Strengthening Serum,Dr. Brandt Skincare,Skincare,85.0,4.5,665,22,0,0,0.0
P500155,ExfoliKate All Over Glow Kit,Kate Somerville,Skincare,115.0,5.0,1243,84,6,1,0.07142857142857142
P500160,Mineral Sun Defense Moisturizer Broad Spectrum SPF 30,Naturally Serious,Skincare,36.0,4.3766,647,34,0,0,0.0
P500162,Skin Finish Water Based Loose Setting Powder,REFY,Makeup,32.0,3.8947,6581,10,0,0,0.0
P500163,Superfoods Avocado + Kiwi Moisture Leave-In Conditioner,Briogeo,Hair,25.0,4.2381,24065,36,0,0,0.0
P500170,Mon Paris Eau de Toilette Lumiere,Yves Saint Laurent,Fragrance,99.0,4.6214,5164,23,0,0,0.0
P500174,Superfoods Banana + Coconut Hydrating Soft Wave Texture Spray,Briogeo,Hair,25.0,4.3036,15505,31,0,0,0.0
P500177,Surf Texturizing Finishing Foam,Bumble and bumble,Hair,29.0,4.0,1622,39,0,0,0.0
P500182,tartelette tubing mascara,tarte,Makeup,25.0,3.6218,22941,18,0,0,0.0
P500238,Mini Collagen Superfusion Firming & Plumping Facial Oil,Charlotte Tilbury,Skincare,30.0,4.7143,13165,24,0,0,0.0
P500240,Daily Milkfoliant Exfoliator,Dermalogica,Skincare,65.0,4.7943,9681,65,0,0,0.0
P500243,Mini Daily Milkfoliant Exfoliator,Dermalogica,Mini Size,18.0,4.7943,15504,65,0,0,0.0
P500244,FIRMx Collagen Face & Eye Hydra-Gel Patches,Peter Thomas Roth,Skincare,65.0,4.6912,16592,45,0,0,0.0
P500245,C Beyond Triple Serum SPF 40 Mineral Sunscreen with Vitamin C 10% + Niacinamide,ILIA,Skincare,64.0,3.6609,24716,32,0,0,0.0
P500246,Just Add Rays Universal Translucent Glow Booster Drops,caliray,Makeup,34.0,4.3563,9162,20,0,0,0.0
P500247,Diorshow OnSet Brow Gel,Dior,Makeup,31.0,4.375,4514,27,0,0,0.0
P500248,Collagen Superfusion Firming & Plumping Facial Oil,Charlotte Tilbury,Skincare,85.0,4.5833,12680,24,0,0,0.0
P500251,Mini Born In Roma Perfume Set,Valentino,Fragrance,35.0,4.5061,46481,45,0,0,0.0
P500253,WANDERful World Silky-Soft Powder Blush,Benefit Cosmetics,Makeup,31.0,4.6492,77016,263,0,0,0.0
P500256,Mineral Sunscreen SPF 30,Mario Badescu,Skincare,28.0,5.0,983,33,0,0,0.0
P500263,Hy-Gen Skinglass Energizing & Hydrating Primer Serum,Natasha Denona,Makeup,48.0,4.6136,17260,42,0,0,0.0
P500265,Mini Y Eau de Parfum & Eau de Toilette Set,Yves Saint Laurent,Fragrance,30.0,4.7143,11111,31,0,0,0.0
P500283,PhD Hybrid Lip Oil,HAUS LABS BY LADY GAGA,Makeup,24.0,4.3613,107918,28,0,0,0.0
P500284,Le Monster Lip Crayon Lipstick,HAUS LABS BY LADY GAGA,Makeup,22.0,4.4658,60836,29,0,0,0.0
P500285,Beautiful Skin Sun-Kissed Glow Cream Bronzer,Charlotte Tilbury,Makeup,58.0,3.9649,73188,22,0,0,0.0
P500287,Isle Body Oil SPF 30 with Sea Moss and Squalane,CAY SKIN,Skincare,32.0,4.6,6848,43,0,0,0.0
P500288,1% Vitamin A Retinol Serum,Farmacy,Skincare,60.0,4.766,24674,45,0,0,0.0
P500289,Hibiscus Wave Spray,dae,Hair,28.0,4.5336,15755,28,0,0,0.0
P500294,Solar Infusion Moisturizing Cream Bronzer,ROSE INC,Makeup,36.0,4.7111,14832,41,0,0,0.0
P500295,The Edge Precision Eyebrow Pencil,HAUS LABS BY LADY GAGA,Makeup,22.0,4.04,8636,15,0,0,0.0
P500297,Mini Halo Healthy Glow Tinted Moisturizer Broad Spectrum SPF 25 with Hyaluronic Acid,Smashbox,Mini Size,16.0,3.3333,6593,59,0,0,0.0
P500298,"Hy-Power Eye, Cheek & Lip Pigment Paint",HAUS LABS BY LADY GAGA,Makeup,24.0,4.3771,38273,26,0,0,0.0
P500299,Mini GRO Revitalizing Shampoo for Thinning Hair,Vegamour,Hair,48.0,4.2286,5587,51,0,0,0.0
P500300,Genesis Homme Light-Hold Styling Wax Pomade,Kérastase,Hair,45.0,4.5604,831,29,0,0,0.0
P500301,Power Sculpt Velvet Bronzer with Fermented Arnica,HAUS LABS BY LADY GAGA,Makeup,38.0,4.6685,36145,32,0,0,0.0
P500302,Thickening Plumping Mask,Bumble and bumble,Hair,43.0,4.7907,2135,39,0,0,0.0
P500303,Vital Pressed Skincare Blurring Talc-Free Setting Powder,Westman Atelier,Makeup,75.0,4.504,22142,22,0,0,0.0
P500305,Genesis Homme Strengthening Shampoo for Men,Kérastase,Hair,40.0,4.6737,867,24,3,1,0.125
P500307,Cherry Treat Conditioning + Strengthening Lip Oil,Fenty Skin,Skincare,24.0,4.4484,119797,21,0,0,0.0
P500309,#FauxFilter Luminous Matte Buildable Coverage Crease Proof Concealer,HUDA BEAUTY,Makeup,31.0,4.688,98661,31,0,0,0.0
P500310,Frizz Block Humidity Proof Smoothing Spray,Virtue,Hair,44.0,4.675,3051,41,0,0,0.0
P500311,Skin Fetish: Divine Glow Highlighter,PAT McGRATH LABS,Makeup,48.0,4.4167,6383,19,0,0,0.0
P500312,Mini GRO Revitalizing Conditioner for Thinning Hair,Vegamour,Hair,14.0,4.2702,4781,43,0,0,0.0
P500313,Mini Diorshow Mascara Duo Set,Dior,Makeup,28.0,4.4,11238,75,0,0,0.0
P500314,Bio-Radiant Gel-Powder Highlighter with Fermented Arnica,HAUS LABS BY LADY GAGA,Makeup,40.0,4.6878,67936,25,0,0,0.0
P500315,Genesis Homme Hair Thickening Spray for Men,Kérastase,Hair,45.0,4.544,1171,21,0,0,0.0
P500316,Discovery Oil Sampler Set,Maison Louis Marie,Fragrance,54.0,4.6667,3830,63,0,0,0.0
P500317,Genesis Homme Thickening Shampoo for Men,Kérastase,Hair,40.0,4.6413,1379,26,3,1,0.11538461538461539
P500318,That Overnight Hustle AHA + BHA Resurfacer,JLo Beauty,Skincare,58.0,4.4409,3724,36,0,0,0.0
P500321,Mini Petite Lit Up Cream Highlighter Stick,Westman Atelier,Mini Size,25.0,4.05,28101,53,0,0,0.0
P500323,Mini HD Skin Undetectable Longwear Foundation,MAKE UP FOR EVER,Makeup,22.0,3.8684,34004,35,0,0,0.0
P500329,Plump + Juicy Lip Booster Buttery Treatment,Kosas,Skincare,25.0,4.2938,22688,30,0,0,0.0
P500331,Signature Scalp Balancing Conditioner,SUNDAY II SUNDAY,Hair,20.0,4.2857,435,36,0,0,0.0
P500336,Optic Intensity Eco Gel Eyeliner Pencil,HAUS LABS BY LADY GAGA,Makeup,22.0,3.75,56480,16,0,0,0.0
P500338,GRO AGELESS Anti-Gray Hair Serum,Vegamour,Hair,78.0,4.4877,9021,27,0,0,0.0
P500394,Magnetic False Lashes - Brown,Glamnetic,Makeup,30.0,,2204,1,0,0,0.0
P500397,Aqua Allegoria Flora Cherrysia Eau de Toilette,GUERLAIN,Fragrance,110.0,4.5926,2712,14,0,0,0.0
P500398,Milk Body Lotion,fresh,Bath & Body,42.0,4.7869,10399,27,0,0,0.0
P500399,Isle Glow Body Lotion SPF 45 with Sea Moss and Cocoa Seed Butter,CAY SKIN,Skincare,38.0,4.617,7565,43,0,0,0.0
P500400,Milk Body Cleanser,fresh,Bath & Body,32.0,4.7306,11394,29,0,0,0.0
P500402,Brow Genius Conditioning Brow Serum,Anastasia Beverly Hills,Makeup,65.0,4.1742,7494,33,0,0,0.0
P500403,SoftSculpt Transforming Skin Perfector,MAKEUP BY MARIO,Makeup,34.0,3.8906,56932,315,0,0,0.0
P500404,Aqua Allegoria Mandarine Basilic Eau de Toilette,GUERLAIN,Fragrance,110.0,4.4904,4939,21,0,0,0.0
P500405,Aqua Allegoria Bergamote Calabria Eau de Toilette,GUERLAIN,Fragrance,110.0,4.7188,2010,18,0,0,0.0
P500406,Milk Hydrating Hand Cream,fresh,Bath & Body,20.0,4.7846,7597,39,0,0,0.0
P500407,Beautiful Skin Medium to Full Coverage Radiant Concealer with Hyaluronic Acid,Charlotte Tilbury,Makeup,33.0,3.9696,69506,146,0,0,0.0
P500408,Dior Addict Shine Lipstick Refill,Dior,Makeup,35.0,5.0,4105,31,0,0,0.0
P500409,Intention Eau de Parfum Travel Spray,The Phluid Project,Fragrance,20.0,5.0,854,12,0,0,0.0
P500410,Aqua Allegoria Flora Salvaggia Eau de Toilette,GUERLAIN,Fragrance,110.0,4.7273,3829,15,0,0,0.0
P500411,Aqua Allegoria Nerolia Vetiver Eau de Toilette,GUERLAIN,Fragrance,110.0,4.0976,1796,19,0,0,0.0
P500414,RoseGlow Highlighting Powder,Laura Mercier,Makeup,36.0,4.0,5025,16,0,0,0.0
P500415,Aqua Allegoria Pera Granita Eau de Toilette,GUERLAIN,Fragrance,110.0,4.4667,5066,15,0,0,0.0
P500416,Magnetic Half Lashes,Glamnetic,Makeup,25.0,2.75,2763,1,0,0,0.0
P500417,Phluid Sampler Set,The Phluid Project,Fragrance,20.0,3.0,1695,64,0,0,0.0
P500418,Made in Mykonos Nail Set With Stickers,NAILS INC.,Makeup,16.0,3.75,3827,54,0,0,0.0
P500419,Aqua Allegoria Rosa Rossa Eau de Toilette,GUERLAIN,Fragrance,110.0,4.5532,1903,15,0,0,0.0
P500420,The Light Cream,Augustinus Bader,Skincare,180.0,4.3196,1389,41,0,0,0.0
P500421,Need A Spa Day Set,INC.redible,Bath & Body,25.0,,560,29,0,0,0.0
P500422,Transcend Eau de Parfum Travel Spray,The Phluid Project,Fragrance,20.0,,1186,15,0,0,0.0
P500423,Multi-Peptide Lash and Brow Serum,The Ordinary,Makeup,14.5,3.9864,288362,31,0,0,0.0
P500425,Solar Radiance Hydrating Cream Highlighter,ROSE INC,Makeup,30.0,4.7784,10937,25,0,0,0.0
P500426,Solar Radiance Hydrating Cream Highlighter Refill,ROSE INC,Makeup,18.0,4.0,902,25,0,0,0.0
P500428,Lift & Contour 1% Bakuchiol & Peptide Eye Serum,Wishful,Skincare,45.0,4.0,11916,20,0,0,0.0
P500430,Mini Naked Eyeshadow Palette,Urban Decay,Mini Size,33.0,4.6398,22897,56,0,0,0.0
P500431,Humanity Eau de Parfum Travel Spray,The Phluid Project,Fragrance,20.0,3.6667,903,18,0,0,0.0
P500432,Aqua Allegoria Orange Soleia Eau de Toilette,GUERLAIN,Fragrance,110.0,4.3571,1772,18,0,0,0.0
P500433,Aqua Allegoria Pamplelune Eau de Toilette,GUERLAIN,Fragrance,110.0,3.4615,959,17,0,0,0.0
P500434,Transcend Eau de Parfum,The Phluid Project,Fragrance,55.0,4.7391,1569,15,0,0,0.0
P500437,RoseGlow Blush Color Infusion,Laura Mercier,Makeup,36.0,4.625,13421,20,0,0,0.0
P500441,On The Horizon Nail Set,NAILS INC.,Makeup,22.0,4.2,4017,91,0,0,0.0
P500443,Humanity Eau de Parfum,The Phluid Project,Fragrance,20.0,4.7778,646,18,0,0,0.0
P500444,Black Reserve Body & Hair Cleanser,Jack Black,Bath & Body,24.0,5.0,287,50,0,0,0.0
P500445,Prep Set Tan Tanning Mist with Hyaluronic Acid,Iconic London,Skincare,29.0,4.2703,6187,34,0,0,0.0
P500446,Intention Eau de Parfum,The Phluid Project,Fragrance,20.0,4.6111,932,12,0,0,0.0
P500447,Balance Eau de Parfum,The Phluid Project,Fragrance,20.0,4.8889,761,15,0,0,0.0
P500448,Future Fluid All Over Medium Coverage Hydrating Concealer,MILK MAKEUP,Makeup,29.0,4.3944,66767,36,0,0,0.0
P500449,Glow and Sculpt Face Serum Primer with Niacinamide,REFY,Makeup,34.0,4.2759,36530,24,0,0,0.0
P500451,Balance Eau de Parfum Travel Spray,The Phluid Project,Fragrance,20.0,4.0,939,15,0,0,0.0
P500452,SoftSculpt Transforming Skin Enhancer,MAKEUP BY MARIO,Makeup,30.0,4.4878,110274,21,0,0,0.0
P500453,Best Skin Ever Full Coverage Multi-Use Concealer,SEPHORA COLLECTION,Makeup,15.0,4.3443,59835,28,0,0,0.0
P500464,NuBODY - Body Toning Device,NuFACE,Skincare,399.0,1.0,1312,26,0,0,0.0
P500466,CC+ Foundation Customizable Set,IT Cosmetics,Makeup,46.0,2.6,2181,225,0,0,0.0
P500467,Mini Sleep Stone Solid Body Moisturizer,Kate McLeod,Mini Size,12.0,4.7826,2769,7,0,0,0.0
P500468,Grounding Stone Solid Body Moisturizer,Kate McLeod,Bath & Body,45.0,4.7692,1177,7,0,0,0.0
P500469,Terre d'Hermès Eau Givrée Eau de Parfum,HERMÈS,Fragrance,108.0,4.2955,1162,18,0,0,0.0
P500471,Brume de Beauté Beauty Mist,Gucci,Skincare,78.0,4.6652,6498,27,0,0,0.0
P500474,Mini Wild Lash Plant-Powered Volumizing Mascara,Urban Decay,Mini Size,16.0,3.0,2409,19,0,0,0.0
P500476,Multipurpose Hydrating and Nourishing Balm,Gucci,Makeup,50.0,3.888,9689,25,0,0,0.0
P500477,Plumping Deep Conditioner,Melanin Haircare,Hair,32.0,4.6,3873,33,0,0,0.0
P500479,Mini Sex Stone Solid Body Moisturizer,Kate McLeod,Bath & Body,12.0,4.7879,5122,6,0,0,0.0
P500480,Nudies Matte Cream Bronzer,NUDESTIX,Makeup,35.0,4.3312,11631,21,0,0,0.0
P500481,Fantasize Lifting & Lengthening Mascara,ONE/SIZE by Patrick Starrr,Makeup,25.0,4.3293,11958,28,0,0,0.0
P500482,The Clean Dream Team Set,Tata Harper,Skincare,75.0,4.0,1395,164,0,0,0.0
P500483,Mini Grounding Stone Solid Body Moisturizer,Kate McLeod,Mini Size,12.0,4.7692,1693,7,0,0,0.0
P500486,Sex Stone Solid Body Moisturizer,Kate McLeod,Bath & Body,45.0,4.7879,2555,6,0,0,0.0
P500491,Xtra Sauce Longwear Vinyl Liquid Lipstick,GXVE BY GWEN STEFANI,Makeup,24.0,4.1811,4788,29,0,0,0.0
P500493,NU LIP & CHEEK BALMY TINT with Hyaluronic Acid,Yves Saint Laurent,Makeup,28.0,4.2408,14056,36,0,0,0.0
P500494,Body Glow Highlighting Serum,REFY,Bath & Body,40.0,4.2,7727,26,0,0,0.0
P500496,Irresistible Eau De Toilette Fraiche,Givenchy,Fragrance,111.0,,0,14,0,0,0.0
P500498,Sleep Stone Solid Body Moisturizer,Kate McLeod,Bath & Body,45.0,4.7826,1733,7,0,0,0.0
P500500,Mini Get Even Sun Milk SPF 33,Josie Maran,Mini Size,17.0,4.4,3627,49,0,0,0.0
P500501,Mini Fantasize Lifting & Lengthening Mascara,ONE/SIZE by Patrick Starrr,Makeup,15.0,4.1312,7886,28,0,0,0.0
P500502,SuperFruit Exfoliating Tonic 8% AHA Solution,ROSE Ingleton MD,Skincare,48.0,4.8571,1826,22,0,0,0.0
P500503,Le 8 Hypnôse Serum-Infused Volumizing Mascara,Lancôme,Makeup,33.0,4.158,6249,45,0,0,0.0
P500600,Silkamino  Mega-Moisturizing Shampoo,Drunk Elephant,Hair,27.0,4.5867,5073,32,0,0,0.0
P500601,Sili Whipped Body Lotion,Drunk Elephant,Bath & Body,30.0,4.25,6710,46,0,0,0.0
P500603,Silkamino Conditioning Leave-In Milk,Drunk Elephant,Hair,32.0,4.5949,4332,47,0,0,0.0
P500604,Stick Highlighter,Anastasia Beverly Hills,Makeup,34.0,3.5385,8228,20,0,0,0.0
P500605,Silkamino  Mega-Moisturizing Masker,Drunk Elephant,Hair,30.0,4.6667,4465,32,0,0,0.0
P500606,Crushed Oil-Infused Gloss Shimmer,Bobbi Brown,Makeup,32.0,3.6667,4526,47,0,0,0.0
P500613,Banana Bright+ Vitamin C Eye Crème,OLEHENRIKSEN,Skincare,42.0,4.2017,45414,61,0,0,0.0
P500614,Gentle Brightening Gel Cleanser with Mandelic Acid,Hyper Skin,Skincare,28.0,4.701,5176,11,0,0,0.0
P500617,Scrubbi Bamboes  Body Cleanser,Drunk Elephant,Bath & Body,24.0,2.5333,5260,41,0,0,0.0
P500618,Turmeric Glow Foaming Cleanser,KORA Organics,Skincare,44.0,4.6111,9992,38,0,0,0.0
P500620,Mini Clay Play To-Go Cheek Palette,tarte,Makeup,25.0,4.303,25644,50,0,0,0.0
P500622,Ultra-Blur Talc-Free Translucent Loose Setting Powder,Laura Mercier,Makeup,48.0,4.5471,70676,19,0,0,0.0
P500623,Eye and Lip Makeup Remover,Dior,Makeup,40.0,2.4,1695,18,0,0,0.0
P500624,No. 4C Bond Maintenance Clarifying Shampoo,Olaplex,Hair,30.0,4.7719,46900,43,0,0,0.0
P500626,Melting Cleansing Balm Cleanse + Balance,SEPHORA COLLECTION,Skincare,12.0,4.0131,15903,23,0,0,0.0
P500627,Mini Bronze Eyeshadow Palette,Natasha Denona,Mini Size,27.0,4.6875,19440,69,0,0,0.0
P500628,Complete Leave-In Conditioning Mist,JVN,Hair,21.0,4.3348,14309,23,0,0,0.0
P500629,Nouveau Eyeshadow Palette,Anastasia Beverly Hills,Makeup,55.0,4.6911,26598,263,0,0,0.0
P500633,Tea Elixir Niacinamide & Hyaluronic Acid Anti-Aging Serum,fresh,Skincare,80.0,4.7724,21533,37,0,0,0.0
P500636,Kind Words Lip Liner,Rare Beauty by Selena Gomez,Makeup,15.0,4.6231,173952,27,0,0,0.0
P500637,Kind Words Matte Lipstick,Rare Beauty by Selena Gomez,Makeup,20.0,4.5277,147671,24,0,0,0.0
P500638,Replenishing Body Wash,Oribe,Bath & Body,48.0,4.4138,5777,52,0,0,0.0
P500639,GRO Ageless Gray Delay Hair Supplement,Vegamour,Hair,78.0,4.6376,3253,25,0,0,0.0
P500641,Restorative Body Crème,Oribe,Bath & Body,65.0,4.6818,5242,59,0,0,0.0
P500687,Keep It Clean Hydrating Gel Cleanser with Ceramides & 10 Amino Acids,iNNBEAUTY PROJECT,Skincare,26.0,4.5226,7237,48,0,0,0.0
P500691,Hair Shampoo & Conditioner Bar with Bamboo Holder Set,Viori,Hair,39.0,4.65,32382,54,0,0,0.0
P500696,Eye Revival Brightening Eye Cream,ROSE INC,Skincare,55.0,4.6915,7827,36,0,0,0.0
P500697,Coming Up Roses Blush & Lip Kit,Anastasia Beverly Hills,Makeup,50.0,5.0,9864,73,0,0,0.0
P500698,Hair Shampoo Bar,Viori,Hair,18.0,4.6349,6568,25,0,0,0.0
P500701,Advanced Night Repair Eye Gel-Cream,Estée Lauder,Skincare,72.0,4.3493,10521,55,0,0,0.0
P500702,Hair Shampoo & Conditioner Bar Set,Viori,Hair,36.0,4.7778,7654,54,0,0,0.0
P500705,Skin Changer Succinic Acid Essence-Toner,FaceGym,Skincare,48.0,4.7681,2193,30,0,0,0.0
P500706,Teint Idole Ultra Wear Care & Glow Foundation​ with Hyaluronic Acid,Lancôme,Makeup,57.0,4.5373,30476,53,0,0,0.0
P500707,Hair Conditioner Bar,Viori,Hair,18.0,4.625,2361,21,0,0,0.0
P500713,Hydro Rush Intense Moisture Conditioner with Hyaluronic Acid,amika,Hair,26.0,3.9158,12416,43,0,0,0.0
P500714,Elixir Hair Oil Treatment with Castor Oil,BondiBoost,Hair,19.95,4.9211,9613,15,0,0,0.0
P500715,Hair Thickening Therapy Conditioner,BondiBoost,Hair,29.95,4.8842,11469,28,0,0,0.0
P500716,10 Day Results Kit,Algenist,Skincare,88.0,4.8023,3206,146,0,0,0.0
P500718,Smart Clinical Repair Wrinkle Correcting Cream,CLINIQUE,Skincare,68.0,4.178,1237,44,0,0,0.0
P500720,Chance Eau Tendre Eau de Parfum Gift Set,CHANEL,Fragrance,160.0,3.6667,13148,40,0,0,0.0
P500723,Hair Thickening Therapy Mask,BondiBoost,Hair,29.95,4.9249,11214,33,0,0,0.0
P500729,Best Sellers Set,SEPHORA COLLECTION,Skincare,20.0,4.3333,3742,71,3,1,0.04225352112676056
P500730,Silk Balm Icy Cryo-Plumping Lip Balm,HUDA BEAUTY,Makeup,25.0,3.4545,8807,24,0,0,0.0
P500733,Eye Popper Creamy Matte Liquid Eyeshadow,ONE/SIZE by Patrick Starrr,Makeup,24.0,5.0,3614,21,0,0,0.0
P500739,Mini Daily Glow Toner with Niacinamide,Charlotte Tilbury,Mini Size,19.0,3.0,9527,32,0,0,0.0
P500743,Vitamin Face Masks,SEPHORA COLLECTION,Skincare,5.5,4.4,10162,21,0,0,0.0
P500744,Clean Lip Balm & Scrub,SEPHORA COLLECTION,Skincare,7.0,4.5128,24932,18,0,0,0.0
P500746,Hydrating Serum with Hyaluronic Acid,First Aid Beauty,Skincare,40.0,4.5727,8865,22,0,0,0.0
P500747,Hydro Rush Intense Moisture Leave-In Conditioner with Hyaluronic Acid,amika,Hair,28.0,4.6388,37664,43,0,0,0.0
P500748,Hydro Rush Intense Moisture Shampoo with Hyaluronic Acid,amika,Hair,26.0,3.8838,14548,36,0,0,0.0
P500749,Hair Thickening Therapy Styling Spray,BondiBoost,Hair,27.99,4.8726,11008,21,0,0,0.0
P500753,Daily Glow Toner with Niacinamide,Charlotte Tilbury,Skincare,55.0,4.381,7914,32,0,0,0.0
P500755,Cryo Skin Icing Roller + Bright Eyes Gels Set,BeautyBio,Skincare,100.0,,876,24,0,0,0.0
P500756,10% Vitamin C Brightening Serum,First Aid Beauty,Skincare,50.0,4.6781,16175,20,0,0,0.0
P500757,Microneedling Anti-Wrinkle Retinol Patches,Peace Out,Skincare,24.0,3.9965,4415,22,0,0,0.0
P500759,Hair Thickening Therapy Shampoo,BondiBoost,Hair,29.95,4.7835,17937,33,0,0,0.0
P500763,Lip Sleeping Mask,SEPHORA COLLECTION,Skincare,5.0,3.6667,1006,13,0,0,0.0
P500766,"01 ""Taunt"" Eau de Parfum",DedCool,Fragrance,90.0,4.619,4166,27,0,0,0.0
P500768,Alien Goddess Eau de Parfum Intense,Mugler,Fragrance,180.0,4.5776,17709,22,0,0,0.0
P500769,Silk Balm Spicy Thermo-Plumping Lip Balm,HUDA BEAUTY,Makeup,25.0,2.2222,3573,34,0,0,0.0
P500771,Smart Clinical Repair Wrinkle Correcting Rich Cream,CLINIQUE,Skincare,68.0,4.4118,574,51,0,0,0.0
P500774,Clarifying Toner with Niacinamide and Zinc,SEPHORA COLLECTION,Skincare,14.0,4.4444,9632,12,0,0,0.0
P500775,Back to Basics: Hydration Heroes Skincare Set,The INKEY List,Skincare,27.0,3.75,6671,69,0,0,0.0
P500777,Sugar Lip Balm Hydrating Treatment,fresh,Skincare,25.0,4.5244,41928,28,0,0,0.0
P500778,N°39 Facial Sunscreen Mist with SPF 39,HABIT,Skincare,30.0,4.708,5554,20,0,0,0.0
P500779,The Cleansing Scalp Scrub Shampoo,Crown Affair,Hair,54.0,4.8824,4272,14,0,0,0.0
P500780,Maracuja Juicy Glow Highlighting Stick,tarte,Makeup,29.0,4.1667,25798,32,0,0,0.0
P500781,Resurfacing + Smoothing Body Serum with AHAs,Tata Harper,Bath & Body,155.0,4.7778,2543,57,0,0,0.0
P500782,100% Mineral SPF Starter Kit,Supergoop!,Skincare,29.0,1.8,4707,72,0,0,0.0
P500785,Vitamin C Skincare Set,SEPHORA COLLECTION,Skincare,15.0,4.5833,11340,68,0,0,0.0
P500787,All Day Body Hydrator with Shea Butter,SEPHORA COLLECTION,Bath & Body,18.0,4.2333,5438,27,0,0,0.0
P500790,Mini Smart Clinical Repair Wrinkle Correcting Cream,CLINIQUE,Mini Size,22.0,4.4375,1063,44,0,0,0.0
P500792,"01 ""Taunt"" Eau de Parfum Travel Spray",DedCool,Fragrance,30.0,4.619,5699,27,0,0,0.0
P500839,Mascarilla de Babassu Hydrating Hair Mask,Ceremonia,Hair,29.0,4.3719,3442,43,0,0,0.0
P500840,Gimme Brow+ Volumizing  Fiber Eyebrow Pencil,Benefit Cosmetics,Makeup,25.0,4.3776,12357,29,0,0,0.0
P500841,Guava Hydrating Leave-In Conditioner,Ceremonia,Hair,24.0,4.4297,6672,39,0,0,0.0
P500843,Mini Run-Through Detangling Hair Primer,Oribe,Mini Size,19.0,,0,56,0,0,0.0
P500844,Guava Beach Waves Hair Texturizing Spray,Ceremonia,Hair,20.0,4.7048,5671,12,0,0,0.0
P500845,Aceite de Moska Pre-Shampoo Scalp & Hair Oil,Ceremonia,Hair,28.0,4.6492,7468,19,0,0,0.0
P500846,Mini Complete Leave-In Conditioning Mist,JVN,Hair,12.0,4.3348,6970,23,0,0,0.0
P500847,Strengthening Conditioner with Biotin,SEPHORA COLLECTION,Hair,12.0,3.7,2191,20,0,0,0.0
P500854,Waterproof Lash Glue,HUDA BEAUTY,Makeup,15.0,3.5385,3897,10,0,0,0.0
P500855,Blonde POP Purple Toning Shampoo,IGK,Hair,32.0,4.4012,606,50,0,0,0.0
P500856,Retinol Anti-Aging Power Duo,Peace Out,Skincare,48.0,4.2222,3592,68,0,0,0.0
P500857,Deep Relief Acne Treatment with Salicylic Acid,Murad,Skincare,45.0,4.7074,15103,36,3,1,0.08333333333333333
P500862,Body Wipes- Aloe Infused,Dame,Bath & Body,12.0,4.8252,2253,15,0,0,0.0
P500863,Mini Maximista Hair Thickening Spray,Oribe,Hair,19.0,5.0,4026,25,0,0,0.0
P500864,L.A. Blonde Purple Toning Leave-In Treatment Spray,IGK,Hair,29.0,4.2,1086,24,0,0,0.0
P500870,Guava Rescue Hair Heat Protectant Spray,Ceremonia,Hair,22.0,4.5743,6771,35,0,0,0.0
P500871,Mini Straight Away Smoothing Blowout Hair Cream,Oribe,Hair,18.0,,0,58,0,0,0.0
P500873,Yucca & Witch Hazel Deep Hydrating Shampoo,Ceremonia,Hair,20.0,3.9339,2050,62,0,0,0.0
P500874,L'Homme Eau de Parfum,Yves Saint Laurent,Fragrance,106.0,4.6367,2319,19,0,0,0.0
P500875,"Mini Hair Hydrating Set: Scalp Care, Shampoo & Treat",Ceremonia,Hair,38.0,2.8571,2829,158,0,0,0.0
P500876,Mini Hibiscus Wave Spray,dae,Hair,14.0,4.5336,6325,28,0,0,0.0
P500877,Pequi Curl Activator Styling Serum,Ceremonia,Hair,27.0,4.2917,2315,40,0,0,0.0
P500878,Pequi Medium-Hold Styling Hair Gel,Ceremonia,Hair,22.0,4.2,1212,15,0,0,0.0
P500880,Classic Face Organic Sunscreen Lotion SPF 50,COOLA,Skincare,32.0,5.0,2772,34,0,0,0.0
P500882,Mini Complete Hydrating Air Dry Hair Cream,JVN,Hair,12.0,3.3478,11632,29,0,0,0.0
P500884,"Guava Mini Hair Kit - For Heat Protecting, Detangling, Hydrating and Styling",Ceremonia,Hair,28.0,4.1667,4141,89,0,0,0.0
P500885,Dry Shampoo Powder,Verb,Hair,20.0,3.741,3281,31,0,0,0.0
P500886,Cupuaçu & Castor Deep Hydrating Conditioner,Ceremonia,Hair,20.0,3.9528,1897,34,0,0,0.0
P500887,Mothership X Eyeshadow Palette:  Moonlit Seduction,PAT McGRATH LABS,Makeup,128.0,4.7849,21352,138,0,0,0.0
P500890,Hydrating Leave In Conditioner,SEPHORA COLLECTION,Hair,12.0,4.4512,7293,22,0,0,0.0
P500891,Papaya Scalp Scrub Shampoo,Ceremonia,Hair,29.0,4.8,6527,24,0,0,0.0
P500894,Fat Water Hydrating Milky Toner Essence with Hyaluronic Acid + Tamarind,Fenty Skin,Skincare,34.0,4.6554,24560,43,0,0,0.0
P500895,Aceite de Moska Hair Oil & Scalp Massager Set,Ceremonia,Hair,40.0,4.7778,3307,19,0,0,0.0
P500897,Repairing Hair Mask,SEPHORA COLLECTION,Hair,12.0,4.6509,8354,22,0,0,0.0
P500899,Hair Oil Mist con Aloe Vera,Ceremonia,Hair,26.0,4.1333,2749,25,0,0,0.0
P500901,Blonde POP Purple Toning Conditioner,IGK,Hair,32.0,4.2604,453,34,0,0,0.0
P500905,Strengthening Shampoo with Biotin,SEPHORA COLLECTION,Hair,12.0,2.7,2525,23,1,1,0.043478260869565216
P500911,Ralph's Club Parfum,Ralph Lauren,Fragrance,140.0,4.442,600,17,0,0,0.0
P500982,Water Bank Cleansing Foam,LANEIGE,Skincare,25.0,3.9286,7317,43,0,0,0.0
P500983,"Anytime, Anyface Lactic Acid Serum + Protini Moisturizer Duo",Drunk Elephant,Skincare,28.0,5.0,12280,138,0,0,0.0
P500987,Lovefest Burning Cherry | 48 Travel Spray,KAYALI,Fragrance,25.0,3.8703,27567,17,0,0,0.0
P500988,Moon Dew 1% Bakuchiol + Peptides Retinol Alternative Eye Cream,Herbivore,Skincare,48.0,4.2297,22997,49,0,0,0.0
P500992,Rouge Artist For Ever Matte 24HR Longwear Liquid Lipstick,MAKE UP FOR EVER,Makeup,25.0,4.1005,19148,29,0,0,0.0
P500993,"The Sunscreen - 100% Mineral, Broad Spectrum SPF 30 with 20% Non-Nano Zinc, Hyaluronic Acid and Niacinamide",Nécessaire,Skincare,25.0,4.5322,11896,35,0,0,0.0
P500996,Detangling Nectar,PATTERN by Tracee Ellis Ross,Hair,25.0,4.25,4645,23,0,0,0.0
P500997,Rouge Dior Forever Transfer-Proof Lipstick,Dior,Makeup,45.0,4.4264,86389,32,0,0,0.0
P500998,Soothe + Hydrate Barrier Building Hydrosol Mist,Flora + Bast,Skincare,44.0,5.0,986,4,0,0,0.0
P500999,Signature Scalp Balancing Scrub,SUNDAY II SUNDAY,Hair,31.0,4.5714,570,9,0,0,0.0
P501003,Clarifying Water Gel Moisturizer with Hyaluronic Acid,Murad,Skincare,49.0,3.0,1415,65,3,1,0.046153846153846156
P501004,Youthful Active Roller with Niacinamide,FaceGym,Skincare,70.0,4.6316,1119,15,0,0,0.0
P501005,Premium BB Tinted Moisturizer with Niacinamide and SPF 40,Dr. Jart+,Skincare,44.0,4.3229,33513,40,0,0,0.0
P501007,Pumpkin Chai Liquid Soap,NEST New York,Bath & Body,22.0,,550,28,0,0,0.0
P501008,Pop Plush Creamy Lip Gloss,CLINIQUE,Makeup,21.0,4.3424,27272,41,0,0,0.0
P501010,Glycolic Acid Exfoliating Scalp Scrub,The INKEY List,Hair,14.99,4.2817,15373,22,0,0,0.0
P501013,Born This Way Ethereal Setting Powder,Too Faced,Makeup,38.0,4.4699,8405,30,0,0,0.0
P501014,Mini Lightwork Vol. III The Experience Eye & Face Palette,Danessa Myricks Beauty,Makeup,85.0,4.6316,14602,53,0,0,0.0
P501018,LOVEFEST BURNING CHERRY | 48,KAYALI,Fragrance,125.0,3.8703,37609,17,0,0,0.0
P501021,Daisy Ever So Fresh Eau de Parfum,Marc Jacobs Fragrances,Fragrance,163.0,4.2781,14931,24,0,0,0.0
P501022,mini tartelette  tubing mascara,tarte,Mini Size,15.0,3.6515,10610,18,0,0,0.0
P501024,Hydrating Active Roller with Hyaluronic Acid,FaceGym,Skincare,70.0,4.3,407,18,0,0,0.0
P501027,Chocolate Soleil Natural Bronzer,Too Faced,Makeup,35.0,4.5028,7115,24,0,0,0.0
P501028,Ceramighty  AF Eye Cream with Ceramides,Drunk Elephant,Skincare,60.0,4.3972,19664,43,0,0,0.0
P501029,Retinol Fast-Release Wrinkle Reducing Night Serum,Kiehl's Since 1851,Skincare,85.0,4.5163,8391,32,0,0,0.0
P501030,Radian-C Brightening Treatment Essence,LANEIGE,Skincare,39.0,4.6995,10478,19,0,0,0.0
P501031,Pore Remedy 5% Multi-Acid Radiance Peel,Dr. Jart+,Skincare,40.0,4.5741,5678,53,3,1,0.05660377358490566
P501033,Better Than Chocolate Eyeshadow Palette,Too Faced,Makeup,54.0,4.3387,8330,241,0,0,0.0
P501034,Daisy Ever So Fresh Eau de Parfum Penspray,Marc Jacobs Fragrances,Fragrance,34.0,3.5,4403,24,0,0,0.0
P501035,Mini Always an Optimist 4-in-1 Mist,Rare Beauty by Selena Gomez,Mini Size,14.0,3.9167,42938,38,0,0,0.0
P501036,Cocoa Bold Cream Lipstick,Too Faced,Makeup,28.0,4.4762,15809,24,0,0,0.0
P501066,Calm the F*ck Down Deodorant,By Rosie Jane,Bath & Body,15.0,3.0,1162,9,0,0,0.0
P501139,Calm the F*ck Down Body Oil,By Rosie Jane,Bath & Body,40.0,3.5,1303,9,0,0,0.0
P501140,The Body Cream,Augustinus Bader,Bath & Body,185.0,4.3333,861,40,0,0,0.0
P501141,Flora Gorgeous Jasmine Eau de Parfum,Gucci,Fragrance,155.0,3.8995,19248,16,0,0,0.0
P501144,Wake the F*ck Up Body Oil,By Rosie Jane,Bath & Body,40.0,4.5,1828,10,0,0,0.0
P501152,"Dedtergent 01 ""Taunt""",DedCool,Fragrance,35.0,4.5714,3802,10,0,0,0.0
P501153,Major Eye Impact Repair + Brighten Skincare Set,Estée Lauder,Skincare,72.0,4.0,1854,100,0,0,0.0
P501154,Ambient Soft Glow Foundation,Hourglass,Makeup,58.0,4.3736,68087,35,0,0,0.0
P501155,Tinted Blur Contour Sculpting Stick,NUDESTIX,Makeup,32.0,4.3162,9751,22,0,0,0.0
P501156,Mini Major Brow Lamination Gel,PATRICK TA,Makeup,15.0,3.16,8679,18,0,0,0.0
P501157,Vitamin C Lactic Firm & Bright Eye Treatment,Dr. Dennis Gross Skincare,Skincare,68.0,4.7459,12157,49,0,0,0.0
P501159,Luxe Vibes Luxury Beauty Sampler Set,Sephora Favorites,Makeup,65.0,2.9524,18892,206,0,0,0.0
P501160,Mini Triple Bond Complex Leave-in Hair Treatment,Living Proof,Mini Size,20.0,4.3859,8315,39,0,0,0.0
P501161,Flora Gorgeous Jasmine Eau de Parfum Pen Spray,Gucci,Fragrance,38.0,4.0667,10884,16,0,0,0.0
P501164,Hydrate & Glow Skincare Set,CLINIQUE,Skincare,42.0,,2557,123,0,0,0.0
P501165,SHIKULIME Mega Hydrating Moisturizer,WASO,Skincare,36.0,4.6605,9824,45,0,0,0.0
P501166,Vitamin C Lactic Oil-Free Radiant Moisturizer,Dr. Dennis Gross Skincare,Skincare,72.0,4.6577,6654,70,0,0,0.0
P501168,Triple Bond Complex Leave-in Hair Treatment,Living Proof,Hair,45.0,4.3859,21343,39,0,0,0.0
P501169,Vitamin C Lactic 15% Firm & Bright Serum,Dr. Dennis Gross Skincare,Skincare,85.0,4.556,24244,16,0,0,0.0
P501170,SHIKULIME Color Control Oil-Free Moisturizer SPF 30,WASO,Skincare,36.0,4.1776,3322,35,0,0,0.0
P501171,YUZU-C Beauty Sleeping Mask,WASO,Skincare,38.0,4.595,4247,40,0,0,0.0
P501172,Ombres G Quad Eyeshadow Palette,GUERLAIN,Makeup,85.0,4.75,4043,22,0,0,0.0
P501175,White Ginseng Radiance Refining Mask,Sulwhasoo,Skincare,68.0,5.0,1769,35,0,0,0.0
P501176,Soft Clean Infusion Hydrating Treatment Lotion,Estée Lauder,Skincare,42.0,3.8333,920,57,0,0,0.0
P501177,Blot & Blur Matte Stick,NUDESTIX,Makeup,34.0,4.2796,8743,23,0,0,0.0
P501178,YUZU-C Glow-On Shot Serum,WASO,Skincare,45.0,4.4206,1403,38,0,0,0.0
P501179,Pink Collection Le Rouge Sheer Velvet Matte Lipstick,Givenchy,Makeup,43.0,4.5132,3076,21,0,0,0.0
P501181,Vice Lip Bond Glossy Liquid Lipstick,Urban Decay,Makeup,27.0,4.3876,35863,18,0,0,0.0
P501183,Nudies Matte Lux All-Over Face Blush,NUDESTIX,Makeup,35.0,4.6076,11406,23,0,0,0.0
P501185,Luxury Lip Shine – Longwear Hydration Lip Oil with Vitamin C,Saint Jane Beauty,Skincare,28.0,4.6552,4219,9,0,0,0.0
P501186,Complete Blowout Styling Milk,JVN,Hair,29.0,4.6331,34585,33,0,0,0.0
P501187,SHIKULIME Gel-to-Oil Cleanser,WASO,Skincare,28.0,4.4249,1360,28,0,0,0.0
P501188,SATOCANE Pore Purifying Scrub Mask,WASO,Skincare,38.0,4.5729,1673,26,0,0,0.0
P501189,KOSHIRICE Acne Calming Spot Treatment,WASO,Skincare,25.0,4.2212,1501,23,3,1,0.13043478260869565
P501190,Vitamin C Lactic Dewy Deep Cream,Dr. Dennis Gross Skincare,Skincare,75.0,4.8008,10107,65,0,0,0.0
P501193,Major Brow Defining Pencil,PATRICK TA,Makeup,27.0,4.8657,9034,13,0,0,0.0
P501195,"Hydrating Scalp Serum & Supplements Set for Healthy, Fuller Looking Hair",OUAI,Hair,75.0,4.6667,8625,46,0,0,0.0
P501199,YUZU-C Eye Awakening Essence,WASO,Skincare,30.0,4.4301,2784,34,0,0,0.0
P501213,Squalane + Retinol Night Serum,Biossance,Skincare,72.0,4.4742,12007,23,0,0,0.0
P501215,Mineralist Lasting Matte Liquid Lipstick,bareMinerals,Makeup,22.0,4.655,9436,28,0,0,0.0
P501216,Mini Good Girl Eau de Parfum Set,Carolina Herrera,Fragrance,35.0,4.1304,56238,32,0,0,0.0
P501217,Mineralist Lasting Lip Liner,bareMinerals,Makeup,21.0,4.6741,6415,18,0,0,0.0
P501218,Milk Eau de Parfum,DedCool,Fragrance,90.0,4.1507,3045,24,0,0,0.0
P501220,02 Eau de Parfum Travel Spray,DedCool,Fragrance,30.0,4.6667,1037,28,0,0,0.0
P501222,PERSONAL - Scent Space Set,Commodity,Fragrance,26.0,4.0,1706,39,0,0,0.0
P501227,02 Eau de Parfum,DedCool,Fragrance,90.0,4.6667,712,28,0,0,0.0
P501228,EXPRESSIVE Scent Space Set,Commodity,Fragrance,26.0,4.75,3536,47,0,0,0.0
P501230,Noir G Volumizing & Curling Mascara,GUERLAIN,Makeup,40.0,4.1667,1316,34,0,0,0.0
P501231,Discovery Set,DedCool,Fragrance,30.0,4.1515,7776,183,0,0,0.0
P501232,Milk Eau de Parfum Travel Spray,DedCool,Fragrance,30.0,4.1507,4377,24,0,0,0.0
P501233,BOLD + Scent Space Set,Commodity,Fragrance,26.0,5.0,2755,47,0,0,0.0
P501236,Abeille Royale Anti-Aging Double R Advanced Serum,GUERLAIN,Skincare,240.0,4.6196,3942,57,0,0,0.0
P501242,Gorgeous Flora Glow & Care Shine Lipstick,Gucci,Makeup,45.0,4.6667,0,28,0,0,0.0
P501243,GOOPGLOW Exfoliating Dark Spot Sleep Serum,goop,Skincare,98.0,4.0598,2143,41,0,0,0.0
P501247,Level Up Lash Conditioning Serum,Lilly Lashes,Makeup,48.0,3.9502,1862,50,0,0,0.0
P501251,Signature Blowout Hair Set,Oribe,Hair,79.0,5.0,6068,153,0,0,0.0
P501252,Madonna Lilly Eau de Parfum Travel Spray,DedCool,Fragrance,30.0,4.6522,1138,33,0,0,0.0
P501254,Watermelon Glow AHA Night Treatment,Glow Recipe,Skincare,40.0,4.6795,46292,41,0,0,0.0
P501256,Scalp Scrub St. Barts & Hair Oil Set,OUAI,Hair,52.0,3.5,6933,87,0,0,0.0
P501260,Vanilla Juicy Apple Set,KAYALI,Fragrance,85.0,3.7083,12863,30,0,0,0.0
P501262,Invisimatte Refill Instant Setting + Blotting Powder,Fenty Beauty by Rihanna,Makeup,26.0,3.5,4183,19,0,0,0.0
P501263,Red Dakota Eau de Parfum Travel Spray,DedCool,Fragrance,30.0,4.2609,1555,31,0,0,0.0
P501264,The Hydrating Treatment Lotion & Crème Set,La Mer,Skincare,200.0,3.0,3433,106,0,0,0.0
P501265,Lash Extension Tubing Mascara,Blinc,Makeup,26.0,3.7941,5598,17,0,0,0.0
P501266,Red Dakota Eau de Parfum,DedCool,Fragrance,90.0,4.2609,1227,31,0,0,0.0
P501267,Mini Daisy Perfume Gift Set,Marc Jacobs Fragrances,Fragrance,69.0,4.0,7644,22,0,0,0.0
P501271,Atomic Shake Long Lasting Liquid Lipstick,HAUS LABS BY LADY GAGA,Makeup,26.0,3.0187,37352,23,0,0,0.0
P501282,C5 Super Boost Vitamin C Moisturizer,Paula's Choice,Skincare,45.0,4.6986,13256,47,0,0,0.0
P501284,Halo Sheer To Stay Cream Cheek + Lip Tint,Smashbox,Makeup,28.0,4.1971,3868,37,0,0,0.0
P501287,"03 ""Blonde"" Eau de Parfum Travel Spray",DedCool,Fragrance,30.0,4.4375,1373,34,0,0,0.0
P501288,C5 Super Boost Vitamin C Eye Cream,Paula's Choice,Skincare,39.0,4.5,22932,42,0,0,0.0
P501291,Madonna Lilly Eau de Parfum,DedCool,Fragrance,90.0,4.6522,863,33,0,0,0.0
P501299,Click Magnetic Faux Mink False Lash Collection,Lilly Lashes,Makeup,30.0,4.3157,3943,1,0,0,0.0
P501302,Lilly Lashes Click Magnetic Felt Tip Eyeliner,Lilly Lashes,Makeup,26.0,4.3699,2298,9,0,0,0.0
P501303,"03 ""Blonde"" Eau de Parfum",DedCool,Fragrance,90.0,4.4375,930,34,0,0,0.0
P501312,Eaze Drop'lit All-Over Glow Enhancer,Fenty Beauty by Rihanna,Makeup,34.0,4.1565,23357,37,0,0,0.0
P501313,Gorgeous Flora Eyeshadow Palette,Gucci,Makeup,152.0,4.2308,6700,299,0,0,0.0
P501315,No Frizz Vanishing Oil,Living Proof,Hair,32.0,4.6597,7663,21,0,0,0.0
P501316,Beauty Sleep Overnight Repair Treatment Cream with AHA's and Vitamin C,TULA Skincare,Skincare,68.0,4.0417,1817,76,0,0,0.0
P501321,Luxury Sun Ritual Pore Smoothing Sunscreen SPF 30,Saint Jane Beauty,Skincare,38.0,4.8262,10922,20,0,0,0.0
P501323,Overnight Recovery Duo,Tatcha,Skincare,88.0,4.2,15655,70,0,0,0.0
P501326,Exploration Set,Commodity,Fragrance,42.0,4.9231,6801,133,0,0,0.0
P501327,Empowered Eyeshadow Palette,HUDA BEAUTY,Makeup,69.0,4.7251,53653,278,0,0,0.0
P501329,Flora Gorgeous Jasmine Perfume Gift Set,Gucci,Fragrance,96.0,5.0,3440,16,0,0,0.0
P501330,Black Opium Gift Set,Yves Saint Laurent,Fragrance,150.0,3.5,3086,57,0,0,0.0
P501332,Dreamy Gleamy Holiday Lip Gloss Duo Set,Tower 28 Beauty,Makeup,22.0,4.6923,32535,52,0,0,0.0
P501341,Wishing You Outrageous Plump Intense Set,SEPHORA COLLECTION,Makeup,13.0,4.1818,16480,58,0,0,0.0
P501346,Wishing You Cream Lip Stain Set,SEPHORA COLLECTION,Makeup,30.0,4.5263,14749,144,0,0,0.0
P501348,MYTH Maker Gift Set,Ellis Brooklyn,Fragrance,105.0,5.0,2305,18,0,0,0.0
P501350,Divine Blush + Glow Face Palette: Nude Venus,PAT McGRATH LABS,Makeup,62.0,4.2857,17976,82,0,0,0.0
P501353,Missing Person Perfume Set,PHLUR,Fragrance,98.0,4.3636,11205,3,0,0,0.0
P501355,Mini Lip Shine Trio: Nude Venus,PAT McGRATH LABS,Mini Size,25.0,4.4444,27415,59,0,0,0.0
P501360,Mini Coffret Set,Gucci,Fragrance,65.0,4.4,26321,71,0,0,0.0
P501365,Wishing You Blockbuster Multi-Use Makeup Palette,SEPHORA COLLECTION,Makeup,36.0,3.9,13299,165,0,0,0.0
P501404,Rapid Repair Hair Mask,BondiBoost,Hair,29.95,4.9937,6772,31,0,0,0.0
P501412,Skin Full Cover Concealer,Bobbi Brown,Makeup,33.0,4.6893,17491,44,0,0,0.0
P501413,"103 Tiare Flower, Jasmine and Hibiscus Eau de Parfum",Bon Parfumeur,Fragrance,107.0,4.6,1464,12,0,0,0.0
P501414,Miss Dior Blooming Bouquet Lifestyle Gift Set,Dior,Makeup,110.0,2.5,11973,153,0,0,0.0
P501418,Monsoon Moisture Hydrating Conditioner,dae,Hair,28.0,4.3545,11403,28,0,0,0.0
P501421,Dew Dream- Hydrating Makeup Removing Cleansing Balm with Tiger Grass,EADEM,Skincare,30.0,4.6881,4482,36,0,0,0.0
P501422,"103 Tiare Flower, Jasmine and Hibiscus Eau de Parfum Travel Spray",Bon Parfumeur,Fragrance,34.0,3.5,1086,12,0,0,0.0
P501424,SahaScalp Hydrating Cooling Scalp Mud Mask,Fable & Mane,Hair,34.0,4.402,4232,22,0,0,0.0
P501426,Mini Gimme Brow + Volumizing Fiber Eyebrow Pencil,Benefit Cosmetics,Mini Size,15.0,4.4,3656,29,0,0,0.0
P501435,Gimme Brow Goals Volumizing Brow Gel & Pencil Duo,Benefit Cosmetics,Makeup,27.0,4.0,3154,64,0,0,0.0
P501436,Match Stix Corrector Skinstick,Fenty Beauty by Rihanna,Makeup,32.0,3.36,11902,32,0,0,0.0
P501442,Good Vibes Only + Hydration + Repair Hair Mask Set,amika,Hair,39.0,5.0,29742,93,0,0,0.0
P501443,Wink Stamp Long Waterproof Wing Eyeliner Stamp & Pen,Kaja,Makeup,29.0,4.5385,8825,49,0,0,0.0
P501445,Mini Bad Side Zodiac Eyeshadow Palette,Melt Cosmetics,Makeup,38.0,4.3333,16465,51,0,0,0.0
P501447,APRÈS Essentials Gift Set,Ellis Brooklyn,Fragrance,105.0,3.2,2328,17,0,0,0.0
P501448,Apres Ski Holiday Mini Candle Gift Set,FORVR Mood,Fragrance,50.0,4.0,2826,4,0,0,0.0
P501449,PEPTIDE PREP Clarifying Detox Shampoo,K18 Biomimetic Hairscience,Hair,38.0,4.7944,24418,19,3,1,0.15789473684210525
P501450,Letters to Lashes Mascara Set,Benefit Cosmetics,Makeup,42.0,4.8462,11050,95,0,0,0.0
P501451,Lip Blur Soft-Matte Hydrating Lipstick with Hyaluronic Acid,Saie,Makeup,24.0,4.5964,32351,22,0,0,0.0
P501462,Glossy Posse Volume 5.0 Lip Gloss Bomb Trio,Fenty Beauty by Rihanna,Makeup,38.0,4.7143,60752,109,0,0,0.0
P501473,Retro Glam Eyeshadow Palette,Natasha Denona,Makeup,69.0,4.7652,25468,30,0,0,0.0
P501474,The Youth Vault: 13-Piece Vegan Skincare + Apparel Set,Youth To The People,Skincare,340.0,4.875,8989,437,3,1,0.006864988558352402
P501479,Bitter Peach Perfume Set,TOM FORD,Fragrance,390.0,4.6667,3644,20,0,0,0.0
P501489,Hero Eau de Parfum,BURBERRY,Fragrance,140.0,4.3085,3181,14,0,0,0.0
P501493,Firm + Flaunt Targeted Booty Balm,JLo Beauty,Bath & Body,65.0,4.0688,11991,63,0,0,0.0
P501496,Satin Hydrating Lipstick,SEPHORA COLLECTION,Makeup,15.0,4.7668,14584,30,0,0,0.0
P501500,PEPTIDE PREP pH Maintenance Shampoo,K18 Biomimetic Hairscience,Hair,36.0,4.7552,20794,19,0,0,0.0
P501504,Petal Soft Lipstick Crayon,Laura Mercier,Makeup,32.0,4.3614,14803,31,0,0,0.0
P501505,The Professionall 24HR Double-Ended Lifting & Volumizing Mascara,MAKE UP FOR EVER,Makeup,28.0,4.1111,4563,66,0,0,0.0
P501510,UD x Robin Eisenberg All Nighter Setting Spray Duo Set,Urban Decay,Makeup,42.0,5.0,22360,30,0,0,0.0
P501512,Lightwork Vol. IV: Transcendence Palette - Illuminating Eye & Face Pigments,Danessa Myricks Beauty,Makeup,125.0,4.7849,36867,59,0,0,0.0
P501516,Eyebrow Laminator,TOM FORD,Makeup,55.0,4.0884,356,26,0,0,0.0
P501518,Calming Herbal Repair Overnight Recovery Balm for Skin Barrier Support,Mount Lai,Skincare,60.0,4.0875,2516,24,0,0,0.0
P501520,Noir Extreme Parfum,TOM FORD,Fragrance,235.0,4.6117,1838,20,0,0,0.0
P501526,Even Better All-Over Primer + Color Corrector,CLINIQUE,Makeup,29.0,3.8,2159,68,3,1,0.04411764705882353
P501527,Ethereal Eyes Eyeshadow Palette,MAKEUP BY MARIO,Makeup,68.0,4.0391,81473,183,0,0,0.0
P501532,Plant Fibre Lash Collection,Velour Lashes,Makeup,24.0,4.7778,3305,2,0,0,0.0
P501540,Oud Wood Perfume Set,TOM FORD,Fragrance,285.0,,1998,11,0,0,0.0
P501542,Mini Rouge Dior Lipstick Set,Dior,Makeup,50.0,3.5625,27800,210,0,0,0.0
P501548,ReEvolve Medium Coverage Liquid Foundation,rms beauty,Makeup,52.0,4.4802,6805,44,0,0,0.0
P501550,Acne-Clear Essentials 4-Piece Acne Kit,Peter Thomas Roth,Skincare,35.0,2.75,3080,123,12,1,0.0975609756097561
P501553,Monsoon Moisture Milk Hydrating Shampoo,dae,Hair,28.0,4.4505,15652,28,0,0,0.0
P501560,"Universal Collection - Brow Sculpt, Lip Gloss, and Gloss Highlighter",REFY,Makeup,38.0,3.6,20422,60,0,0,0.0
P501561,Lost Cherry Perfume Set,TOM FORD,Fragrance,390.0,5.0,6342,29,0,0,0.0
P501566,Super Restorative Anti-Aging Day Moisturizer,Clarins,Skincare,132.0,4.6667,566,45,0,0,0.0
P501568,Underlined Kajal Clean Waterproof Long-Wear Eyeliner,Kulfi,Makeup,20.0,4.5611,27774,18,0,0,0.0
P501569,SO Blown Blurring Collagen Peptide Primer,caliray,Makeup,36.0,4.4773,37826,33,0,0,0.0
P501570,Mini Watermelon Glow AHA Night Treatment,Glow Recipe,Mini Size,21.0,4.6795,24615,41,0,0,0.0
P501571,Trio Contour Face Palette,SEPHORA COLLECTION,Makeup,15.0,3.381,13776,73,0,0,0.0
P501572,Infinity Long Lasting Waterproof Eyeliner Pencil,MILK MAKEUP,Makeup,22.0,4.6209,17788,22,0,0,0.0
P501573,Discovery Set,Commodity,Fragrance,26.0,3.8667,8772,43,0,0,0.0
P501574,Renew + Recover Face + Eye Hydration Essentials,Fenty Skin,Skincare,45.0,,5017,98,0,0,0.0
P501577,Deepwater Hydrating & Soothing Body Crème with Sea Moss & Niacinamide,CAY SKIN,Bath & Body,28.0,4.9,4467,49,0,0,0.0
P501578,GrowPotion Fluffy Brow + Lash Boosting Serum,Kosas,Makeup,48.0,3.9633,8945,29,0,0,0.0
P501581,Cocoa Cleans'r Soothing All-Over Cleansing Bar,Fenty Skin,Skincare,14.0,4.1739,12779,22,0,0,0.0
P501583,Powermatte Long-Lasting Lipstick,NARS,Makeup,34.0,4.4923,74993,23,0,0,0.0
P501585,Super Restorative Anti-Aging Night Moisturizer,Clarins,Skincare,140.0,5.0,595,45,0,0,0.0
P501587,Deepwater Nourishing Lip Mask with Sea Moss and Aloe Stem Cells,CAY SKIN,Skincare,22.0,4.5818,7510,31,0,0,0.0
P501588,The Bold High Pigment Lipstick,Yves Saint Laurent,Makeup,45.0,4.402,23332,32,0,0,0.0
P501589,Main Match Crease-Proof Long-Wear Hydrating Concealer,Kulfi,Makeup,26.0,4.5613,23446,31,0,0,0.0
P501591,The Littles Skincare Travel Set,Drunk Elephant,Skincare,74.0,4.4444,12819,199,3,1,0.01507537688442211
P501592,Everlasting Hyperlight Vegan Transfer-Proof Liquid Lipstick,KVD Beauty,Makeup,23.0,4.1029,39452,25,0,0,0.0
P501685,"501 Praline, Licorice and Patchouli Eau de Parfum",Bon Parfumeur,Fragrance,107.0,4.75,550,9,0,0,0.0
P501686,3D Volume and Thickening Conditioner,amika,Hair,40.0,2.3333,2204,26,0,0,0.0
P501687,"002 Neroli, Jasmine and White Amber Eau de Parfum",Bon Parfumeur,Fragrance,107.0,5.0,762,7,0,0,0.0
P501689,3D Daily Leave-In Hair Thickening Treatment,amika,Hair,38.0,4.6667,5668,35,0,0,0.0
P501690,Flor de la Virgen Eau de Parfum,Boy Smells,Fragrance,98.0,4.4242,1283,12,0,0,0.0
P501693,The Wizard Detangling Hair Primer,amika,Hair,29.0,4.3538,17920,9,0,0,0.0
P501694,"203 Raspberry, Vanilla and Blackberry Eau de Parfum",Bon Parfumeur,Fragrance,107.0,4.1667,1146,12,0,0,0.0
P501695,Perfume Sampler Set,Bon Parfumeur,Fragrance,25.0,5.0,2914,77,0,0,0.0
P501696,"002 Neroli, Jasmine and White Amber Eau de Parfum Travel Spray",Bon Parfumeur,Fragrance,34.0,5.0,836,7,0,0,0.0
P501697,"501 Praline, Licorice and Patchouli Eau de Parfum Travel Spray",Bon Parfumeur,Fragrance,34.0,3.5,623,9,0,0,0.0
P501698,Mini Perk Up Plus Extended Clean Dry Shampoo,amika,Hair,16.0,4.375,4552,20,0,0,0.0
P501699,"802 Peony, Lotus and Bamboo Eau de Parfum",Bon Parfumeur,Fragrance,107.0,5.0,627,17,0,0,0.0
P501700,"203 Raspberry, Vanilla and Blackberry Eau de Parfum Travel Spray",Bon Parfumeur,Fragrance,34.0,3.1667,1609,12,0,0,0.0
P501701,Cashmere Kush Eau de Parfum,Boy Smells,Fragrance,98.0,4.3171,948,14,0,0,0.0
P501704,Hinoki Fantôme Eau de Parfum Travel Spray,Boy Smells,Fragrance,30.0,4.3596,1122,9,0,0,0.0
P501705,Flash Instant Shine Hair Gloss Mask,amika,Hair,28.0,4.4352,20802,49,0,0,0.0
P501708,Perk Up Plus Extended Clean Dry Shampoo,amika,Hair,30.0,3.8358,16701,20,0,0,0.0
P501709,"202 Watermelon, Red Currant and Jasmine Eau de Parfum",Bon Parfumeur,Fragrance,107.0,4.5,809,9,0,0,0.0
P501710,Fragrance Discovery Set,Boy Smells,Fragrance,25.0,4.537,9084,61,0,0,0.0
P501711,"801 Sea Spray, Cedar and Grapefruit Eau de Parfum",Bon Parfumeur,Fragrance,107.0,5.0,441,12,0,0,0.0
P501712,Marble Fruit Eau de Parfum,Boy Smells,Fragrance,98.0,4.4318,1132,14,0,0,0.0
P501713,Reset Exfoliating Jelly Scalp Scrub,amika,Hair,28.0,4.4,7310,22,3,1,0.13636363636363635
P501714,The Kure Bond Repair Shampoo for Damaged Hair,amika,Hair,28.0,4.2951,10722,39,0,0,0.0
P501715,"801 Sea Spray, Cedar and Grapefruit Eau de Parfum Travel Spray",Bon Parfumeur,Fragrance,34.0,5.0,647,12,0,0,0.0
P501716,"202 Watermelon, Red Currant and Jasmine Eau de Parfum Travel Spray",Bon Parfumeur,Fragrance,34.0,4.3333,954,9,0,0,0.0
P501717,3D Volume and Thickening Shampoo,amika,Hair,26.0,3.4615,5836,26,0,0,0.0
P501719,"001 Orange Blossom, Petitgrain and Bergamot Eau de Parfum",Bon Parfumeur,Fragrance,107.0,4.75,646,14,0,0,0.0
P501721,Bust Your Brass Blonde Purple Shampoo,amika,Hair,28.0,4.1053,4270,42,0,0,0.0
P501722,The Ultimate Hydrate + Repair Hair + Scalp Mask Kit,Briogeo,Hair,29.0,4.75,18182,187,0,0,0.0
P501723,"802 Peony, Lotus and Bamboo Eau de Parfum Travel Spray",Bon Parfumeur,Fragrance,53.0,5.0,673,17,0,0,0.0
P501728,"001 Orange Blossom, Petitgrain and Bergamot Eau de Parfum Travel Spray",Bon Parfumeur,Fragrance,34.0,5.0,806,14,0,0,0.0
P501729,Woodphoria Eau de Parfum,Boy Smells,Fragrance,98.0,4.5268,2516,7,0,0,0.0
P501730,Hinoki Fantôme Eau de Parfum,Boy Smells,Fragrance,98.0,4.3596,811,9,0,0,0.0
P501733,Woodphoria Eau de Parfum Travel Spray,Boy Smells,Fragrance,30.0,4.5268,4216,7,0,0,0.0
P501736,Cashmere Kush Eau de Parfum Travel Spray,Boy Smells,Fragrance,30.0,4.3171,1468,14,0,0,0.0
P501746,Marble Fruit Eau de Parfum Travel Spray,Boy Smells,Fragrance,30.0,4.4318,1410,14,0,0,0.0
P501749,Disney Fantasia and ONE/SIZE Face and Eye Palette,ONE/SIZE by Patrick Starrr,Makeup,49.0,4.6,6686,178,0,0,0.0
P501751,Absolue Rose 80 Brightening Toner with Salicylic Acid,Lancôme,Skincare,120.0,,1139,21,3,1,0.14285714285714285
P501758,Agua Fresca Leave-In Conditioning Milk,Drybar,Hair,28.0,4.6471,3337,43,3,1,0.06976744186046512
P501760,Guava Vitamin C Bright-Eye Gel Cream,Glow Recipe,Skincare,38.0,4.5109,72173,49,0,0,0.0
P501762,Desire Gummies,Dame,Bath & Body,42.0,4.0,966,14,0,0,0.0
P501766,Bronze Balm Sheer Sculpting Bronzer,MERIT,Makeup,30.0,4.6625,98474,21,0,0,0.0
P501767,Flor de la Virgen Eau de Parfum Travel Spray,Boy Smells,Fragrance,30.0,4.4242,1458,12,0,0,0.0
P501769,Ellis Brooklyn BOOKLET Perfume Discovery Set,Ellis Brooklyn,Fragrance,21.0,4.1667,3242,85,0,0,0.0
P501775,Bom Dia Bright Clarifying AHA BHA Body Wash,Sol de Janeiro,Bath & Body,26.0,4.6685,36272,32,3,1,0.09375
P501777,Sheer Skin Tint with Hyaluronic Acid + Squalane,Summer Fridays,Makeup,42.0,4.4694,84197,38,0,0,0.0
P501778,Mini SuperFruit Gentle Brightening Cleanser,ROSE Ingleton MD,Mini Size,14.0,2.3333,980,21,0,0,0.0
P501779,Dry Texturizing Spray,Oribe,Hair,49.0,5.0,1052,35,0,0,0.0
P501780,Mini 90's Nude Lips 3-Piece Kit,NUDESTIX,Makeup,29.0,4.2222,8456,59,0,0,0.0
P501781,Instant Pore Perfector,Peace Out,Skincare,28.0,4.5843,11314,38,0,0,0.0
P501782,Mini Duo Set,Versace,Fragrance,25.0,4.6154,29361,31,0,0,0.0
P501783,L'Interdit Eau de Toilette,Givenchy,Fragrance,111.0,4.2216,1767,17,0,0,0.0
P501786,Agua Fresca Hydrating Conditioner,Drybar,Hair,29.0,4.6857,1103,70,3,1,0.04285714285714286
P501787,Fall Cashmere Set,SKYLAR,Fragrance,90.0,4.0429,3974,32,0,0,0.0
P501789,Mini Trendy Blush 3-Piece Kit,NUDESTIX,Makeup,29.0,4.5,3532,66,0,0,0.0
P501790,Pillowgasm Vitamin-Rich Cherry Glow Sleep Mask,Wishful,Skincare,39.0,4.4154,5771,24,0,0,0.0
P501791,Libre Le Parfum,Yves Saint Laurent,Fragrance,149.0,4.5714,17468,24,0,0,0.0
P501795,Vital Skincare Dewy Foundation Drops,Westman Atelier,Makeup,68.0,4.0928,29082,41,0,0,0.0
P501798,Curl Cocktail Hair Set,PATTERN by Tracee Ellis Ross,Hair,27.0,4.5333,4695,129,0,0,0.0
P501799,Agua Fresca Hydrating Shampoo,Drybar,Hair,29.0,4.6667,1337,47,0,0,0.0
P501800,Limited Edition English Pear & Freesia Cologne,Jo Malone London,Fragrance,80.0,5.0,1502,11,0,0,0.0
P501808,Honey Infused Hair Perfume Floral Edition,Gisou,Hair,44.0,4.5802,20809,16,0,0,0.0
P501809,Bom Dia Body Scrub 10% AHA BHA Resurfacing Complex + Crushed Maracujá Seeds,Sol de Janeiro,Bath & Body,42.0,4.784,27021,41,3,1,0.07317073170731707
P501810,Leave-In Conditioner & Mini Hydration Shampoo Hair Set,PATTERN by Tracee Ellis Ross,Hair,25.0,4.6,5646,86,0,0,0.0
P501811,Mini Soft & Warm Nudes 3-Piece Kit,NUDESTIX,Makeup,29.0,4.0,13934,70,0,0,0.0
P501812,Curl Mousse,PATTERN by Tracee Ellis Ross,Hair,20.0,4.7632,5828,29,0,0,0.0
P501813,Mini Bestselling Not A Perfume Set,Juliette Has a Gun,Fragrance,30.0,3.963,16964,23,0,0,0.0
P501815,Caught in Camo Nail Polish Quad Set,NAILS INC.,Makeup,22.0,4.4,2951,107,0,0,0.0
P501817,Mini RoseGlow Caviar Stick Eyeshadow Trio,Laura Mercier,Makeup,29.0,4.2667,16611,22,0,0,0.0
P501886,The Glow Around 4-Piece Travel Skincare Essentials Set,Fenty Skin,Skincare,59.0,5.0,7523,126,0,0,0.0
P501949,Curl Quenching Conditoning Hair Wash,Curlsmith,Hair,56.0,4.6735,1522,31,0,0,0.0
P501952,Vivid Tones Vibrancy Shampoo,Curlsmith,Hair,25.0,1.0,228,20,0,0,0.0
P501953,Shine Shampoo,Curlsmith,Hair,26.0,4.7742,304,18,0,0,0.0
P501954,Book - Personal Travel Spray,Commodity,Fragrance,25.0,4.3333,2033,5,0,0,0.0
P501958,Double Hair Cream Deep Conditioner,Curlsmith,Hair,28.0,4.7273,1282,30,0,0,0.0
P501960,Bond Curl Rehab Hair Salve,Curlsmith,Hair,29.0,4.7857,2171,31,0,0,0.0
P501961,Bonding Hair Oil,Curlsmith,Hair,29.0,4.5758,1406,16,0,0,0.0
P501962,Mini Shine Strong Hold Hair Gel,Curlsmith,Hair,12.0,,539,15,0,0,0.0
P501963,Curly Hair Styling Set - Shine,Curlsmith,Hair,65.0,4.875,822,84,0,0,0.0
P501965,Archive Kit Sampler Set,Commodity,Fragrance,36.0,3.4,3600,122,0,0,0.0
P501966,Bouncy Strength Volume Hair Foam,Curlsmith,Hair,26.0,4.5625,2476,29,0,0,0.0
P501967,Mini Curl Conditoning Hair Oil-In-Cream,Curlsmith,Hair,12.0,,560,33,0,0,0.0
P501968,Feather- Light Protein Hair Cream,Curlsmith,Hair,27.0,4.6667,1184,31,0,0,0.0
P501970,Shape Up Aqua Hair Gel,Curlsmith,Hair,27.0,4.814,481,30,0,0,0.0
P501971,Mini Shine Flexible Hold Hair Jelly,Curlsmith,Hair,12.0,,415,32,0,0,0.0
P501972,Miracle Shield Heat Protectant Leave In Teatment,Curlsmith,Hair,28.0,4.6667,1192,31,0,0,0.0
P501974,Hydro Cream Soothing Deep Conditioner Hair Mask,Curlsmith,Hair,29.0,4.7895,826,27,0,0,0.0
P501975,Shine Conditoner,Curlsmith,Hair,26.0,4.8214,322,22,0,0,0.0
P501976,Mini Dream Coat Anti-Frizz Treatment for Curly Hair,COLOR WOW,Mini Size,12.0,4.3333,6091,19,0,0,0.0
P501977,Mini Curl Defining Styling Hair Souffle,Curlsmith,Hair,12.0,3.5,1244,25,0,0,0.0
P501978,Post-Wash Calming Conditoner,Curlsmith,Hair,28.0,4.9722,345,33,0,0,0.0
P501979,Moisture Memory Recativator Hair Leave-In,Curlsmith,Hair,24.0,4.2895,865,30,0,0,0.0
P501980,Mini Shine Shampoo,Curlsmith,Hair,12.0,,319,18,0,0,0.0
P501981,Mini Xtra Large Bombshell Volumizer,COLOR WOW,Mini Size,12.0,2.4167,6842,11,0,0,0.0
P501982,Curl Defining Styling Hair Souffle Gel,Curlsmith,Hair,40.0,4.7955,1727,25,0,0,0.0
P501983,Hydro Style Flexi Hair Jelly,Curlsmith,Hair,27.0,4.8182,1491,23,0,0,0.0
P501984,VANILLA MILK Eau de Parfum,Ellis Brooklyn,Fragrance,108.0,3.3934,7606,6,0,0,0.0
P501985,Book - Personal,Commodity,Fragrance,135.0,5.0,1761,5,0,0,0.0
P501986,Mini Double Hair Cream Deep Conditioner,Curlsmith,Hair,12.0,,766,30,0,0,0.0
P501987,Shine Flexible Hold Hair Jelly,Curlsmith,Hair,27.0,4.8286,307,32,0,0,0.0
P501988,Mini Flora Gorgeous Jasmine Perfume Set,Gucci,Fragrance,39.0,4.1429,16215,16,0,0,0.0
P501989,Mini Bond Curl Rehab Hair Salve,Curlsmith,Hair,12.0,4.5,1657,31,0,0,0.0
P501992,Shine Hair Cream Leave In Conditioner,Curlsmith,Hair,27.0,4.8182,513,24,0,0,0.0
P501993,Shine Strong Hold Hair Gel,Curlsmith,Hair,27.0,4.44,457,15,0,0,0.0
P501995,Multi-Tasking Conditoner,Curlsmith,Hair,27.0,4.7317,1217,38,0,0,0.0
P501997,Curly Hair Strength Styling Set for Damaged Hair,Curlsmith,Hair,65.0,4.8857,2457,132,0,0,0.0
P501999,Red Roses Cologne,Jo Malone London,Fragrance,110.0,4.25,4462,14,0,0,0.0
P502000,Core Strength Shampoo,Curlsmith,Hair,25.0,4.7143,846,29,0,0,0.0
P502001,Full Body Thickening Hair Lotion,Curlsmith,Hair,27.0,4.5833,1002,26,0,0,0.0
P502003,Weightless Air Dry Curly Hair Cream,Curlsmith,Hair,26.0,4.6053,5208,30,0,0,0.0
P502005,Mini Weightless Air Dry Curly Hair Cream,Curlsmith,Hair,12.0,5.0,3207,30,0,0,0.0
P502007,Glow Perfecting Conditoner,Curlsmith,Hair,25.0,4.6,358,21,0,0,0.0
P502009,Mini Photo Finish Endurance Breathable Setting Spray,Smashbox,Mini Size,17.0,4.399,1450,22,0,0,0.0
P502011,High Definition Curls 3- Step Hair Set,Curlsmith,Hair,64.0,4.8,1642,89,0,0,0.0
P502013,J'adore Parfum d'Eau,Dior,Fragrance,160.0,4.5556,21372,29,0,0,0.0
P502014,Wash & Scrub Clarifying Detox Shampoo,Curlsmith,Hair,29.0,4.8276,966,26,0,0,0.0
P502017,Clarifying Detox Microbiome Scalp Hair Set,Curlsmith,Hair,69.0,4.8182,1442,89,0,0,0.0
P502019,In-Shower Style Fixer Curly Hair Gel,Curlsmith,Hair,27.0,4.7368,1206,26,0,0,0.0
P502020,Intense Treatment Hair Serum,Curlsmith,Hair,36.0,4.52,504,22,0,0,0.0
P502022,Hold Me Softly Curly Hair Styling Cream Balm,Curlsmith,Hair,40.0,4.875,1538,28,0,0,0.0
P502023,Infinite Chrome Holiday Kit - Eye & Face Multichrome Pigments,Danessa Myricks Beauty,Makeup,35.0,4.8889,13959,34,0,0,0.0
P502024,Curl Conditioning Hair Oil-In-Cream,Curlsmith,Hair,12.0,4.7317,683,33,0,0,0.0
P502025,Ultra-Matte Bronzer,Melt Cosmetics,Makeup,39.0,4.0,2123,19,0,0,0.0
P502026,Mini Hold Me Softly Curly Hair Styling Cream Balm,Curlsmith,Hair,12.0,,1254,28,0,0,0.0
P502027,Mini Shine Hair Cream Leave In Conditioner,Curlsmith,Hair,12.0,,515,24,0,0,0.0
P502029,Mini Good Fortune and Flowerbomb Perfume Set,Viktor&Rolf,Fragrance,29.0,,0,41,0,0,0.0
P502030,VANILLA MILK Eau de Parfum Travel Spray,Ellis Brooklyn,Fragrance,32.0,3.3934,7959,6,0,0,0.0
P502031,Transitioning Curly Hair Set,Curlsmith,Hair,65.0,4.9643,2189,119,0,0,0.0
P502033,Mini In-Shower Style Fixer Curly Hair Gel,Curlsmith,Hair,12.0,,770,26,0,0,0.0
P502035,Flourish Thickening & Hydrating Mask for Thinning Hair,Virtue,Hair,70.0,4.7831,1802,110,0,0,0.0
P502036,Rose Blush Cologne,Jo Malone London,Fragrance,110.0,4.2857,6422,18,0,0,0.0
P502039,Major Skin Crème Foundation and Finishing Powder Duo,PATRICK TA,Makeup,52.0,4.6322,61828,45,0,0,0.0
P502046,GinZing Energizing Gel Cream with Caffeine & Niacinamide,Origins,Skincare,36.0,4.5966,3509,44,0,0,0.0
P502047,Evercalm Skin Zen Trio,REN Clean Skincare,Skincare,66.0,4.5,1448,105,0,0,0.0
P502049,Libre Eau de Parfum Lifestyle Gift Set,Yves Saint Laurent,Fragrance,42.0,4.0,16392,43,0,0,0.0
P502052,Peach Fields Eau de Parfum Rollerball,SKYLAR,Fragrance,30.0,4.3882,9714,51,0,0,0.0
P502053,Mini Paradoxe Perfume Giftset,Prada,Fragrance,32.0,4.1818,13972,19,0,0,0.0
P502055,Dolce Nourishing Shampoo,Rossano Ferretti Parma,Hair,16.0,5.0,346,43,0,0,0.0
P502057,Click Magnetic Collection Starter Kit—Bestie,Lilly Lashes,Makeup,35.0,1.875,3034,12,0,0,0.0
P502059,Mini Dolce Nourishing Hair Mask,Rossano Ferretti Parma,Hair,18.0,5.0,260,49,0,0,0.0
P502060,Mini Shine Conditoner,Curlsmith,Hair,12.0,,319,22,0,0,0.0
P502061,Photo Finish Endurance Breathable Setting Spray,Smashbox,Makeup,32.0,4.399,1490,22,0,0,0.0
P502064,FAME Eau de Parfum,Paco Rabanne,Fragrance,132.0,4.4512,6603,20,0,0,0.0
P502065,Dolce Nourishing Hair Mask,Rossano Ferretti Parma,Hair,54.0,5.0,297,49,0,0,0.0
P502066,Satin & Shimmer Duet Powder & Cream Eyeshadow,ROSE INC,Makeup,30.0,4.5479,5526,48,0,0,0.0
P502068,Mini Hydro Style Flexi Hair Jelly,Curlsmith,Hair,12.0,5.0,1142,23,0,0,0.0
P502069,Mini Alien Perfume Gift Set,Mugler,Fragrance,30.0,3.4667,11733,40,0,0,0.0
P502071,Ultra-Black Lash Lifting & Lengthening Serum Mascara,ROSE INC,Makeup,28.0,4.3358,6329,26,0,0,0.0
P502073,"My Dream Cheek Trio - Cream Blush, Glow Cream Base and Glow Powder Highlighter",Natasha Denona,Makeup,48.0,4.6948,11716,39,0,0,0.0
P502074,Vanilla Royale Sugared Patchouli | 64 Eau de Parfum Intense,KAYALI,Fragrance,100.0,3.8174,19268,14,0,0,0.0
P502076,Peach Fields Eau de Parfum,SKYLAR,Fragrance,90.0,4.3882,7617,51,0,0,0.0
P502078,Mini Dolce Nourishing Shampoo,Rossano Ferretti Parma,Hair,16.0,,234,43,0,0,0.0
P502079,My Dream Eyeshadow Palette,Natasha Denona,Makeup,69.0,4.7524,36292,195,0,0,0.0
P502088,Vanilla Royale Sugared Patchouli | 64 Eau de Parfum Intense Travel Spray,KAYALI,Fragrance,25.0,3.5455,17969,14,0,0,0.0
P502092,Lovefest Obsessions Eyeshadow Palette,HUDA BEAUTY,Makeup,32.0,4.2,11666,118,0,0,0.0
P502163,Pre-Shampoo Hydrating Scalp Scrub,Christophe Robin,Hair,43.0,2.2,1824,27,0,0,0.0
P502169,Barrier+ Besties Hydrating and Nourishing Kit,Skinfix,Skincare,40.0,4.7162,10557,147,0,0,0.0
P502170,Hold Up Soft Set Creamy Eyebrow Wax,LAWLESS,Makeup,21.0,4.7289,10006,29,0,0,0.0
P502178,Shape Up Soft Fill Eyebrow Pencil,LAWLESS,Makeup,21.0,4.6968,4994,15,0,0,0.0
P502183,Sacred Rose Restoring Hand Crème with Antioxidants,RANAVAT,Bath & Body,32.0,4.0,1011,22,0,0,0.0
P502185,Triclone Skin Tech Medium Coverage Foundation with Fermented Arnica,HAUS LABS BY LADY GAGA,Makeup,45.0,4.2841,176443,50,0,0,0.0
P502186,Retinol Try Me Kit,Kate Somerville,Skincare,59.0,3.0,628,129,0,0,0.0
P502188,Luminous Matte Beauty Blush,Gucci,Makeup,49.0,4.681,52186,32,0,0,0.0
P502191,Mini Brightening Saffron Serum - Radiant Rani,RANAVAT,Mini Size,35.0,4.7824,4293,22,0,0,0.0
P502192,Acne Away Kit + Salicylic Acid + Azelaic Acid + Niacinamide,Skinfix,Skincare,35.0,4.0,3945,55,6,1,0.10909090909090909
P502195,DelIKate Try Me Kit,Kate Somerville,Skincare,49.0,5.0,1959,144,0,0,0.0
P502196,Priming Serum 24 Hour Hydrating Solid Smoothing Primer,Lancôme,Makeup,46.0,4.6124,2413,38,0,0,0.0
P502197,HydraKate Recharging Water Cream Moisturizer,Kate Somerville,Skincare,76.0,4.8256,3226,33,0,0,0.0
P502200,HydraKate Recharging Serum with Hyaluronic Acid,Kate Somerville,Skincare,78.0,4.764,1808,35,0,0,0.0
P502217,"Minis, Post Gym Hair Kit for Travel and Workout Bags",SUNDAY II SUNDAY,Hair,40.0,4.5,1945,76,0,0,0.0
P502222,Gloss Bomb Ice,Fenty Beauty by Rihanna,Makeup,26.0,4.7975,63404,24,0,0,0.0
P502223,Lip Teasers Lip Gloss,Fashion Fair,Makeup,27.0,4.6,871,13,0,0,0.0
P502226,Gold- Personal Travel Spray,Commodity,Fragrance,25.0,5.0,1411,7,0,0,0.0
P502230,Book+ Bold,Commodity,Fragrance,135.0,4.6667,554,8,0,0,0.0
P502233,Mini Roller Express Curling Mascara & Liquid Eyeliner Set,Benefit Cosmetics,Mini Size,15.0,4.6,7264,62,0,0,0.0
P502235,The Daily Essential Duo The Cream,Augustinus Bader,Skincare,305.0,4.0,2080,52,0,0,0.0
P502237,Head-To-Toe AfterGLO Set,BeautyBio,Skincare,199.0,4.3333,2634,47,0,0,0.0
P502242,Milk Expressive,Commodity,Fragrance,135.0,4.1552,9110,6,0,0,0.0
P502245,Her Elixir Eau de Parfum Intense,BURBERRY,Fragrance,165.0,4.3243,31716,8,0,0,0.0
P502248,"Take It All Off Bi-Phase Longwear Makeup Remover For Eyes, Lashes & Lips",Charlotte Tilbury,Makeup,32.0,3.4,1798,13,0,0,0.0
P502251,Milk+ Bold Travel Spray,Commodity,Fragrance,25.0,4.0,4199,7,0,0,0.0
P502252,Curl Wow SHOOK Mix & Fix Bundling Spray,COLOR WOW,Hair,38.0,2.75,862,28,0,0,0.0
P502255,Milk- Personal Travel Spray,Commodity,Fragrance,25.0,5.0,4666,4,0,0,0.0
P502256,Gold+ Bold Travel Spray,Commodity,Fragrance,25.0,5.0,1216,9,0,0,0.0
P502258,Curl Wow SNAG-FREE Pre-Shampoo Detangler,COLOR WOW,Hair,28.0,4.7115,805,16,0,0,0.0
P502259,Curl Wow HOOKED Shampoo,COLOR WOW,Hair,29.0,4.8509,1098,33,0,0,0.0
P502260,Book+ Bold Travel Spray,Commodity,Fragrance,25.0,5.0,733,8,0,0,0.0
P502261,"Mini Take It All Off Bi-Phase Longwear Makeup Remover For Eyes, Lashes & Lips",Charlotte Tilbury,Mini Size,16.0,3.5,4292,13,0,0,0.0
P502262,Velvet+ Bold,Commodity,Fragrance,135.0,3.0,634,7,0,0,0.0
P502263,Paper+ Bold Travel Spray,Commodity,Fragrance,25.0,4.0,507,3,0,0,0.0
P502266,Must-Have Makeup Set,CLINIQUE,Makeup,35.0,4.3333,18962,173,0,0,0.0
P502268,Moss- Personal Travel Spray,Commodity,Fragrance,25.0,5.0,659,8,0,0,0.0
P502269,Moss- Personal,Commodity,Fragrance,135.0,5.0,402,8,0,0,0.0
P502270,Refillable Airbrush Flawless Finish Brightening Powder,Charlotte Tilbury,Makeup,48.0,3.7826,25608,32,0,0,0.0
P502271,Curl Wow FLO-ETRY Vital Natural Serum,COLOR WOW,Hair,30.0,4.7125,2152,25,0,0,0.0
P502274,Paper- Personal,Commodity,Fragrance,135.0,3.5455,664,3,0,0,0.0
P502275,Airbrush Flawless Finish Setting Powder Refill,Charlotte Tilbury,Makeup,41.0,4.5,3549,28,0,0,0.0
P502278,Velvet- Personal Travel Spray,Commodity,Fragrance,25.0,2.0,578,6,0,0,0.0
P502279,Paper Expressive Travel Spray,Commodity,Fragrance,25.0,2.3333,597,3,0,0,0.0
P502280,Milk Expressive Travel Spray,Commodity,Fragrance,25.0,3.4211,9582,6,0,0,0.0
P502281,Curl Wow COCO-MOTION Lubricating Conditioner,COLOR WOW,Hair,29.0,4.7564,1126,32,0,0,0.0
P502282,Moss+ Bold,Commodity,Fragrance,135.0,5.0,674,7,0,0,0.0
P502283,Paper- Personal Travel Spray,Commodity,Fragrance,25.0,4.0,974,3,0,0,0.0
P502287,Gold- Personal,Commodity,Fragrance,135.0,4.25,1320,7,0,0,0.0
P502289,Bubble Pop Electric High-Performance Clean Lip Gloss,GXVE BY GWEN STEFANI,Makeup,20.0,4.3043,20145,33,0,0,0.0
P502294,Paper+ Bold,Commodity,Fragrance,135.0,4.8,560,3,0,0,0.0
P502295,GOOPGLOW Microderm Instant Glow Body Polish,goop,Bath & Body,48.0,4.0,1197,40,0,0,0.0
P502297,Good Girl Eau de Parfum Trio Set,Carolina Herrera,Fragrance,35.0,4.75,12093,49,0,0,0.0
P502303,My Dream Lip Crayon - Long Lasting Easy Glide Lip Liner,Natasha Denona,Makeup,24.0,4.8597,6060,21,0,0,0.0
P502304,Milk- Personal,Commodity,Fragrance,135.0,4.4,2719,4,0,0,0.0
P502306,Glowish Blur Jam Silicone Free Smoothing Primer,HUDA BEAUTY,Makeup,33.0,4.5054,21782,29,0,0,0.0
P502307,Mini Blush & Bloom Cheek and Lip Tint Set,Jouer Cosmetics,Mini Size,34.0,3.5,5122,93,0,0,0.0
P502315,Milk+ Bold,Commodity,Fragrance,135.0,3.9474,4547,7,0,0,0.0
P502316,Velvet+ Bold Travel Spray,Commodity,Fragrance,25.0,5.0,1355,7,0,0,0.0
P502321,Bio-Blurring Talc-Free Loose Setting Powder,HAUS LABS BY LADY GAGA,Makeup,38.0,4.4892,32207,188,0,0,0.0
P502322,The Healthy Skin Edit Bestsellers Kit,iNNBEAUTY PROJECT,Skincare,36.0,4.7849,5447,172,0,0,0.0
P502324,Stuck on you Lash Adhesive Value Set,House of Lashes,Makeup,14.0,3.25,4045,6,0,0,0.0
P502326,Dynamic Skin Recovery SPF50 Moisturizer,Dermalogica,Skincare,79.0,4.8189,5274,58,0,0,0.0
P502328,Moss+ Bold Travel Spray,Commodity,Fragrance,25.0,4.25,1080,7,0,0,0.0
P502333,Mini Color Hit Nail Polish Set,SEPHORA COLLECTION,Mini Size,15.0,3.1667,4679,136,0,0,0.0
P502337,Ebene Fume Eau de Parfum Travel Spray,TOM FORD,Fragrance,75.0,5.0,1936,17,0,0,0.0
P502339,Phantom Glossy Lip Balm Duo,Hourglass,Makeup,50.0,4.6,8094,40,0,0,0.0
P502340,Paper Expressive,Commodity,Fragrance,135.0,,464,3,0,0,0.0
P502346,H24 Eau de Parfum,HERMÈS,Fragrance,148.0,4.2752,994,18,0,0,0.0
P502347,Velvet- Personal,Commodity,Fragrance,135.0,5.0,767,6,0,0,0.0
P502351,Gold+ Bold,Commodity,Fragrance,135.0,4.3333,1665,9,0,0,0.0
P502353,My Dream Lip Gloss - Soft & Hydrating Lip Shine,Natasha Denona,Makeup,27.0,4.7107,5635,29,0,0,0.0
P502365,Clarifying Cleanse + Hydrate Duo,Tatcha,Skincare,27.0,3.5,16760,60,0,0,0.0
P502369,Essential Wardrobe Eau de Parfum Set,Juliette Has a Gun,Fragrance,50.0,4.0,7224,67,0,0,0.0
P502375,Brighter Smile Value Set,tarte,Makeup,29.0,,2766,49,0,0,0.0
P502377,Dirty Hinoki Eau de Parfum Travel Spray,HERETIC,Fragrance,65.0,3.75,1422,37,0,0,0.0
P502381,Concentrated Ginseng Renewing Sheet Masks,Sulwhasoo,Skincare,120.0,,1048,65,0,0,0.0
P502382,Mini Lip Injection Plumping Mobile Lip Plumper Set,Too Faced,Makeup,36.0,4.0,32016,94,0,0,0.0
P502386,Wishing You Eye Makeup Set,SEPHORA COLLECTION,Makeup,22.0,4.0,3813,63,0,0,0.0
P502388,GOOPGLOW Afterglow Body Oil,goop,Bath & Body,48.0,3.0,1038,39,0,0,0.0
P502393,Mini Concentrated Ginseng Renewing Serum,Sulwhasoo,Mini Size,65.0,4.6972,1471,56,0,0,0.0
P502395,Concentrated Ginseng Renewing Serum,Sulwhasoo,Skincare,210.0,4.6972,1645,56,0,0,0.0
P502401,Mini Wishing You Blockbuster Palette,SEPHORA COLLECTION,Mini Size,20.0,3.2,10866,207,0,0,0.0
P502413,Level Up Lash Serum Value Set,Lilly Lashes,Makeup,48.0,,2408,50,0,0,0.0
P502417,Wishing You 12 Pan Eyeshadow Palette,SEPHORA COLLECTION,Makeup,15.0,4.5,8330,232,0,0,0.0
P502427,Dirty Hinoki Eau de Parfum,HERETIC,Fragrance,165.0,5.0,1024,37,0,0,0.0
P502434,Deep Clean Kit,Tata Harper,Skincare,85.0,,410,84,0,0,0.0
P502436,Anaheim Line Clean Waterproof Lip Liner,GXVE BY GWEN STEFANI,Makeup,20.0,4.7222,4180,28,0,0,0.0
P502441,Mini Dynamic Skin Recovery SPF50 Moisturizer,Dermalogica,Mini Size,23.5,4.3333,2915,58,0,0,0.0
P502442,My Dream Lipstick - Creamy Lip Color,Natasha Denona,Makeup,27.0,4.687,7079,1,0,0,0.0
P502448,Concentrated Ginseng Renewing Eye Cream,Sulwhasoo,Skincare,140.0,4.3333,3126,56,0,0,0.0
P502453,Flirty Flash Eyelash & Glue Set,SEPHORA COLLECTION,Makeup,12.0,,2799,1,0,0,0.0
P502455,Hinoki Body Milk Lotion,Tatcha,Bath & Body,48.0,4.8488,8946,36,0,0,0.0
P502459,Wishing You 8 Pan Eyeshadow Palette,SEPHORA COLLECTION,Makeup,8.0,4.4,11512,175,0,0,0.0
P502461,Pout to Get Real Clean Overlining Lip Liner,GXVE BY GWEN STEFANI,Makeup,22.0,4.1646,6164,30,0,0,0.0
P502464,Curl Foaming Gel,Verb,Hair,20.0,4.5796,4207,25,0,0,0.0
P502467,Alien Goddess Eau De Parfum Solar Floral Fragrance Set,Mugler,Fragrance,125.0,,4197,18,0,0,0.0
P502469,Hinoki Gentle Exfoliating Body Wash,Tatcha,Bath & Body,34.0,4.8059,10754,29,0,0,0.0
P502473,#Lipstories Set,SEPHORA COLLECTION,Makeup,18.0,3.25,5235,65,0,0,0.0
P502474,Concentrated Ginseng Renewing Rescue Ampoule,Sulwhasoo,Skincare,130.0,,1085,52,0,0,0.0
P502479,Kombucha + 10% AHA Liquid Exfoliant with Lactic Acid and Glycolic Acid,Youth To The People,Skincare,42.0,4.5926,11299,19,0,0,0.0
P502481,Lip Gloss Ornament,SEPHORA COLLECTION,Makeup,5.0,5.0,3899,21,0,0,0.0
P502484,MakeWaves Lengthening + Volumizing Mascara,Tower 28 Beauty,Makeup,20.0,4.1975,74741,27,0,0,0.0
P502491,Hinoki Hydrating Body Oil,Tatcha,Bath & Body,58.0,4.8698,9046,29,0,0,0.0
P502494,Bois Marocain Eau de Parfum,TOM FORD,Fragrance,295.0,4.0363,2043,13,0,0,0.0
P502499,Melted Matte PSL Liquid Lipstick,Too Faced,Makeup,26.0,4.375,8130,48,0,0,0.0
P502503,Mini Secret Santa Eyeshadow Palette,Too Faced,Mini Size,29.0,4.2,15161,125,0,0,0.0
P502504,Holiday Surprise Makeup Gift Set,SEPHORA COLLECTION,Makeup,10.0,5.0,5250,48,0,0,0.0
P502508,Iconic False Lashes and Adhesive Set,House of Lashes,Makeup,22.0,,7036,6,0,0,0.0
P502512,Mini Wishing You Glossed Lip Gloss Set,SEPHORA COLLECTION,Mini Size,15.0,3.25,7751,54,0,0,0.0
P502586,Brooklyn Bombshell Blowout Spray,amika,Hair,28.0,3.8214,11564,14,0,0,0.0
P502588,The Eyebrow & Lash Enhancing Serum,Augustinus Bader,Makeup,150.0,4.5161,2470,37,0,0,0.0
P502592,Mini Microdermabrasion Renewing Age-Defying Face Exfoliator,Dr. Brandt Skincare,Mini Size,29.0,4.5,771,25,0,0,0.0
P502601,Mini Glow Icons Highlighter Set,Iconic London,Mini Size,27.0,3.2857,10891,32,0,0,0.0
P502608,Double Serum Face & Eye Power Duo,Clarins,Skincare,99.0,,3113,92,0,0,0.0
P502611,Underglow Blurring Primer,Iconic London,Makeup,29.0,4.2143,19078,38,0,0,0.0
P502623,Super Smoother Blurring Skin Tint,Iconic London,Makeup,32.0,4.3699,24382,45,0,0,0.0
P502624,Sacred Wood Eau de Parfum,KILIAN Paris,Fragrance,275.0,3.0,1975,16,0,0,0.0
P502630,Turmeric Invigorating Body Scrub,KORA Organics,Bath & Body,60.0,4.6696,4892,44,0,0,0.0
P502634,Signature Eau de Parfum Set,Chloé,Fragrance,36.0,4.5,8743,17,0,0,0.0
P502640,Microdermabrasion Renewing Age-Defying Face Exfoliator,Dr. Brandt Skincare,Skincare,79.0,4.8621,2309,25,0,0,0.0
P502652,Somebody Wood Eau de Parfum,PHLUR,Fragrance,96.0,3.95,7564,3,0,0,0.0
P502656,Secret Sauce Moisturizer,IT Cosmetics,Skincare,72.0,4.0935,1132,37,0,0,0.0
P502662,Body Polishing Scrub,Moroccanoil,Bath & Body,32.0,3.8,2456,17,0,0,0.0
P502665,Gentle Radiance Clarifying Shampoo for All Scalp & Hair Types,shu uemura,Hair,59.0,4.4948,1604,36,3,1,0.08333333333333333
P502690,"Snow Angel Shampoo, Shower Gel & Bubble Bath",philosophy,Bath & Body,24.0,,1266,41,0,0,0.0
P502691,SuperSolutions 1% Retinol Serum,The INKEY List,Skincare,24.99,4.1558,13720,24,0,0,0.0
P502693,Somebody Wood Eau de Parfum Travel Spray,PHLUR,Fragrance,26.0,3.9153,9750,3,0,0,0.0
P502707,"The Shampoo- Balancing Cleanse With Hyaluronic Acid, Niacinamide + Panthenol",Nécessaire,Hair,28.0,4.6772,19732,22,0,0,0.0
P502709,Mini Mist Collection,Mario Badescu,Skincare,20.0,4.5,2768,123,0,0,0.0
P502710,SuperSolutions 20% Niacinamide Serum,The INKEY List,Skincare,17.99,3.8971,5072,14,0,0,0.0
P502725,Multi-Masker 4-Piece Mask Kit,Peter Thomas Roth,Skincare,58.0,4.0,7286,95,0,0,0.0
P502740,Masking Minis 5-Piece Mask Kit,Peter Thomas Roth,Skincare,19.0,4.0,19378,150,0,0,0.0
P502741,SuperSolutions 10% Azelaic Serum Redness Relief Solution,The INKEY List,Skincare,17.99,3.863,7690,16,0,0,0.0
P502745,Plump + Juicy Vegan Collagen + Probiotic Spray-On Serum,Kosas,Skincare,48.0,4.3741,22286,27,0,0,0.0
P502746,Hand Cream,Moroccanoil,Bath & Body,22.0,4.3958,7341,30,0,0,0.0
P502749,SuperSolutions 5% Benzoyl Peroxide Cleanser Acne Solution,The INKEY List,Skincare,17.99,3.7722,6148,17,0,0,0.0
P502756,SuperSolutions 10% Urea Moisturizer Textured Skin Solution,The INKEY List,Skincare,19.99,4.1935,4253,16,0,0,0.0
P502757,"The Conditioner- Hydrating Cream with Hyaluronic Acid, Niacinamide + Panthenol",Nécessaire,Hair,28.0,4.6471,14582,23,0,0,0.0
P502758,Super-C Dark Circle Brightening Eye Serum,StriVectin,Skincare,65.0,4.55,1322,45,0,0,0.0
P502761,Advanced Génifique Night Cream with Triple Ceramide Complex,Lancôme,Skincare,95.0,4.7127,2887,46,0,0,0.0
P502770,"No Edit, No Filter, Just Glam 3-Piece Glamzilla Set",NUDESTIX,Makeup,69.0,3.5,6267,72,0,0,0.0
P502771,Hydrate & Glow Trio,Wishful,Skincare,29.0,2.8333,6854,131,3,1,0.022900763358778626
P502815,Extra Lip Tint Duo Set,Bobbi Brown,Makeup,34.0,4.2,5181,100,0,0,0.0
P502816,Mascara Power Pair Extreme Lengthening Mascara Set,Benefit Cosmetics,Makeup,27.0,,1765,38,0,0,0.0
P502823,Absolue The Serum,Lancôme,Skincare,270.0,3.5,353,41,0,0,0.0
P502837,Renewing Hand & Body Wash,KORA Organics,Bath & Body,48.0,2.5,1281,29,0,0,0.0
P502840,Mini Advanced Génifique Radiance Boosting Face Serum,Lancôme,Mini Size,60.0,5.0,2640,24,0,0,0.0
P502842,Wishing You Essentials Skincare Kit,SEPHORA COLLECTION,Skincare,20.0,3.6667,6017,83,3,1,0.03614457831325301
P502844,Mini Amazonian Clay Finishing Powder,tarte,Mini Size,16.0,,1397,7,0,0,0.0
P502850,MAKEOUT CLUB Soft Blur Lipstick,Freck Beauty,Makeup,24.0,4.69,19000,26,0,0,0.0
P502852,NuFACE Mini+ Petite Facial Toning Device,NuFACE,Skincare,245.0,4.5314,11514,66,0,0,0.0
P502854,Nourishing Hand & Body Lotion,KORA Organics,Bath & Body,55.0,3.0,1721,26,0,0,0.0
P502857,French Mani Hack Nail Polish Set,NAILS INC.,Makeup,16.0,2.0,2604,61,0,0,0.0
P502885,Amazonian Clay Finishing Powder,tarte,Makeup,35.0,4.3333,950,7,0,0,0.0
P502899,Sunkissed Hibiscus Fine Fragrance Set,NEST New York,Fragrance,86.0,4.2,3736,6,0,0,0.0
P502931,Madagascar Vanilla Perfume Oil Set,NEST New York,Fragrance,100.0,3.9,7946,9,0,0,0.0
P502964,Mini A-Gloei Retinol Oil,Drunk Elephant,Mini Size,40.0,5.0,4923,6,0,0,0.0
P502965,Mini MAXIMIST Phyto-Fiber Volumizing Mascara,bareMinerals,Mini Size,13.0,1.8333,1448,32,0,0,0.0
P502966,Great Skin Instant Glow Serum with Niacinamide and Hyaluronic Acid,MERIT,Skincare,38.0,4.6486,45008,21,0,0,0.0
P502970,Best of Freck Holiday Set,Freck Beauty,Makeup,25.0,3.5,6931,45,0,0,0.0
P502974,Supreme Nude Lips Rouge Artist Lipstick Duo,MAKE UP FOR EVER,Makeup,29.0,4.5714,6550,76,0,0,0.0
P502976,Stay in Touch Restorative Hand Crème,OLEHENRIKSEN,Bath & Body,22.0,4.541,4043,42,0,0,0.0
P502977,Youth Stacks: Daily Skin Health Your Way for Pores and Oiliness,Youth To The People,Skincare,20.0,4.25,13592,74,0,0,0.0
P502978,Youth Stacks: Brighter Tomorrow Duo for Dullness,Youth To The People,Skincare,28.0,3.0,8189,68,0,0,0.0
P502987,Translucent Loose Setting Powder – Pink Tone-Up for Brightening,Laura Mercier,Makeup,43.0,4.8889,6667,20,0,0,0.0
P502997,Salicylic Acid Acne Treatment Serum,Peace Out,Skincare,34.0,3.6667,3297,28,3,1,0.10714285714285714
P502998,"Youth Stacks: Plump It Up for Dry, Dehydrated Skin",Youth To The People,Skincare,28.0,4.1667,10406,79,0,0,0.0
P502999,"The Hair, Lash & Brow Density Set",The Ordinary,Hair,24.3,3.3529,46944,69,0,0,0.0
P503002,Lush Blush Duo,Fashion Fair,Makeup,39.0,4.65,2683,61,0,0,0.0
P503003,Luxe Highlighter Duo,Fashion Fair,Makeup,39.0,4.8049,664,18,0,0,0.0
P503050,Natural & Polished Deluxe Brow Kit,Anastasia Beverly Hills,Makeup,39.0,3.8333,17529,51,0,0,0.0
P503051,Fluffy & Fuller Looking Brow Kit,Anastasia Beverly Hills,Makeup,29.0,4.1667,23770,31,0,0,0.0
P503052,Mini Flatter Me Digestive Enzyme Supplement,HUM Nutrition,Skincare,15.0,4.2643,1375,19,0,0,0.0
P503054,Born in Roma Trio Gift Set,Valentino,Fragrance,65.0,4.9286,15984,25,0,0,0.0
P503061,Dulce Travel Spray,By Rosie Jane,Fragrance,28.0,4.0,1786,21,0,0,0.0
P503068,Brush On Nail Glue,Glamnetic,Makeup,7.0,5.0,2513,4,0,0,0.0
P503069,Dulce Perfume Oil,By Rosie Jane,Fragrance,45.0,4.4211,1220,21,0,0,0.0
P503074,Dulce Eau de Parfum,By Rosie Jane,Fragrance,70.0,4.7353,2369,21,0,0,0.0
P503092,Fuller Looking & Sculpted Lip Duo Kit,Anastasia Beverly Hills,Makeup,25.0,4.0,14591,34,0,0,0.0
P503096,Mini SOL Cheirosa 62 Eau de Parfum,Sol de Janeiro,Mini Size,26.0,3.3182,16721,16,0,0,0.0
P503100,Soleil Neige Eye Color Quad,TOM FORD,Makeup,90.0,2.5,4436,34,0,0,0.0
P503110,Mini Cleansing Bar Duo + Case,Fenty Skin,Skincare,19.0,,6562,22,0,0,0.0
P503113,SOL Cheirosa '62 Eau de Parfum,Sol de Janeiro,Fragrance,78.0,4.1163,25595,16,0,0,0.0
P503114,Rose Metals Eyeshadow Palette,Anastasia Beverly Hills,Makeup,55.0,4.7727,18255,248,0,0,0.0
P503123,Smooth Like Butter Kit,Josie Maran,Skincare,30.0,4.5,5990,126,0,0,0.0
P503143,The Scalp Serum - With 5% Biomimetic Peptide Blend For Hair Growth,Nécessaire,Hair,58.0,4.6881,21308,21,0,0,0.0
P503156,Açaí Curl Refresher Hair Style Revitalizing Mist,Ceremonia,Hair,20.0,4.7349,3311,24,0,0,0.0
P503157,Hair Gel: Long-wear Curl Capturing Gloss,BREAD BEAUTY SUPPLY,Hair,26.0,5.0,997,34,0,0,0.0
P503158,Double Cheek'd Up: Freestyle Cream Blush Duo,Fenty Beauty by Rihanna,Makeup,34.0,4.1111,17083,22,0,0,0.0
P503164,Bleu de Chanel Eau de Toilette Set,CHANEL,Fragrance,184.0,,801,18,0,0,0.0
P503173,Voce Viva Perfume Set,Valentino,Fragrance,122.0,5.0,3985,18,0,0,0.0
P503176,Party Wave Mascara & Eyeliner Set,caliray,Makeup,30.0,4.6667,3878,42,0,0,0.0
P503178,Mini Baby Watts Fluid Freestyle Highlighter Duo,Fenty Beauty by Rihanna,Mini Size,22.0,3.75,17369,49,0,0,0.0
P503187,Candy Eau de Parfum Giftset,Prada,Fragrance,30.0,5.0,9550,15,0,0,0.0
P503191,Mini Indigo Overnight Repair Serum in Cream Treatment,Tatcha,Skincare,22.0,4.5474,17810,37,0,0,0.0
P503194,Eros Parfum,Versace,Fragrance,190.0,,226,12,0,0,0.0
P503196,Sauvage Eau de Toilette Gift Set,Dior,Fragrance,149.0,,3345,65,0,0,0.0
P503197,Juneberry & Collagen Hydrating Cold Cream Cleanser,alpyn beauty,Skincare,39.0,4.895,5754,37,3,1,0.08108108108108109
P503198,Wake the F*ck Up Everyday Essentials Set,By Rosie Jane,Fragrance,35.0,4.6667,1549,49,0,0,0.0
P503203,Mini Perfume Set,Versace,Fragrance,35.0,2.0,12350,72,0,0,0.0
P503206,The Shebang Gift Set,By Rosie Jane,Fragrance,95.0,4.0,656,37,0,0,0.0
P503207,Anima Voyageur Travel Trio Set,World of Chris Collins,Fragrance,130.0,,236,53,0,0,0.0
P503209,Mini Multi Peptide Hair Density Serum,The Ordinary,Mini Size,13.0,2.6667,10485,36,0,0,0.0
P503211,Bleu de Chanel Eau de Parfum Set,CHANEL,Fragrance,180.0,,2052,20,0,0,0.0
P503216,Hyper Even Daily Duo Kit for Hyperpigmentation,Hyper Skin,Skincare,39.0,4.6667,4569,76,3,1,0.039473684210526314
P503218,Skin Obsessed Color-Correcting Primer Set,Smashbox,Makeup,42.0,,1118,80,0,0,0.0
P503220,Leila Lou Home + Away Gift Set,By Rosie Jane,Fragrance,78.0,5.0,433,20,0,0,0.0
P503224,Perfect hair Day Healthy Hair Perfector,Living Proof,Hair,32.0,4.8169,2523,53,0,0,0.0
P503226,Sugar Triple-Action Lip Serum Advanced Therapy,fresh,Skincare,36.0,3.8571,3996,44,0,0,0.0
P503231,Dylan Blue & Dylan Turquoise Travel Spray Duo Set,Versace,Fragrance,40.0,5.0,4537,38,0,0,0.0
P503234,By the Fireplace and Beach Walk Perfume Duo Set,Maison Margiela,Fragrance,122.0,5.0,7213,47,0,0,0.0
P503236,Mini Perfect hair Day Healthy Hair Perfector,Living Proof,Mini Size,18.0,3.0,1515,53,0,0,0.0
P503240,Good Fortune Perfume Set,Viktor&Rolf,Fragrance,130.0,4.125,3275,23,0,0,0.0
P503241,Luna Rossa Carbon Eau de Toilette Set,Prada,Fragrance,114.0,,1164,13,0,0,0.0
P503243,My Way Perfume Gift Set,Armani Beauty,Fragrance,86.0,5.0,2726,23,0,0,0.0
P503244,Sì Passione Perfume Gift Set,Armani Beauty,Fragrance,152.0,5.0,1700,44,0,0,0.0
P503245,H24 Eau de Toilette Set,HERMÈS,Fragrance,107.0,5.0,735,18,0,0,0.0
P503246,Armani Code Parfum,Armani Beauty,Fragrance,144.0,4.7028,1878,17,0,0,0.0
P503247,Gioia Perfume Gift Set,Armani Beauty,Fragrance,75.0,5.0,2841,21,0,0,0.0
P503250,Watch Ya Tone 5% Niacinamide Dark Spot Serum with Vitamin C,Fenty Skin,Skincare,42.0,4.5829,25289,26,0,0,0.0
P503262,Peel and Plump Skin-Smoothing Duo,alpyn beauty,Skincare,49.0,4.8889,6469,109,0,0,0.0
P503279,Weightless Hydration Shampoo for Fine/Thin Hair,Ceremonia,Hair,20.0,4.6071,1386,20,0,0,0.0
P503281,Weightless Hydration Conditioner for Fine/Thin Hair,Ceremonia,Hair,20.0,4.5429,915,18,0,0,0.0
P503294,Day Dream Vitamin C + Hydration Serum Duo 2.0,Drunk Elephant,Skincare,26.0,2.5,39446,63,0,0,0.0
P503296,Ultimate Lengths 30-Day Therapy Supplements,Curlsmith,Hair,29.99,3.0,481,20,0,0,0.0
P503300,Easy Lash Clean Lift Tubing Mascara,SIMIHAZE BEAUTY,Makeup,30.0,3.1667,1137,25,0,0,0.0
P503303,Full Lengths Density Elixir,Curlsmith,Hair,39.0,4.4828,659,34,0,0,0.0
P503304,Lunar Lip Gel Lip Gloss,SIMIHAZE BEAUTY,Makeup,30.0,2.1429,4080,20,0,0,0.0
P503306,Christmas Cracker Gift Set,Jo Malone London,Fragrance,48.0,,3149,79,0,0,0.0
P503310,Eye Play Gem Sticker Pack,SIMIHAZE BEAUTY,Makeup,38.0,3.6667,375,1,0,0,0.0
P503312,Scalp Stimulating Booster,Curlsmith,Hair,27.0,4.6667,823,30,0,0,0.0
P503319,Bloom Perfume Gift Set,Gucci,Fragrance,96.0,,2982,18,0,0,0.0
P503324,Mini Sunvisor Radiant Moisturizing Face Sunscreen SPF 35,Saie,Mini Size,16.0,3.3333,7546,33,0,0,0.0
P503331,Mini Ultra-Black Lash Lifting & Lengthening Serum Mascara,ROSE INC,Mini Size,15.0,4.0,4269,26,0,0,0.0
P503333,Sun Flush All-Over Face Tint Liquid Blush,SIMIHAZE BEAUTY,Makeup,35.0,4.7273,6683,38,0,0,0.0
P503342,Solar Tint Cream Blush Duo,SIMIHAZE BEAUTY,Makeup,42.0,3.375,4273,48,0,0,0.0
P503345,Evercalm Skin Zen Trio,REN Clean Skincare,Skincare,66.0,,0,105,0,0,0.0
P503349,Velvet Blur Matte Lipstick Balm,SIMIHAZE BEAUTY,Makeup,36.0,4.5221,9537,26,0,0,0.0
P503350,Mini Super Slick Tinted Lip Balm,SIMIHAZE BEAUTY,Makeup,24.0,1.6667,6499,23,0,0,0.0
P503353,’REPLICA’ Jazz Club Refill Set,Maison Margiela,Fragrance,170.0,,1086,19,0,0,0.0
P503357,Eye See In Sparkle Clean Multi-Dimensional Glitter Eyeshadow,GXVE BY GWEN STEFANI,Makeup,24.0,4.551,12184,13,0,0,0.0
P503552,GLOfacial Clarifying Salicylic & Plumping Hyaluronic Acid Concentrate,BeautyBio,Skincare,45.0,5.0,1715,19,3,1,0.15789473684210525
P503553,Forest Stone Solid Refillable Body Moisturizer,Kate McLeod,Bath & Body,45.0,5.0,1202,7,0,0,0.0
P503555,Mini Out All-Night Long-Wear Cream Eyeshadow Stick Set,Bobbi Brown,Makeup,30.0,4.4,15615,113,0,0,0.0
P503556,Mini Glam To Go Eyeshadow Palette,Anastasia Beverly Hills,Makeup,29.0,4.6667,15336,197,0,0,0.0
P503558,Deluxe Mini Gift Set,Paco Rabanne,Fragrance,35.0,3.0,987,34,0,0,0.0
P503562,GLOfacial Hydro-Infusion Pore Cleansing + Blue LED Clarifying Tool,BeautyBio,Skincare,199.0,4.1212,7799,20,3,1,0.15
P503564,The Hair Growth Collection,The Nue Co.,Hair,88.0,5.0,1398,50,0,0,0.0
P503572,Let's Get Luminous Brightening Essentials Set,OLEHENRIKSEN,Skincare,46.0,3.4444,11164,158,0,0,0.0
P503573,UD x Robin Eisenberg Good to Go Mini Eye Set,Urban Decay,Makeup,25.0,4.3333,5713,66,0,0,0.0
P503578,"The Eye Love You Limited Edition Eye Shadow, Eye Liner and Mascara Holiday Gift Set",Westman Atelier,Makeup,180.0,4.4,1272,27,0,0,0.0
P503579,UD x Robin Eisenberg 24/7 Glide-On Waterproof Eyeliner Pencil Holidaze Set,Urban Decay,Makeup,23.0,4.2222,3778,34,0,0,0.0
P503582,Mini Shine On Dolce Vita Lip Duo Set,NARS,Mini Size,25.0,4.625,18880,55,0,0,0.0
P503592,Daisy Penspray Trio Set,Marc Jacobs Fragrances,Fragrance,55.0,5.0,4440,77,0,0,0.0
P503600,Discovery Sampler Set,PHLUR,Fragrance,35.0,3.65,12724,28,0,0,0.0
P503601,Discovery Sampler Set,KAYALI,Fragrance,25.0,3.6066,45869,133,0,0,0.0
P503633,Calm the F*ck Down Everyday Essentials Set,By Rosie Jane,Bath & Body,35.0,3.6667,1992,49,0,0,0.0
P503634,Avocado Ceramide Moisture Barrier Cleanser,Glow Recipe,Skincare,28.0,4.4387,30873,49,0,0,0.0
P503635,Pack Up & Glow Priming Mineral SPF 40,Wander Beauty,Skincare,36.0,4.25,1160,54,0,0,0.0
P503639,Double Dippin' 2-in-1 Lip Color Remover & Hydrating Lip Mask,GXVE BY GWEN STEFANI,Makeup,24.0,4.5769,2611,16,0,0,0.0
P503641,Mini Good Fortune & Flowerbomb Perfume Set,Viktor&Rolf,Fragrance,29.0,4.4571,16376,41,0,0,0.0
P503642,Squalane + Vitamin C Rose Brightening Moisturizer,Biossance,Skincare,56.0,4.4234,11500,25,0,0,0.0
P503651,Dewtopia 5% AHA Firming Night Crème,OLEHENRIKSEN,Skincare,60.0,4.8319,10448,57,0,0,0.0
P503652,24-7 Moisture Intense Ultra Hydrating Day & Night Cream with Hyaluronic Acid + Squalane,TULA Skincare,Skincare,58.0,4.4182,1482,62,0,0,0.0
P503655,Mini Grape Water Moisturizing Face Mist,Caudalie,Skincare,12.0,4.125,9290,3,0,0,0.0
P503657,Premier Cru Skin Barrier Rich Moisturizer with Bio-Ceramides,Caudalie,Skincare,129.0,4.5665,12606,36,0,0,0.0
P503665,Missing Person Body Lotion,PHLUR,Bath & Body,36.0,,94,41,0,0,0.0
P503667,Fragrance Discovery Set,By Rosie Jane,Fragrance,25.0,4.7635,4335,138,0,0,0.0
P503668,Barrier+ Triple Lipid + Collagen + Niacinamide Activating Serum,Skinfix,Skincare,69.0,4.8242,20730,56,0,0,0.0
P503670,Travel Spray Trio Set,KAYALI,Fragrance,55.0,4.4286,12085,48,0,0,0.0
P503677,Hero Eau de Toilette Gift Set,BURBERRY,Fragrance,126.0,5.0,918,39,0,0,0.0
P503679,SurrealSkin Liquid Foundation,MAKEUP BY MARIO,Makeup,42.0,3.5156,151804,28,0,0,0.0
P503681,Fluff Up Brow Flexible Brow-Texturizing Wax,Benefit Cosmetics,Makeup,26.0,4.3003,13457,24,0,0,0.0
P503682,"Destined For Density Peptide Conditioner for Thicker, Fuller Hair",Briogeo,Hair,32.0,4.7115,7050,31,0,0,0.0
P503683,Acne Salicylic Acid Day & Night Duo,Peace Out,Skincare,19.0,4.7073,6248,4,3,1,0.75
P503684,"Destined For Density Peptide Shampoo for Thicker, Fuller Hair",Briogeo,Hair,32.0,4.4127,9612,30,0,0,0.0
P503687,Mini Fluff Up Brow Flexible Brow-Texturizing Wax,Benefit Cosmetics,Mini Size,15.0,3.8824,13050,24,0,0,0.0
P503690,Water Drench Hyaluronic Cloud Rich Barrier Moisturizer,Peter Thomas Roth,Skincare,58.0,4.7489,2975,32,0,0,0.0
P503692,Plush Puddin’ Intensive Recovery Lip Mask With Pomegranate Sterols + Vitamin E,Fenty Skin,Skincare,22.0,4.1144,76840,23,0,0,0.0
P503693,Bouncy Brightfacial Brightening Mask with 10% Azelaic Acid + 1% Salicylic Acid,Drunk Elephant,Skincare,68.0,4.4859,27212,52,3,1,0.057692307692307696
P503697,"Destined for Density Peptide Hair Serum for Thicker, Fuller Hair",Briogeo,Hair,57.0,3.9172,39692,44,0,0,0.0
P503702,Instant FIRMx No-Filter Primer,Peter Thomas Roth,Makeup,42.0,4.3913,12705,44,0,0,0.0
P503707,Anti-Dandruff Shampoo,OUAI,Hair,36.0,4.1538,24958,25,3,1,0.12
P503711,Positive Light Silky Touch Highlighter,Rare Beauty by Selena Gomez,Makeup,25.0,4.4501,244183,16,0,0,0.0
P503714,Positive Light Under Eye Brightener,Rare Beauty by Selena Gomez,Makeup,24.0,4.2621,156489,34,0,0,0.0
P503716,The Essence Skincare Boosting Treatment – Lunar New Year Edition,Tatcha,Skincare,110.0,,0,8,0,0,0.0
P503717,Lunar New Year Collection: Venus in Fleurs Luxe Eyeshadow Quad: Voyeuristic Vixen,PAT McGRATH LABS,Makeup,58.0,3.2,3794,69,0,0,0.0
P503720,Discovery Set,OTHERLAND,Fragrance,36.0,,949,8,0,0,0.0
P503721,Salicylic Acid Acne Day Dots,Peace Out,Skincare,19.0,4.4974,11747,4,3,1,0.75
P503726,B3 Nice 10% Niacinamide Serum,Sunday Riley,Skincare,65.0,4.726,9940,49,0,0,0.0
P503729,Glow Glide Face Architect Highlighter,Charlotte Tilbury,Makeup,48.0,4.2389,55137,116,0,0,0.0
P503730,Cashmere Mist Aluminum Free/Alcohol Free Deodorant,Donna Karan,Bath & Body,32.0,3.3333,3171,18,0,0,0.0
P503731,"The Customizable Crew Set: Highlighter, Lip Oil, and Skin Tint Set",Ami Colé,Makeup,60.0,4.5,1164,64,0,0,0.0
P503732,Skin Melt Talc-Free Loose Setting Powder,Ami Colé,Makeup,22.0,4.5714,4978,19,0,0,0.0
P503737,Mini Take The Day Off Charcoal Cleansing Balm Makeup Remover,CLINIQUE,Mini Size,14.0,4.5521,2454,12,0,0,0.0
P503741,Lip Treatment Oil,Ami Colé,Makeup,20.0,4.7053,22871,24,0,0,0.0
P503747,Take The Day Off Charcoal Cleansing Balm Makeup Remover,CLINIQUE,Skincare,38.0,4.5521,2618,12,0,0,0.0
P503749,Wood Sage & Sea Salt Cologne Travel Spray,Jo Malone London,Fragrance,24.0,4.0,7271,12,0,0,0.0
P503754,Skin-Enhancing Tinted Moisturizer,Ami Colé,Makeup,32.0,4.8966,6596,25,0,0,0.0
P503757,Fenty Eau de Parfum,Fenty Beauty by Rihanna,Fragrance,140.0,3.4339,37623,16,0,0,0.0
P503759,Ultra-Flex Clear Eyebrow Shaping Gel,Ami Colé,Makeup,20.0,4.8889,2885,11,0,0,0.0
P503762,Lash-Amplifying Volumizing & Lengthening Mascara,Ami Colé,Makeup,19.0,4.1842,5015,32,0,0,0.0
P503763,Light-Catching Highlighter Balm,Ami Colé,Makeup,22.0,4.75,3685,19,0,0,0.0
P503765,Lip Power Long-Lasting Satin Lipstick Duo Set,Armani Beauty,Makeup,52.0,4.6667,3602,27,0,0,0.0
P503767,Skin-Enhancing Concealer,Ami Colé,Makeup,24.0,4.6429,3551,26,0,0,0.0
P503809,Bounce-Boosting Serum with Collagen + Peptides,First Aid Beauty,Skincare,44.0,4.7273,7214,48,0,0,0.0
P503811,True Textures Coil Stretching & Styling Curl Cream,Mizani,Hair,25.0,4.39,196,31,0,0,0.0
P503813,Embody Volumizing Hair  Foam,JVN,Hair,29.0,3.6393,19738,28,0,0,0.0
P503814,Dynamic Skin Retinol Serum,Dermalogica,Skincare,92.0,4.8081,3898,45,0,0,0.0
P503815,The Most Wanted Parfum,Azzaro,Fragrance,118.0,4.7413,1359,26,0,0,0.0
P503817,The Most Wanted Eau De Parfum Intense,Azzaro,Fragrance,114.0,4.6892,1165,20,0,0,0.0
P503818,True Textures Sleek Holding Hair Gel,Mizani,Hair,25.0,4.3972,590,24,0,0,0.0
P503819,Hottest in Haircare,Sephora Favorites,Hair,35.0,4.6129,17364,297,0,0,0.0
P503820,Daily Brightness Boosters Kit,Dermalogica,Skincare,49.5,4.8333,1723,135,0,0,0.0
P503822,Mini True Textures Coil Stretching & Styling Curl Cream,Mizani,Mini Size,13.5,4.39,225,31,0,0,0.0
P503823,Strength Cure Shampoo & Conditioner Jumbo Value Set,Pureology,Hair,145.0,3.6667,1211,95,3,1,0.031578947368421054
P503824,Hydrate Shampoo & Conditioner Jumbo Value Set,Pureology,Hair,145.0,3.75,2699,101,3,1,0.0297029702970297
P503826,Mini True Textures Sleek Holding Hair Gel,Mizani,Mini Size,13.5,4.3972,342,24,0,0,0.0
P503827,Midnight Ritual Retinol Renewal Serum,Summer Fridays,Skincare,69.0,4.7588,14766,39,0,0,0.0
P503831,Daisy Paradise Eau de Toilette,Marc Jacobs Fragrances,Fragrance,90.0,4.5636,5002,15,0,0,0.0
P503832,Mini AFRICAN Beauty Butter- Intensive Dry Skin Treatment,54 Thrones,Bath & Body,12.0,4.5175,3392,13,0,0,0.0
P503857,Reserve - Sparkling Sugar,CLEAN RESERVE,Fragrance,110.0,4.2182,9548,6,0,0,0.0
P503858,Flora Gorgeous Gardenia Eau de Parfum Mini Perfume Set,Gucci,Fragrance,36.0,4.1176,19595,12,0,0,0.0
P503859,Reserve - Sparkling Sugar Travel Spray,CLEAN RESERVE,Fragrance,29.0,4.0286,8974,6,0,0,0.0
P503863,Regenerative Veda⁴ Bond Repair Conditioner- Mighty Majesty,RANAVAT,Hair,48.0,4.6173,1165,20,0,0,0.0
P503865,Bright & Tight Dark Circle Firming Eye Cream with Vitamin C & Peptides,iNNBEAUTY PROJECT,Skincare,34.0,4.4176,15443,69,0,0,0.0
P503867,Retinol Firming Cream Treatment with Peptides + Hyaluronic Acid,LANEIGE,Skincare,39.0,4.5728,8178,55,0,0,0.0
P503868,BTS |  Amorepacific Lip Sleeping Mask Lip & Pop Edition Set,LANEIGE,Skincare,35.0,4.3636,23044,124,0,0,0.0
P503872,Mini Mandelic Acid + Superfood Unity Exfoliant,Youth To The People,Skincare,16.0,4.8,6510,32,0,0,0.0
P503875,"The Body Bar - With 2% Physical Exfoliant, 5 Ceramides + Niacinamide",Nécessaire,Bath & Body,12.0,4.1333,7824,24,0,0,0.0
P503876,OLE Glow Icons Skincare Set,OLEHENRIKSEN,Skincare,62.0,3.75,1997,142,0,0,0.0
P503877,Superkind Refining Cleanser,Tata Harper,Skincare,88.0,5.0,689,36,0,0,0.0
P503878,Pout Preserve Peptide Lip Treatment,OLEHENRIKSEN,Skincare,22.0,4.5727,20729,41,0,0,0.0
P503879,Wake Up Honey Eye Cream with Brightening Vitamin C,Farmacy,Skincare,45.0,4.7118,28506,38,0,0,0.0
P503881,Regenerative Veda⁴ Bond Repair Shampoo - Mighty Majesty,RANAVAT,Hair,48.0,4.5926,1262,24,0,0,0.0
P503887,Long-Wear Cream Eyeshadow Stick Limited Edition,Bobbi Brown,Makeup,32.0,4.3333,2047,34,0,0,0.0
P503890,Green Tea Hyaluronic Acid Hydrating Toner,innisfree,Skincare,22.0,4.5714,8957,32,0,0,0.0
P503891,Green Tea Hyaluronic Acid Hydrating Moisturizer,innisfree,Skincare,29.0,4.7299,13619,50,0,0,0.0
P503892,Instant Hydration Set,Biossance,Skincare,74.0,3.6667,3629,82,0,0,0.0
P503894,Green Tea Hyaluronic Acid Hydrating Eye Cream,innisfree,Skincare,26.0,3.5,1784,49,0,0,0.0
P503895,Speak Love Lip Liner Pencil,LYS Beauty,Makeup,15.0,4.8857,7932,17,0,0,0.0
P503896,Glow I.V. Vitamin-Infused Skin Illuminating Enhancer,Kosas,Makeup,38.0,3.2473,40928,52,0,0,0.0
P503897,Smooth + Seduce Contouring Body Cream with Caffeine,JLo Beauty,Bath & Body,60.0,4.1493,2512,68,0,0,0.0
P503898,Balinese Coconut Perfume Oil Rollerball,NEST New York,Fragrance,35.0,4.5714,8290,12,0,0,0.0
P503899,Water Balm Custom Hydration Body Moisturizer Mist,Hanni,Bath & Body,34.0,4.7976,3076,20,0,0,0.0
P503900,Destinations Eye Palette,SEPHORA COLLECTION,Makeup,15.0,3.9231,7730,187,0,0,0.0
P503901,Hydration Heroes Green Tea Skincare Routine Set,innisfree,Skincare,39.0,3.7059,7004,167,0,0,0.0
P503902,Tighten + Tease Resurfacing Body Serum with AHAs,JLo Beauty,Bath & Body,60.0,3.9221,2023,58,0,0,0.0
P503903,Sculpt Cream Contour Stick,MILK MAKEUP,Makeup,24.0,4.4381,43129,23,0,0,0.0
P503904,Big By Definition Defining & Volumizing Waterproof Mascara,SEPHORA COLLECTION,Makeup,12.0,2.6842,2691,26,0,0,0.0
P503905,’REPLICA’ On A Date,Maison Margiela,Fragrance,160.0,3.9948,17536,21,0,0,0.0
P503907,Colorful Gloss Balm Feeling Groovy,SEPHORA COLLECTION,Makeup,10.0,4.8,4250,22,0,0,0.0
P503909,Mini C.E.O. Afterglow Brightening Vitamin C Moisturizer,Sunday Riley,Mini Size,22.0,4.666,4009,33,0,0,0.0
P503911,Tangerine Boy Eau de Parfum,PHLUR,Fragrance,96.0,4.0513,9415,3,0,0,0.0
P503912,Firm + Bright + Glow Vitamin C Lactic Set,Dr. Dennis Gross Skincare,Skincare,85.0,3.4286,4442,142,3,1,0.02112676056338028
P503913,Ultra Facial Advanced Repair Barrier Cream,Kiehl's Since 1851,Skincare,48.0,4.7556,6823,38,3,1,0.07894736842105263
P503915,Mini Floral Recovery Overnight Mask with Squalane,fresh,Skincare,28.0,5.0,3539,31,0,0,0.0
P503917,Mini Forest Stone Solid Body Moisturizer,Kate McLeod,Bath & Body,12.0,4.3333,939,7,0,0,0.0
P503920,Triple Acid Signature Peel,Shani Darden Skin Care,Skincare,125.0,4.876,7097,47,0,0,0.0
P503921,Color Shifter Mini Eyeshadow Palette,SEPHORA COLLECTION,Makeup,10.0,3.9286,24094,120,0,0,0.0
P503922,Hi! Light Radiant Glow Highlighter,caliray,Makeup,30.0,4.88,3245,20,0,0,0.0
P503923,Super Nova 5% THD Vitamin C + Caffeine Brightening Eye Cream,Herbivore,Skincare,48.0,4.6207,14229,41,0,0,0.0
P503924,’REPLICA’ On A Date Travel Spray,Maison Margiela,Fragrance,35.0,3.3143,13337,21,0,0,0.0
P503925,Balinese Coconut Perfume Oil,NEST New York,Fragrance,98.0,4.5714,12449,12,0,0,0.0
P503926,The Face Cream Mask,Augustinus Bader,Skincare,215.0,4.375,684,35,0,0,0.0
P503927,Vitamin C Lactic Biocellulose Brightening Treatment Mask,Dr. Dennis Gross Skincare,Skincare,12.0,4.5897,6445,20,0,0,0.0
P503928,Green Tea Hyaluronic Acid Face Cleanser,innisfree,Skincare,12.0,4.0385,7953,33,0,0,0.0
P503929,Sheer Matte Lip Balm,SEPHORA COLLECTION,Makeup,10.0,3.7,15242,22,0,0,0.0
P503930,Green Tea Hyaluronic Acid Hydrating Eye Serum,innisfree,Skincare,22.0,3.8,6741,40,0,0,0.0
P503931,Bum Bum Firmeza Firming & Debloating Body Oil,Sol de Janeiro,Bath & Body,52.0,4.3943,79665,27,0,0,0.0
P503932,Airbrush Flawless Finish Brightening Powder Refill,Charlotte Tilbury,Makeup,41.0,,1005,32,0,0,0.0
P503933,The Night Time Edit- Jenna Rennert X OLEHENRIKSEN,OLEHENRIKSEN,Skincare,65.0,3.4,1927,119,0,0,0.0
P503934,Besties Set,LANEIGE,Skincare,35.0,3.6667,6757,187,0,0,0.0
P503935,Volcanic Pore Clearing Facial Cleanser with AHA + BHA,innisfree,Skincare,14.0,4.4444,4123,35,3,1,0.08571428571428572
P503936,Black Tea Anti-Aging Moisturizer with Retinol-Alternative BT Matrix,fresh,Skincare,95.0,4.8434,6292,27,0,0,0.0
P503938,Speak Love Moisture Matte Lipstick,LYS Beauty,Makeup,20.0,4.6825,12468,31,0,0,0.0
P503942,Green Tea Hydrating Cleansing Oil,innisfree,Skincare,24.0,4.3077,6627,28,0,0,0.0
P503943,Sculptino Soft Matte Cream Contour + Bronzer,Tower 28 Beauty,Makeup,20.0,4.6338,22075,31,0,0,0.0
P503944,Mini Acid Potion AHA + BHA Resurfacing Exfoliator,Moon Juice,Skincare,15.0,3.5,4454,20,3,1,0.15
P503991,Algae + Moringa Universal Hydrating Face Oil,MARA,Skincare,72.0,4.9009,1595,17,0,0,0.0
P503992,Chia + Moringa Algae Enzyme Cleansing Oil,MARA,Skincare,58.0,4.8839,4444,23,0,0,0.0
P503993,Mini Pastel Eyeshadow Palette,Natasha Denona,Makeup,27.0,4.5,7673,93,0,0,0.0
P503994,Quickie 24H Multi-Use Hydrating Full-Coverage Concealer,Urban Decay,Makeup,33.0,4.3813,22247,29,0,0,0.0
P503996,Mini Revealer Super Creamy + Brightening Concealer and Daytime Eye Cream,Kosas,Makeup,15.0,3.8083,58264,39,0,0,0.0
P503997,"Cleanse + Treat Duo Nighttime Routine for Clean, Smooth Skin",Farmacy,Skincare,46.0,4.7778,4870,71,0,0,0.0
P503998,Algae Peptide Regenerative Moisturizer,Algenist,Skincare,98.0,,442,42,0,0,0.0
P503999,Capture Totale Le Sérum Anti-Aging Serum,Dior,Skincare,100.0,4.4527,2435,43,0,0,0.0
P504000,Flyaway Fix Anti-Frizz Finishing Serum Wand,BondiBoost,Hair,23.95,4.5238,2803,18,0,0,0.0
P504001,Ceramidin Skin Barrier Serum Toner,Dr. Jart+,Skincare,39.0,4.6364,5912,36,0,0,0.0
P504002,Water Sign Hydrating Hair Oil with Hyaluronic Acid,amika,Hair,32.0,3.8,16767,28,0,0,0.0
P504003,Mini Whipped Greens Oil-Free Foaming Cleanser with Moringa and Papaya,Farmacy,Mini Size,12.0,4.5747,4116,50,0,0,0.0
P504004,Heavenly Hydration Pre-Shampoo Hair Oil,BondiBoost,Hair,29.99,4.9109,1884,15,0,0,0.0
P504007,Ceramidin Skin Barrier Moisturizing Cream,Dr. Jart+,Skincare,48.0,4.6091,16300,45,0,0,0.0
P504009,Frizz Fix Serum,BondiBoost,Hair,23.99,4.9412,1244,30,0,0,0.0
P504011,Super Anti-Aging Night Cream,Dr. Barbara Sturm,Skincare,395.0,,218,26,0,0,0.0
P504012,Real Flawless Weightless Perfecting Foundation,Laura Mercier,Makeup,48.0,4.1,9196,22,0,0,0.0
P504016,Mini Evening Primrose + Green Tea Algae Retinol Face Oil,MARA,Skincare,66.0,4.9487,1039,22,0,0,0.0
P504017,Nighttime Necessities Repair + Lift + Hydrate,Estée Lauder,Skincare,115.0,,3091,196,0,0,0.0
P504018,The Skin Renewal System,Augustinus Bader,Skincare,185.0,5.0,2331,100,3,1,0.03
P504020,Matte Beauty Blush Wands,Charlotte Tilbury,Makeup,42.0,4.4184,58824,17,0,0,0.0
P504022,Mini 10% Niacinamide Night Mask,Farmacy,Mini Size,26.0,4.6759,7178,38,0,0,0.0
P504023,Algae + Zinc Sea Kale Mineral Sunscreen Sérum SPF 30,MARA,Skincare,52.0,4.5714,1323,14,0,0,0.0
P504025,Color Fuse Talc-Free Powder Blush with Fermented Arnica,HAUS LABS BY LADY GAGA,Makeup,38.0,4.8667,35662,143,0,0,0.0
P504026,Mini Algae + Moringa Universal Face Oil,MARA,Skincare,40.0,4.9009,1333,17,0,0,0.0
P504028,Multi-Peptide Eye Serum,The Ordinary,Skincare,25.0,3.9714,11059,34,0,0,0.0
P504029,"The Body Cream - With 5 Ceramides, Colloidal Oatmeal + Niacinamide",Nécessaire,Bath & Body,45.0,4.8619,10314,35,0,0,0.0
P504031,Evening Primrose + Green Tea Algae Retinol Face Oil,MARA,Skincare,120.0,4.9487,940,22,0,0,0.0
P504032,Glow Strong Mini Moisturizer + Eye Cream Duo,OLEHENRIKSEN,Skincare,25.0,,64,135,0,0,0.0
P504035,Mini BeamCream Smoothing Body Moisturizer with AHAs,OLEHENRIKSEN,Bath & Body,20.0,4.0,1034,47,0,0,0.0
P504036,Mini Flora Gorgeous Gardenia Eau de Parfum Perfume Set,Gucci,Fragrance,96.0,,4634,12,0,0,0.0
P504037,Makeup Insurance Longwear Setting Spray + Blue Light Defense,Too Faced,Makeup,34.0,4.4697,4351,26,0,0,0.0
P504040,Spirulina + Ashwagandha Volcanic Sea Clay Detox Masque,MARA,Skincare,54.0,4.8519,1713,29,0,0,0.0
P504041,OneLiner Lip Liner + Eyeliner + Cheek Pencil,Tower 28 Beauty,Makeup,15.0,4.7322,23277,20,0,0,0.0
P504042,Ceramidin Skin Barrier Moisturizing Mask,Dr. Jart+,Skincare,9.0,4.6936,10190,29,0,0,0.0
P504043,Hydrabarrier Nourishing Face Oil,OLEHENRIKSEN,Skincare,58.0,4.8186,14652,26,0,0,0.0
P504044,Pro-Retinol Megamoisture Face Cream,Josie Maran,Skincare,54.0,4.7518,3498,57,0,0,0.0
P504045,Daily Dose Bioretinol + Mineral SPF 40 with Bakuchiol,Supergoop!,Skincare,46.0,4.7357,11846,28,0,0,0.0
P504049,Skin Filter Daily Brightening Phyto-Retinol + AHA Serum,The Nue Co.,Skincare,65.0,5.0,400,28,0,0,0.0
P504050,Advanced Retinol Nightly Multi Correct Serum,StriVectin,Skincare,99.0,4.7857,855,63,0,0,0.0
P504051,Yummy Skin Blurring Balm Powder Flushed - Matte Color for Cheek & Lip,Danessa Myricks Beauty,Makeup,25.0,4.8751,31752,26,0,0,0.0
P504053,Capture Dreamskin 1-Minute Mask,Dior,Skincare,80.0,5.0,993,37,0,0,0.0
P504054,"Mini The Body Lotion - With Niacinamide, Vitamins + Peptides",Nécessaire,Bath & Body,15.0,3.9298,3232,32,0,0,0.0
P504056,"Perfect Canvas Smooth, Prep & Plump Essence",REN Clean Skincare,Skincare,55.0,4.7677,1944,18,0,0,0.0
P504059,Chlorella + Reishi Sea Vitamin C Sérum,MARA,Skincare,96.0,4.9032,1554,32,0,0,0.0
P504062,Black Opium Le Parfum,Yves Saint Laurent,Fragrance,179.0,4.5875,9007,18,0,0,0.0
P504063,Lunar New Year Collection:  MatteTrance Lipstick,PAT McGRATH LABS,Makeup,39.0,5.0,1693,27,0,0,0.0
P504064,Ceramidin Cream-Infused Mask,Dr. Jart+,Skincare,15.0,4.6324,4288,35,0,0,0.0
P504069,"The Navy Collection: 5-Piece Lip, Eye + Accessories Set",Fenty Beauty by Rihanna,Makeup,58.0,4.0,4651,62,0,0,0.0
P504071,Bright Start Retinol Alternative Brightening Eye Cream,ILIA,Skincare,46.0,4.4004,35799,36,0,0,0.0
P504072,Cloud Crush Blurring Blush,Too Faced,Makeup,29.0,4.5428,62771,27,0,0,0.0
P504073,Ultralight Moisture-Boosting Botanical Oil,The Outset,Skincare,44.0,4.836,1949,24,0,0,0.0
P504074,"The Body Wash - With Niacinamide, Vitamins + Plant Surfactants Refill",Nécessaire,Bath & Body,40.0,3.7463,3163,22,0,0,0.0
P504075,Black Opium Le Parfum Travel Spray,Yves Saint Laurent,Fragrance,34.0,3.8462,6686,18,0,0,0.0
P504076,Exfoliating Revitalizing & Energizing Caffeine Micro Polish,The Outset,Skincare,34.0,4.7705,933,18,0,0,0.0
P504077,Lunar New Year Collection: Skin Fetish: Sublime Perfection Blurring Under-Eye Powder,PAT McGRATH LABS,Makeup,32.0,,2400,11,0,0,0.0
P504080,Limited Edition Lunar New Year Sheer Finish Pressed Powder,Bobbi Brown,Makeup,46.0,5.0,782,22,0,0,0.0
P504081,Lunar New Year Light Reflecting Pressed Setting Powder and Puff,NARS,Makeup,42.0,3.0,2971,26,0,0,0.0
P504117,MahaMane Smooth & Shine Hair Oil,Fable & Mane,Hair,38.0,4.3984,13621,26,0,0,0.0
P504122,PRIME TIME Original Pore-Minimizing Primer,bareMinerals,Makeup,28.0,4.5278,999,21,0,0,0.0
P504123,Sunday Reset Duo Treatment - Exfoliating Shampoo and Deep Conditioning Mask,Ceremonia,Hair,49.0,4.5,1423,69,0,0,0.0
P504125,Strawberry BHA Pore-Smooth Blur Drops,Glow Recipe,Skincare,32.0,4.686,31946,32,3,1,0.09375
P504127,Rich Bitch Nourishing Plant and Peptide Lip Balm,Freck Beauty,Makeup,20.0,4.127,11249,21,0,0,0.0
P504128,Hydro Rush and Dream Routine Hair Hydration Set,amika,Hair,58.0,3.625,10621,117,0,0,0.0
P504130,WOMEN’S VEGAN Clinically Proven Hair Growth Supplement for Thinning,Nutrafol,Hair,88.0,4.7033,1473,20,0,0,0.0
P504131,BADgal Goodies Volumizing Mascara Value Set,Benefit Cosmetics,Makeup,29.0,3.0,2052,36,0,0,0.0
P504134,Sea Silk Lip Balm,MARA,Skincare,26.0,4.4444,6580,28,0,0,0.0
P504135,Curl Starter Set,Bumble and bumble,Hair,29.0,,1373,122,0,0,0.0
P504136,Get REAL Duo Lengthening Mascara Value Set,Benefit Cosmetics,Makeup,29.0,,1000,34,0,0,0.0
P504140,Mini Sunday Purifying Clay Detox Shampoo,Bumble and bumble,Hair,14.0,4.7135,893,32,3,1,0.09375
P504143,Rio Deo Aluminum-Free Deodorant Cheirosa '40,Sol de Janeiro,Bath & Body,16.0,3.4444,20982,24,0,0,0.0
P504146,Sunday Scalp Reset Foam Pre Shampoo,Bumble and bumble,Hair,34.0,4.766,292,41,3,1,0.07317073170731707
P504148,WOMEN Clinically Proven Hair Growth Supplement for Thinning,Nutrafol,Hair,88.0,4.6882,9780,21,0,0,0.0
P504151,Lunar New Year Gold Lust Travel Hair Set,Oribe,Hair,25.0,4.3333,5416,165,3,1,0.01818181818181818
P504152,Can't Stop Staring Clean Lengthening & Lifting Mascara,GXVE BY GWEN STEFANI,Makeup,20.0,4.3333,14157,26,0,0,0.0
P504153,Mini PRIME TIME Original Pore-Minimizing Primer,bareMinerals,Makeup,16.0,3.0,839,21,0,0,0.0
P504155,Build-Up Blocker Scalp Exfoliating Hair Mask with AHAs and Jojoba Esters,Nutrafol,Hair,49.0,4.7354,1724,25,0,0,0.0
P504157,Stress Reliever Soothing Serum for Dry & Sensitive Scalps,Nutrafol,Hair,59.0,4.6471,1398,23,0,0,0.0
P504159,Hydrabloom Body Silk With Hyaluronic Acid,Saint Jane Beauty,Bath & Body,48.0,4.9375,1267,24,0,0,0.0
P504161,Women’s Lightweight Thickening-Hair Serum for Thinning Hair,Nutrafol,Hair,69.0,4.7047,6674,27,0,0,0.0
P504162,Mini Self Tanning Bronzing Face Drops,Isle of Paradise,Bath & Body,15.0,3.9593,8694,28,0,0,0.0
P504164,The Golden One Eye Shadow Palette Star Wars Edition,PAT McGRATH LABS,Makeup,36.0,4.875,5796,100,0,0,0.0
P504165,POSTPARTUM OBGYN-Formulated Hair Growth Supplement for Thinning & Full-Body Recovery Support,Nutrafol,Hair,88.0,4.5714,852,23,0,0,0.0
P504167,Electric Cherry,TOM FORD,Fragrance,395.0,3.6154,7306,17,0,0,0.0
P504168,Daisy Eau So Fresh Paradise Eau de Toilette,Marc Jacobs Fragrances,Fragrance,104.0,4.5278,1951,12,0,0,0.0
P504169,Cherry Smoke,TOM FORD,Fragrance,395.0,3.8667,8321,20,0,0,0.0
P504170,On-Set Essentials: Primer + Setting Spray Trio Set,Smashbox,Makeup,34.0,,803,75,0,0,0.0
P504171,Fruit Babies Bestsellers Kit,Glow Recipe,Skincare,34.0,4.6339,57316,200,3,1,0.015
P504172,MEN Clinically Proven Hair Growth Supplement for Thinning,Nutrafol,Hair,88.0,5.0,868,21,0,0,0.0
P504173,WOMEN’S BALANCE 45+ Clinically Proven Hair Growth Supplement for Thinning,Nutrafol,Hair,88.0,4.8286,3606,20,0,0,0.0
P504178,Cheek Popper Blushing Highlighter,Too Faced,Makeup,27.0,3.6667,6562,30,0,0,0.0
P504179,LUST: Gloss Star Wars Edition,PAT McGRATH LABS,Makeup,29.0,4.6667,2935,21,0,0,0.0
P504180,Mini Step 1 Primer Color Corrector – 24HR Redness Control & Hydrating Primer,MAKE UP FOR EVER,Mini Size,20.0,4.25,3908,30,0,0,0.0
P504181,ChromaLuxe Artistry Pigment Star Wars Edition,PAT McGRATH LABS,Makeup,32.0,4.0,5843,13,0,0,0.0
P504183,JuiceBalm Vegan Tinted Lip Balm,Tower 28 Beauty,Makeup,16.0,4.5195,35511,19,0,0,0.0
P504184,Strand Defender Lightweight Strengthening Conditioner for Thinning Hair,Nutrafol,Hair,44.0,4.6791,1893,37,0,0,0.0
P504185,Hairderesser's Invisible Oil Starter Set,Bumble and bumble,Hair,29.0,,1542,116,0,0,0.0
P504186,Root Purifier Scalp Shampoo for Thinning Hair,Nutrafol,Hair,44.0,4.6872,3120,30,0,0,0.0
P504187,Mothership VI: Midnight Sun Star Wars Edition,PAT McGRATH LABS,Makeup,128.0,5.0,4118,184,0,0,0.0
P504190,Tinted Moisturizer Bronzer,Laura Mercier,Makeup,30.0,2.7692,5268,35,0,0,0.0
P504199,Plankton + PHAFlower Acid Algae Serum,MARA,Skincare,74.0,4.8846,1159,35,0,0,0.0
P504200,maracuja juicy lip crème,tarte,Makeup,24.0,4.6667,36484,54,0,0,0.0
P504201,LES Eau de Parfum,Boy Smells,Fragrance,98.0,3.7,2733,13,0,0,0.0
P504202,Soft Matte Advanced Perfecting Powder,NARS,Makeup,36.0,3.9524,24010,37,0,0,0.0
P504203,Clarifying Cleanse + Hydrate Duo,Tatcha,Skincare,27.0,3.25,9900,60,0,0,0.0
P504204,True Textures Curl Enhancing Cream,Mizani,Hair,25.0,4.5227,1437,34,0,0,0.0
P504205,LES Eau de Parfum Travel Spray,Boy Smells,Fragrance,30.0,3.625,3207,13,0,0,0.0
P504208,Midnight to Morning Hydration Set,LANEIGE,Skincare,21.0,4.2632,41957,100,0,0,0.0
P504209,True Textures Curl Define Styling Cream,Mizani,Hair,25.0,4.3333,418,33,0,0,0.0
P504212,Berries n' Choco Kisses Set,LANEIGE,Skincare,26.0,4.5954,71206,84,0,0,0.0
P504215,Amazonian clay blurring powder foundation,tarte,Makeup,39.0,4.125,8512,28,0,0,0.0
P504216,Extra Plump Hydrating Lip Serum,Bobbi Brown,Makeup,35.0,3.7778,7142,73,0,0,0.0
P504217,Artful Edges Edge Tamer,Mizani,Hair,19.0,4.2549,159,15,0,0,0.0
P504218,Dewy Cleanse + Hydrate Duo,Tatcha,Skincare,27.0,4.5405,23678,73,0,0,0.0
P504220,tartelette energy Amazonian clay palette,tarte,Makeup,25.0,4.3333,3602,100,0,0,0.0
P504221,Trinity+ Starter Kit,NuFACE,Skincare,395.0,5.0,1085,66,0,0,0.0
P504224,True Textures Twist and Coil Jelly,Mizani,Hair,25.0,3.5,145,21,0,0,0.0
P504237,Mini Hydra'Reset Intensive Recovery Glycerin Hand Mask,Fenty Skin,Bath & Body,14.0,4.2345,4344,30,0,0,0.0
P504240,Mini Instant Reset Brightening Overnight Recovery Gel-Cream With Niacinamide + Kalahari Melon Oil,Fenty Skin,Skincare,26.0,4.1988,4881,48,0,0,0.0
P504272,Hydrating Skincare Gift Set,fresh,Skincare,59.0,3.2857,6842,136,0,0,0.0
P504276,Irresistible Eau de Parfum Rose Velvet,Givenchy,Fragrance,135.0,4.6783,2714,18,0,0,0.0
P504277,Face Stone Nourishing Solid Refillable Facial Oil with Tamanu + Blue Tansy,Kate McLeod,Skincare,68.0,4.6567,1182,9,0,0,0.0
P504279,Daisy Love Paradise Eau de Toilette,Marc Jacobs Fragrances,Fragrance,90.0,4.5597,4346,19,0,0,0.0
P504281,Mini Clean Classic Rollerball Perfume Set,CLEAN RESERVE,Fragrance,22.0,5.0,2720,55,0,0,0.0
P504283,Mini Solar Power Luminous SPF 30 Serum,ROSE INC,Skincare,18.0,3.0,1939,31,0,0,0.0
P504285,1 Million Eau de Toilette Cologne Set,Paco Rabanne,Fragrance,86.0,,90,16,0,0,0.0
P504286,Nudestix Lemon-Aid Detox & Glow Micro-Peel,NUDESTIX,Skincare,35.0,,0,22,0,0,0.0
P504287,Mini No Frizz Smooth Styling Cream,Living Proof,Mini Size,18.0,4.8221,1058,30,0,0,0.0
P504288,Get Lit Skin and Mood Boosting Supplement,caliray,Skincare,48.0,4.5,789,15,0,0,0.0
P504289,Prep & Treat Lip Care Gift Set,fresh,Skincare,28.0,3.5,4428,71,0,0,0.0
P504291,Daily Hydrating Sun Protection Set,Shiseido,Skincare,52.0,,1171,126,0,0,0.0
P504292,Mini Clean Reserve Travel Set,CLEAN RESERVE,Fragrance,35.0,4.875,5319,33,0,0,0.0
P504293,Surfproof Hydrating Setting Spray with Niacinamide,caliray,Makeup,35.0,4.8189,15065,23,0,0,0.0
P504294,No Frizz Smooth Styling Serum,Living Proof,Hair,36.0,4.832,1175,22,0,0,0.0
P504297,Unlocked Satin Crème Lipstick,Hourglass,Makeup,38.0,4.5732,33427,33,0,0,0.0
P504299,Alien Goddess Eau de Parfum Perfume Set,Mugler,Fragrance,125.0,,0,18,0,0,0.0
P504300,Mini Fame Perfume Set,Paco Rabanne,Fragrance,35.0,4.3333,3833,20,0,0,0.0
P504302,Wrinkle Correcting Skincare Set,Shiseido,Skincare,64.0,,1191,159,0,0,0.0
P504303,Strengthening Nighttime Ritual Set,Tatcha,Skincare,95.0,4.875,5528,90,0,0,0.0
P504305,Moisture Repair Shampoo & Conditioner Half-Liter Duo,Moroccanoil,Hair,80.0,3.4,2940,104,0,0,0.0
P504306,Citrus Clean Balm & Makeup Melt,NUDESTIX,Makeup,35.0,,0,31,0,0,0.0
P504307,FLOURISH Thickening & Hydrating Duo for Thinning Hair,Virtue,Hair,84.0,,661,167,0,0,0.0
P504309,Solar Power Luminous SPF 30 Brightening Serum,ROSE INC,Skincare,46.0,4.4604,1484,31,0,0,0.0
P504310,Arousal Bath Gem Sensual Bath Soak with Natural Aphrodisiacs,Prima,Bath & Body,16.0,4.5,1172,28,0,0,0.0
P504311,No Frizz Smooth Styling Cream,Living Proof,Hair,42.0,4.8221,1398,30,0,0,0.0
P504312,Donna Born In Roma Intense Eau de Parfum,Valentino,Fragrance,35.0,4.6988,13815,27,0,0,0.0
P504313,Peptides + C Energy Eye Concentrate with Vitamin C and Caffeine,Youth To The People,Skincare,48.0,4.8,3420,52,0,0,0.0
P504315,Mini Skin Resolution Clarifying Acid Toner,ROSE INC,Skincare,15.0,4.6848,1962,35,0,0,0.0
P504316,Glisten & Glow Liquid Eye Shadow,stila,Makeup,25.0,,4147,17,0,0,0.0
P504317,Mini Hydrating & Heat Protectant Healing Hair Oil,Virtue,Hair,26.0,4.728,987,22,0,0,0.0
P504318,Mini Petite Face Trace Cream Contour Stick,Westman Atelier,Makeup,25.0,3.8182,21802,20,0,0,0.0
P504319,Golden Nectar Perfume Set,NEST New York,Fragrance,86.0,4.1667,2443,12,0,0,0.0
P504320,SPF Bestsellers Kit,Supergoop!,Skincare,30.0,3.75,9331,117,0,0,0.0
P504321,Hydrating Shampoo & Conditioner Half-Liter Duo,Moroccanoil,Hair,80.0,3.0,6379,82,0,0,0.0
P504322,Gentle Hydra-Gel Face Cleanser,NUDESTIX,Skincare,19.0,5.0,177,23,0,0,0.0
P504324,Ultimune Eye Power Infusing Eye Concentrate,Shiseido,Skincare,70.0,,13,47,0,0,0.0
P504325,Glowy Skin Prep Besties Set,Glow Recipe,Skincare,52.0,4.875,26624,76,0,0,0.0
P504326,Flowerbomb Eau de Parfum Perfume Gift Set,Viktor&Rolf,Fragrance,135.0,4.9444,1485,16,0,0,0.0
P504327,Mini Favorites Set,Tatcha,Skincare,68.0,4.4211,32077,150,0,0,0.0
P504330,5% Citrus Fruit & Glycolic Glow Toner,NUDESTIX,Skincare,29.0,,793,38,0,0,0.0
P504331,Spicebomb Night Vision Eau de Toilette Cologne Set,Viktor&Rolf,Fragrance,140.0,,239,18,0,0,0.0
P504333,Black Opium Perfume Gift Set,Yves Saint Laurent,Fragrance,85.0,5.0,3844,19,0,0,0.0
P504335,Heal & Shine Hair Oil Duo for Dry or Damaged Hair,Virtue,Hair,49.0,4.7123,828,22,0,0,0.0
P504336,Fame Eau de Parfum,Paco Rabanne,Fragrance,132.0,4.1111,1603,20,0,0,0.0
P504337,Donna Born In Roma Intense Eau de Parfum Travel Spray,Valentino,Mini Size,35.0,3.8571,8054,27,0,0,0.0
P504338,No Frizz Smooth Styling Spray,Living Proof,Hair,40.0,4.8358,1389,26,0,0,0.0
P504339,Unlocked Satin Creme Lipstick- Red 0,Hourglass,Makeup,38.0,5.0,2652,32,0,0,0.0
P504363,Lip Snatcher Hydrating Liquid Lipstick and Lip Gloss Duo,ONE/SIZE by Patrick Starrr,Makeup,28.0,4.297,18228,54,0,0,0.0
P504364,Glossier You Eau de Parfum,Glossier,Fragrance,64.0,3.7574,55874,6,0,0,0.0
P504365,Jelly Charm Glazed Lip Stain & Blush With Keychain,Kaja,Makeup,25.0,4.3344,32957,39,0,0,0.0
P504366,Good Apple Full-Coverage Transfer-Proof Vegan Serum Foundation,KVD Beauty,Makeup,42.0,4.0375,19948,32,0,0,0.0
P504411,Microdermabrasion Smoothing Lip Scrub,Dr. Brandt Skincare,Skincare,30.0,4.0,1030,10,0,0,0.0
P504417,Acne Treatment Gel,SEPHORA COLLECTION,Skincare,20.0,5.0,1039,16,3,1,0.1875
P504418,HG Shampoo & Conditioner Duo for Thinning Hair,BondiBoost,Hair,49.95,4.4,1617,64,0,0,0.0
P504421,Overnight Hydrating Mask,SEPHORA COLLECTION,Skincare,16.0,4.8268,5527,18,0,0,0.0
P504423,Microdermbrasion Hydrating Body Exfoliator,Dr. Brandt Skincare,Bath & Body,50.0,,299,15,0,0,0.0
P504424,Clarifying Peel Pads Purify + Exfoliate,SEPHORA COLLECTION,Skincare,17.0,5.0,2254,13,3,1,0.23076923076923078
P504426,Miss Dior Eau de Parfum Set,Dior,Fragrance,155.0,5.0,6461,17,0,0,0.0
P504427,Thickening Therapy Shampoo & Conditioner Duo,BondiBoost,Hair,49.95,4.7636,2687,63,0,0,0.0
P504428,Mon Paris Eau de Parfum Gift Set,Yves Saint Laurent,Fragrance,134.0,5.0,1475,58,0,0,0.0
P504429,Hydrating Serum,SEPHORA COLLECTION,Skincare,20.0,4.8445,3242,16,0,0,0.0
P504430,Libre Eau de Parfum Gift Set,Yves Saint Laurent,Fragrance,148.0,5.0,2864,55,0,0,0.0
P504431,Body Oil Shower Body Oil,SEPHORA COLLECTION,Bath & Body,9.0,3.6071,9192,24,0,0,0.0
P504432,HD Skin Matte Velvet Undetectable Longwear Blurring Powder Foundation,MAKE UP FOR EVER,Makeup,43.0,4.3464,33682,20,0,0,0.0
P504433,Pro Collagen Multi-Peptide Booster,Paula's Choice,Skincare,58.0,4.7386,21691,32,0,0,0.0
P504437,Resurfacing Sugar Body Scrub,SEPHORA COLLECTION,Bath & Body,18.0,5.0,2928,19,0,0,0.0
P504438,Retinal Rescuplt Overnight Treatment,Murad,Skincare,105.0,,71,43,0,0,0.0
P504441,Prebiotic Smoothie Mask,SEPHORA COLLECTION,Skincare,8.0,4.0909,5029,30,0,0,0.0
P504442,Rose Water and Vanilla Cologne Intense,Jo Malone London,Fragrance,110.0,3.4,5761,10,0,0,0.0
P504443,Plump Pout Duo,Algenist,Skincare,44.0,3.0,522,38,0,0,0.0
P504446,Restoring Moonseed Treatment - L’Immortale Empress,RANAVAT,Skincare,125.0,4.7222,1098,41,0,0,0.0
P504447,Gradual Tanning Drops Face & Body,SEPHORA COLLECTION,Skincare,16.0,3.25,2988,10,0,0,0.0
P504448,Y Eau de Parfum Gift Set,Yves Saint Laurent,Fragrance,167.0,,840,14,0,0,0.0
P504450,No Frizz S/C and Mini Styling Cream Set,Living Proof,Hair,50.0,4.64,1306,93,0,0,0.0
P504451,Uomo Born In Roma Intense Eau de Parfum,Valentino,Fragrance,110.0,4.7137,1568,21,0,0,0.0
P504452,Mini Must Haves Skincare Set,Bobbi Brown,Skincare,25.0,3.4286,4452,138,0,0,0.0
P504453,GRO Revitalizing Shampoo and Conditioner Set for Thinning Hair,Vegamour,Hair,86.0,4.3429,2147,80,0,0,0.0
P504454,Mini Perfect Eau de Parfum Set,Marc Jacobs Fragrances,Fragrance,35.0,5.0,4861,22,0,0,0.0
P504459,Moisturizing Body Lotion Body Care,SEPHORA COLLECTION,Bath & Body,7.0,3.8889,2866,21,0,0,0.0
P504464,Mask and Moisturize Duo Skincare Gift Set,Kiehl's Since 1851,Skincare,30.0,5.0,1314,56,3,1,0.05357142857142857
P504465,Genifique Routine Set,Lancôme,Skincare,165.0,,1173,128,0,0,0.0
P504506,The Silk Serum Wrinkle-Smoothing Retinol Alternative,Tatcha,Skincare,98.0,4.8387,2589,47,0,0,0.0
P504508,Set + Protect Makeup Setting Spray SPF 30 with Hyaluronic Acid,Soleil Toujours,Makeup,42.0,4.5,2836,34,0,0,0.0
P504509,Hydra Lip Masque Mineral SPF 15 with Peptides,Soleil Toujours,Skincare,26.0,4.6667,1420,28,0,0,0.0
P504510,Clean Conscious Body Sunscreen Mist with Vitamin C,Soleil Toujours,Bath & Body,36.0,4.6957,1279,16,0,0,0.0
P504513,Tinted Glow Lotion Mineral SPF 50,Soleil Toujours,Bath & Body,58.0,4.381,1982,32,0,0,0.0
P504514,Bath Bomb Bath Fizzy,SEPHORA COLLECTION,Bath & Body,3.0,2.1053,1194,17,0,0,0.0
P504515,Daily Defense Moisturizer Mineral SPF 60 with Vitamin C,Soleil Toujours,Skincare,58.0,3.8,1375,75,0,0,0.0
P504517,Brightening Eye Cream Mineral SPF 15 with Peptides,Soleil Toujours,Skincare,68.0,4.8667,1880,41,0,0,0.0
P504519,Daily Defense Mineral Body Lotion SPF 30,Soleil Toujours,Bath & Body,58.0,5.0,772,38,0,0,0.0
P504521,Cloud Paint Gel Cream Blush,Glossier,Makeup,20.0,4.2067,85415,32,0,0,0.0
P504522,Glossier You Solid Perfume,Glossier,Fragrance,30.0,3.6984,20736,12,0,0,0.0
P504523,Futuredew Facial Oil-Serum Hybrid,Glossier,Skincare,26.0,3.9651,17832,30,0,0,0.0
P504524,Milky Jelly Gentle Gel Face Cleanser,Glossier,Skincare,19.0,4.0877,10558,25,0,0,0.0
P504525,Balm Dotcom Lip Balm and Skin Salve,Glossier,Makeup,14.0,2.9385,131430,23,0,0,0.0
P504526,Boy Brow Volumizing Eyebrow Gel-Pomade,Glossier,Makeup,17.0,4.3133,33695,36,0,0,0.0
P504527,No 1. Pencil Creamy Long-Wearing Eyeliner,Glossier,Makeup,16.0,3.2353,9939,24,0,0,0.0
P504573,tartelette spark Amazonian clay palette,tarte,Makeup,25.0,,3522,100,0,0,0.0
P504574,Tint and Texture Brow Gel,Iconic London,Makeup,26.0,4.5806,3581,24,0,0,0.0
P504575,PRO ACV Healthy Gut Vegan Gummies with 100% Organic Apple Cider Vinegar and Probiotics,HUM Nutrition,Skincare,26.0,4.6607,797,11,0,0,0.0
P504588,Chronologiste L’Huile de Parfum Fragrance Hair Oil,Kérastase,Hair,74.0,5.0,1779,14,0,0,0.0
P504589,Crown Tonic Pre-Shampoo Scalp Balancing Cleanser,Drybar,Hair,36.0,4.7843,726,33,3,1,0.09090909090909091
P504592,The Flexible Hold Finishing Hair Gel,Crown Affair,Hair,42.0,4.3125,1047,15,0,0,0.0
P504593,HYDR-8 Hydrate and Repair Conditioner,Vegamour,Hair,38.0,4.7474,1711,46,0,0,0.0
P504594,The Brightening Essentials Skincare Gift Set,ROSE INC,Skincare,66.0,5.0,4044,107,0,0,0.0
P504595,Mini Rice Wash Skin-Softening Cleanser,Tatcha,Skincare,18.0,4.5018,5450,23,0,0,0.0
P504596,Lock-It Vegan Pore-Refining Hydrating Primer with Rice Water,KVD Beauty,Makeup,34.0,4.2206,2031,19,0,0,0.0
P504597,Mini Long-Wear Cream Eyeshadow Stick Duo Set,Bobbi Brown,Mini Size,25.0,2.5,2725,34,0,0,0.0
P504598,Mini Hair Alchemy Strengthening Conditioner,Oribe,Hair,21.0,4.36,1250,85,0,0,0.0
P504599,Symbiose Exfoliating Antidandruff Scalp Scrub,Kérastase,Hair,47.0,5.0,1177,33,0,0,0.0
P504600,Mini GRO Dry Shampoo for Thinning Hair,Vegamour,Hair,18.0,4.3356,505,10,0,0,0.0
P504601,SahaScalp Scalp Reset Kit,Fable & Mane,Hair,32.0,,1148,96,0,0,0.0
P504602,HYDR-8 Hydrate and Repair Shampoo,Vegamour,Hair,38.0,4.7447,2050,42,0,0,0.0
P504603,Symbiose Silicone-Free Hydrating Conditioner for Scalp & Hair,Kérastase,Hair,46.0,4.4865,1916,28,3,1,0.10714285714285714
P504604,Mehndi Moment Long-Lasting Radiant Cream Blush,Kulfi,Makeup,28.0,4.6973,9885,41,0,0,0.0
P504605,Lip Snatcher Waterproof Precision Lip Liner,ONE/SIZE by Patrick Starrr,Makeup,14.0,4.569,15099,18,0,0,0.0
P504608,Detox Gentle Dry Shampoo Sensitive Scalp,Drybar,Hair,28.0,4.5217,419,29,0,0,0.0
P504609,Forget the Filler Lip-Plumping Line-Smoothing Tinted Lip Balm,LAWLESS,Makeup,26.0,4.3879,63426,37,0,0,0.0
P504610,Bombshell Lip Trio Set,HUDA BEAUTY,Makeup,25.0,4.4211,14478,97,0,0,0.0
P504611,Texture Love Hair Kit,Mizani,Hair,28.0,,279,76,3,1,0.039473684210526314
P504612,Symbiose Antidandruff Hydrating Shampoo,Kérastase,Hair,40.0,4.5952,4915,40,3,1,0.075
P504613,Sleek Talker Wet to Sleek Styling Oil,ghd,Hair,45.0,,775,12,0,0,0.0
P504614,Brighten Up 3% TXA Dark Spot Toner with Azelaic Acid,Farmacy,Skincare,34.0,,432,24,0,0,0.0
P504615,Mini Deep Cleanse Gentle Exfoliating Cleanser,Tatcha,Skincare,18.0,4.1478,5097,22,0,0,0.0
P504616,Symbiose Deeply Hydrating Hair Mask for Damaged Hair,Kérastase,Hair,68.0,4.7105,1349,29,3,1,0.10344827586206896
P504617,HYDR-8 Deep Moisture Repair Hair Mask,Vegamour,Hair,52.0,4.8294,3118,48,0,0,0.0
P504619,Mini Hair Alchemy Strengthening Shampoo,Oribe,Hair,20.0,4.3753,1807,101,0,0,0.0
P504620,Mini Everlasting Hyperlight Vegan Transfer-Proof Liquid Lipstick,KVD Beauty,Makeup,13.0,3.0,1382,24,0,0,0.0
P504621,Symbiose Antidandruff Hydrating Night Serum,Kérastase,Hair,59.0,5.0,2275,20,0,0,0.0
P504622,No.4D Clean Volume Detox Dry Shampoo,Olaplex,Hair,30.0,4.4835,25199,17,0,0,0.0
P504624,Hair Alchemy Strengthening Mask,Oribe,Hair,68.0,4.4251,2132,59,0,0,0.0
P504629,Laminated Look Brow Kit,Anastasia Beverly Hills,Makeup,24.0,1.1905,3778,34,0,0,0.0
P504635,Ultra Pure Hyaluronic Acid 1.5% Serum,Kiehl's Since 1851,Skincare,35.0,,22,7,0,0,0.0
P504636,Mini Watermelon Glow Niacinamide Dew Drops,Glow Recipe,Skincare,20.0,4.0,18565,25,0,0,0.0
P504637,Equilibrium Resurfacing Retinoid Treatment,Hourglass,Skincare,110.0,4.8898,278,21,0,0,0.0
P504639,Banana Bright+ Vitamin CC Eye Sticks,OLEHENRIKSEN,Skincare,34.0,4.604,17823,30,0,0,0.0
P504643,Mini Sincerely Me Eye Essentials,Rare Beauty by Selena Gomez,Mini Size,25.0,4.375,14200,102,0,0,0.0
P504669,Vision Flush Glow - Hyper Radiant Liquid Highlighter,Danessa Myricks Beauty,Makeup,20.0,4.7925,8999,15,0,0,0.0
P504670,Acqua di Goia Perfume Gift Set,Armani Beauty,Fragrance,75.0,,970,21,0,0,0.0
P504673,Peace Perfume Discovery Set,The 7 Virtues,Fragrance,25.0,,52,57,0,0,0.0
P504674,Even Better Brightening Moisturizer SPF 20,CLINIQUE,Skincare,59.0,,313,43,0,0,0.0
P504675,Dior Forever Glow Veil Makeup Primer,Dior,Makeup,50.0,4.375,6743,34,0,0,0.0
P504676,NuFACE Trinity+ & Effective Lip and Eye Attachment,NuFACE,Skincare,495.0,,760,66,0,0,0.0
P504679,1 Million Eau de Toilette Travel Spray,Paco Rabanne,Fragrance,35.0,,17,16,0,0,0.0
P504682,Perfect Eau de Toilette,Marc Jacobs Fragrances,Fragrance,128.0,4.2083,3024,18,0,0,0.0
P504686,Mediterranean Honeysuckle Clementina,AERIN,Fragrance,145.0,3.5,1111,21,0,0,0.0
P504692,Diorshow 10 Couleurs Eye Makeup Palette – Mitzah Limited Edition,Dior,Makeup,130.0,5.0,3432,296,0,0,0.0
P504694,Dior Forever Velvet Veil Matte Primer,Dior,Makeup,50.0,3.6,3938,34,0,0,0.0
P504695,Si Passione Gift Set,Armani Beauty,Fragrance,152.0,,796,44,0,0,0.0
P504698,Bio Hyaluronic Moisturizer Cream,SOBEL SKIN Rx,Skincare,95.0,,5,35,0,0,0.0
P504702,Juicy Optimism 7 Piece MakeUp Eraser Set,The Original MakeUp Eraser,Makeup,25.0,4.5,7268,1,0,0,0.0
P504773,Priming Moisturizer Rich Face Cream with Ceramides,Glossier,Skincare,35.0,4.05,5907,36,0,0,0.0
P504774,Super Pure Clarifying Face Serum with Niacinamide + Zinc,Glossier,Skincare,29.0,4.5882,10568,13,0,0,0.0
P504775,Monochromes Essential Eyeshadow Trio Palette,Glossier,Makeup,22.0,3.7,17687,87,0,0,0.0
P504776,Can't Stop Loving You,KILIAN Paris,Fragrance,275.0,4.1,6299,19,0,0,0.0
P504777,Perfume Sampler Discovery Set,AERIN,Fragrance,25.0,,1376,73,0,0,0.0
P504778,Invisible Shield Water-Gel Transparent Sunscreen SPF 35,Glossier,Skincare,25.0,4.1818,7420,37,0,0,0.0
P504779,Desert Date Cream Blush & Lip Multistick,Ami Colé,Makeup,22.0,5.0,2858,22,0,0,0.0
P504780,Super Glow Vitamin C Brightening Face Serum,Glossier,Skincare,29.0,2.7778,8275,25,0,0,0.0
P504782,Perfecting Skin Tint for Dewy Sheer Coverage,Glossier,Makeup,26.0,4.0541,30021,25,0,0,0.0
P504784,Priming Moisturizer Lightweight Buildable Face Cream,Glossier,Skincare,24.0,4.2143,7249,28,0,0,0.0
P504785,Luxe Body Serum,St. Tropez,Bath & Body,48.0,4.8173,1791,28,0,0,0.0
P504786,Solution Skin-Perfecting Daily Chemical Exfoliator,Glossier,Skincare,26.0,3.7143,3786,25,3,1,0.12
P504787,Violet Hour Purple Shampoo,dae,Hair,30.0,4.8691,2866,31,0,0,0.0
P504788,Pro Tip Long-Wearing Liquid Eyeliner Pen,Glossier,Makeup,18.0,4.7188,5547,14,0,0,0.0
P504789,Brow Flick Microfine Detailing Eyebrow Pen,Glossier,Makeup,18.0,3.5294,9513,17,0,0,0.0
P504790,Cleanser Concentrate AHA Clarifying and Exfoliating Face Wash,Glossier,Skincare,21.0,3.625,5305,27,0,0,0.0
P504792,Mini Color Care Shampoo,Moroccanoil,Mini Size,12.0,4.8363,221,46,0,0,0.0
P504794,After Baume Moisture Barrier Recovery Cream,Glossier,Skincare,28.0,4.1429,9402,26,0,0,0.0
P504795,Super Bounce Hyaluronic Acid + Vitamin B5 Hydrating Face Serum,Glossier,Skincare,29.0,4.7333,13371,17,0,0,0.0
P504797,Mini Color Care Conditioner,Moroccanoil,Mini Size,12.0,4.848,163,39,0,0,0.0
P504800,Skywash Liquid-to-Powder Sheer Matte Eyeshadow Tint,Glossier,Makeup,18.0,2.9143,9207,20,0,0,0.0
P504802,Generation G Sheer Matte Lipstick,Glossier,Makeup,18.0,4.2958,25358,42,0,0,0.0
P504803,Lidstar Long-Wearing Shimmer Cream Eyeshadow,Glossier,Makeup,18.0,3.9189,13717,22,0,0,0.0
P504805,Bye Bye Dark Spots Concealer + Serum with Niacinamide & Hyaluronic Acid,IT Cosmetics,Makeup,30.0,4.5358,3226,35,0,0,0.0
P504807,Solar Paint Luminious Gel-Cream Bronzer,Glossier,Makeup,20.0,2.9608,9787,35,0,0,0.0
P504808,Mini Orgasm Blush and Lip Gloss Duo Set,NARS,Makeup,27.0,4.3333,12134,57,0,0,0.0
P504810,Priming Moisturizer Balance Oil-Control Gel-Cream,Glossier,Skincare,25.0,4.6667,5826,33,0,0,0.0
P504811,Rosie Everyday Body Oil,By Rosie Jane,Bath & Body,40.0,4.0,435,5,0,0,0.0
P504812,Volume Travel Hair Set,Moroccanoil,Hair,52.0,,1074,114,0,0,0.0
P504813,Honey Infused Cleanse & Care Routine Hair Set,Gisou,Hair,51.0,4.7391,3989,122,0,0,0.0
P504814,Haloscope Balm Dewy Highlighter Stick,Glossier,Makeup,22.0,3.2222,14510,15,0,0,0.0
P504815,Universal Pro-Retinol Overnight Renewing Treatment,Glossier,Skincare,35.0,3.7778,3669,31,0,0,0.0
P504816,Dive Into Hydration Head-to-Toe Set,Moroccanoil,Hair,44.0,5.0,1550,63,0,0,0.0
P504821,Orgasm Rising Eyeshadow Palette,NARS,Makeup,49.0,4.8182,11286,145,0,0,0.0
P504823,Ultralip High Shine Lipstick with Hyaluronic Acid,Glossier,Makeup,18.0,4.3548,67332,43,0,0,0.0
P504824,Color Care Conditioner,Moroccanoil,Hair,26.0,4.848,221,39,0,0,0.0
P504827,Hydration Travel Hair Set,Moroccanoil,Hair,52.0,,792,121,0,0,0.0
P504829,Glassy High-Shine Lip Gloss,Glossier,Makeup,15.0,3.4521,29690,12,0,0,0.0
P504830,Orgasm Thrills Lip Balm and Blush Set,NARS,Makeup,49.0,,5120,58,0,0,0.0
P504831,Stretch Concealer for Dewy Buildable Coverage,Glossier,Makeup,20.0,4.28,23153,21,0,0,0.0
P504832,"Orgasm Four Play Blush, Contour, and Highlighter Palette",NARS,Makeup,45.0,3.7143,7161,103,0,0,0.0
P504834,Lash Slick Lift and Lengthening Mascara,Glossier,Makeup,18.0,3.8932,22066,26,0,0,0.0
P504835,Color Care Shampoo,Moroccanoil,Hair,26.0,4.8363,708,46,0,0,0.0
P504836,"Orgasm The Multiple Cream Blush, Lip and Eye Stick",NARS,Makeup,39.0,2.9231,11446,22,0,0,0.0
P504840,Hydrate + Purify Mini Bestsellers Discovery Skincare Set,innisfree,Skincare,18.0,3.25,1592,143,0,0,0.0
P504842,Heat Protectant,PATTERN by Tracee Ellis Ross,Hair,20.0,4.6667,557,15,0,0,0.0
P504843,Shine Spray,PATTERN by Tracee Ellis Ross,Hair,20.0,4.2857,445,19,0,0,0.0
P504848,Resveratrol-Lift Ultimate Firming Set,Caudalie,Skincare,84.0,4.25,3970,101,0,0,0.0
P504849,Plumping Power Duo,Glow Recipe,Skincare,54.0,4.8454,12092,103,0,0,0.0
P504850,Premier Cru Fine Lines and Wrinkles Anti-Aging Set,Caudalie,Skincare,139.0,4.0,1926,100,0,0,0.0
P504851,Double Serum Light Texture Firming & Smoothing Anti-Aging Concentrate,Clarins,Skincare,132.0,,294,54,0,0,0.0
P504852,Aqua Bomb Everyday Hydration Set,belif,Skincare,38.0,,1736,196,0,0,0.0
P504857,Daisy Perfume Set,Marc Jacobs Fragrances,Fragrance,75.0,5.0,1235,22,0,0,0.0
P504858,Her Blossom Eau de Toilette Travel Spray,BURBERRY,Fragrance,38.0,,46,22,0,0,0.0
P504859,Mini Gentle Eye Gel Waterproof Eye & Lip Makeup Remover,MAKE UP FOR EVER,Makeup,15.0,,729,17,0,0,0.0
P504860,Mist & Fix 24HR Hydrating Setting Spray,MAKE UP FOR EVER,Makeup,33.0,4.0,1039,22,0,0,0.0
P504861,Gentle Eye Gel Waterproof Eye & Lip Makeup Remover,MAKE UP FOR EVER,Skincare,29.0,,1031,17,0,0,0.0
P504863,Mini Mist & Fix 24HR Hydrating Setting Spray,MAKE UP FOR EVER,Makeup,15.0,,981,22,0,0,0.0
P504871,Mini Unlocked Instant Extensions Mascara,Hourglass,Makeup,15.0,2.0,681,28,0,0,0.0
P504872,Fenty Icon Velvet Liquid Lipstick,Fenty Beauty by Rihanna,Makeup,29.0,3.6311,41953,10,0,0,0.0
P504873,Nude Earth Eye Palette 6 Pc Kit,NUDESTIX,Makeup,69.0,5.0,2567,140,0,0,0.0
P504874,Nudescreen Lip Primer SPF 30 Natural,NUDESTIX,Makeup,18.0,4.3333,2800,31,0,0,0.0
P504880,Melt Awf Jelly Oil Makeup-Melting Cleanser,Fenty Skin,Skincare,34.0,4.0909,8214,23,0,0,0.0
P504881,Vinoperfect  Brightening Solution Set,Caudalie,Skincare,82.0,5.0,5361,68,0,0,0.0
P504882,Bye Bye Bumps - Best of Body Kit,First Aid Beauty,Skincare,30.0,5.0,921,84,3,1,0.03571428571428571
P504885,Matte Obsessions Eyeshadow Palette,HUDA BEAUTY,Makeup,32.0,4.8683,10516,177,0,0,0.0
P504886,Pore Eclipse Mattifying + Blurring Setting Spray,MILK MAKEUP,Makeup,38.0,4.8528,4079,16,0,0,0.0
P504887,Mini Pore Minimizing Instant Detox Mask,Caudalie,Mini Size,22.0,4.5015,12857,39,0,0,0.0
P504888,Aqua Bomb Protect & Glow Travel Kit,belif,Skincare,27.0,3.5,1088,273,0,0,0.0
P504890,Anti-Chafe Stick with Shea Butter + Colloidal Oatmeal,First Aid Beauty,Bath & Body,20.0,4.5614,4306,11,0,0,0.0
P504891,Perfectionist Brow Pencil,Melt Cosmetics,Makeup,22.0,3.0,1095,11,0,0,0.0
P504892,Refine AHA + BHA Texture & Pore Serum,iNNBEAUTY PROJECT,Skincare,38.0,4.7895,790,60,0,0,0.0
P504894,RICH BITCH Hydrating Face Primer Serum,Freck Beauty,Makeup,38.0,4.7634,5508,33,0,0,0.0
P504896,Endless Sunset Face and Eyeshadow Talc-Free Palette,caliray,Makeup,48.0,4.8333,1022,77,0,0,0.0
P504898,Mini Pink Reusable MakeUp Eraser,The Original MakeUp Eraser,Makeup,10.0,5.0,3710,1,0,0,0.0
P504900,Creamy Kohl Longwear Eye Pencil,HUDA BEAUTY,Makeup,21.0,4.8688,2183,12,0,0,0.0
P504902,Splash Salve In-Shower Body Moisture Treatment,Hanni,Bath & Body,34.0,4.9623,2855,13,0,0,0.0
P504903,Self-Tanning Mousse,Isle of Paradise,Bath & Body,32.0,,1277,33,0,0,0.0
P504907,Glowy Super Skin Lightweight Hydrobounce  Serum Foundation,Saie,Makeup,40.0,4.7824,4476,33,0,0,0.0
P504908,The Love Collection MTHRSHP: Iconic Infatuation,PAT McGRATH LABS,Makeup,65.0,3.8333,3132,114,0,0,0.0
P504909,The Love Collection MTHRSHP: Velvet Liaison,PAT McGRATH LABS,Makeup,65.0,4.6667,2556,108,0,0,0.0
P504911,Everyday SPF Faves,Supergoop!,Skincare,60.0,,865,124,0,0,0.0
P504912,Dylan Purple Eau de Parfum,Versace,Fragrance,120.0,4.0,5098,6,0,0,0.0
P504914,3D Faux Mink Butterfl'eye Half Eyelashes,Lilly Lashes,Makeup,20.0,4.0,3235,1,0,0,0.0
P504916,Perfectionist Brow Gel,Melt Cosmetics,Makeup,25.0,4.6667,1507,12,0,0,0.0
P504919,Milky Oil Dual-Phase Waterproof Makeup Remover,Glossier,Skincare,14.0,4.2667,8821,11,0,0,0.0
P504920,Perfectionist Brow Ultra-Fine Pen,Melt Cosmetics,Makeup,24.0,4.1667,1305,23,0,0,0.0
P504939,Prisme Libre Skin-Caring Corrector,Givenchy,Makeup,37.0,4.5,1206,34,0,0,0.0
P504985,Abeille Royale Bestsellers Travel Set,GUERLAIN,Skincare,195.0,2.0,214,117,0,0,0.0
P504986,Urban Environment Vita-Clear Sunscreen SPF 42,Shiseido,Skincare,38.0,4.6126,1107,45,0,0,0.0
P504987,Refreshing Water Sunscreen Stick SPF 50,COOLA,Skincare,30.0,5.0,2419,36,0,0,0.0
P504988,Snow Mushroom Pore Cleanser with Exfoliating Glove,DAMDAM,Skincare,47.0,4.7037,606,9,0,0,0.0
P504990,Solar Power Eau de Parfum,PHLUR,Fragrance,96.0,,90,9,0,0,0.0
P504992,Solar Power Eau de Parfum Travel Spray,PHLUR,Fragrance,26.0,,135,9,0,0,0.0
P504996,Good Girl Blush Eau de Parfum,Carolina Herrera,Fragrance,147.0,4.3846,12210,17,0,0,0.0
P505005,The Travel Stash Makeup Set,MILK MAKEUP,Makeup,32.0,,658,99,0,0,0.0
P505006,Mini The POREfessional Deep Retreat Pore-Clearing Clay Mask,Benefit Cosmetics,Mini Size,20.0,4.766,1500,40,0,0,0.0
P505007,Mini The POREfessional Good Cleanup Foaming Cleanser,Benefit Cosmetics,Mini Size,15.0,4.6212,269,25,0,0,0.0
P505009,The POREfessional Tight ’n Toned Pore-Refining AHA+PHA Toner,Benefit Cosmetics,Skincare,34.0,4.6464,629,20,0,0,0.0
P505010,Maniplex Nail Treatment,NAILS INC.,Makeup,15.0,2.3333,1267,9,0,0,0.0
P505011,Serving Swirls Nail Polish Quad Set,NAILS INC.,Makeup,22.0,5.0,1443,99,0,0,0.0
P505012,Detox Shampoo & Refill Hair Set,OUAI,Hair,72.0,,35,34,0,0,0.0
P505014,Hydrate & Color Fanatic Kit,Pureology,Hair,72.0,,388,142,3,1,0.02112676056338028
P505016,St. Barts Moisturizing Body Cream,OUAI,Bath & Body,38.0,4.8769,4512,37,0,0,0.0
P505018,Deep Moisture Shampoo and Conditioner Duo for Thick/Dry Hair,Ceremonia,Hair,34.0,,29,101,0,0,0.0
P505019,Main Squeeze Beauty Sponge and Cleanser Set,beautyblender,Makeup,35.0,4.9825,2892,24,0,0,0.0
P505020,The POREfessional Good Cleanup Foaming Cleanser,Benefit Cosmetics,Skincare,29.0,4.6212,429,25,0,0,0.0
P505023,The POREfessional Deep Retreat Pore-Clearing Clay Mask,Benefit Cosmetics,Skincare,39.0,4.766,1773,40,0,0,0.0
P505024,The POREfessional Get Unblocked Makeup-Removing Cleansing Oil,Benefit Cosmetics,Skincare,39.0,4.6723,770,16,0,0,0.0
P505025,Weightless Hydration Shampoo and Conditioner Duo for Fine/Thin Hair,Ceremonia,Hair,34.0,,36,98,0,0,0.0
P505026,Mini The POREfessional Get Unblocked Makeup-Removing Cleansing Oil,Benefit Cosmetics,Mini Size,18.0,4.6723,432,16,0,0,0.0
P505029,True Textures Moisture Replenish Shampoo,Mizani,Hair,32.0,,24,30,3,1,0.1
P505031,The POREfessional Smooth Sip Lightweight Gel-Cream Moisturizer,Benefit Cosmetics,Skincare,44.0,4.5975,736,34,0,0,0.0
P505032,Monsoon Moisture & Cactus Fruit 3-in-1 Styling Cream Hair Set,dae,Hair,55.0,5.0,1780,98,0,0,0.0
P505033,Mini The POREfessional Package Deal pore primer & pore care value set,Benefit Cosmetics,Mini Size,34.0,,539,109,0,0,0.0
P505034,"Color Fanatic Spray, Clear Topcoat Kit",Pureology,Hair,45.0,,202,66,3,1,0.045454545454545456
P505035,Strength Cure & Color Fanatic Kit,Pureology,Hair,72.0,,357,136,3,1,0.022058823529411766
P505040,"Be Gentle, Be Kind Aloe + Oat Milk Ultra Soothing 3-in-1 Cleansing Bar",Briogeo,Hair,25.0,4.8434,648,19,0,0,0.0
P505041,Glazing Over Nail Polish Duo Set,NAILS INC.,Makeup,15.0,5.0,2386,59,0,0,0.0
P505043,Mini Radiant Creamy Concealer and Afterglow Lip Shine Gloss Customizable Set,NARS,Makeup,25.0,,2535,61,0,0,0.0
P505044,The Half Shot Small Round Blow Dryer Brush Value Set,Drybar,Hair,155.0,5.0,17,92,0,0,0.0
P505045,St. Barts Gentle Body Wash,OUAI,Bath & Body,28.0,4.78,2870,34,0,0,0.0
P505046,True Textures Moisture Replenish Conditioner,Mizani,Hair,35.0,,22,26,0,0,0.0
P505047,High Performance Face Serum with Vitamin C and Hyaluronic Acid,MACRENE actives,Skincare,195.0,4.9268,254,61,0,0,0.0
P505049,barrier+ Triple Lipid + Collagen Brightening Eye Treatment,Skinfix,Skincare,54.0,4.7984,2065,65,0,0,0.0
P505050,Perfect Hair Day Jumbo Set,Living Proof,Hair,99.0,,96,87,0,0,0.0
P505052,Mini The POREfessional Tight ’n Toned Pore-Refining AHA+PHA Toner,Benefit Cosmetics,Mini Size,19.0,4.6464,490,20,0,0,0.0
P505054,The POREfessional Speedy Smooth Mask,Benefit Cosmetics,Skincare,39.0,4.7134,1024,36,0,0,0.0
P505118,Masvelt Advanced Body Firming & Shaping Cream,Clarins,Bath & Body,77.0,,392,31,0,0,0.0
P505120,Early Bird Hydrate + Brighten Set,Drunk Elephant,Skincare,54.0,5.0,782,123,0,0,0.0
P505121,Bad Boy Extreme Eau de Parfum,Carolina Herrera,Fragrance,125.0,,507,17,0,0,0.0
P505122,Mini Perfume Oil Set,NEST New York,Fragrance,48.0,5.0,1333,73,0,0,0.0
P505124,I Want Choo Eau de Parfum,JIMMY CHOO,Fragrance,132.0,4.5,2375,21,0,0,0.0
P505127,Maracuja Juicy Glow Skin Tint,tarte,Makeup,40.0,3.68,10256,46,0,0,0.0
P505129,Prisme Libre Skin-Caring 24H Hydrating + Radiant + Correcting Creamy Concealer,Givenchy,Makeup,37.0,4.6288,6616,37,0,0,0.0
P505131,Moisturizing High Performance Face Cream with Peptides,MACRENE actives,Skincare,225.0,4.9333,297,61,0,0,0.0
P505133,High Performance Face Cleanser for Clear Skin with Niacinamide,MACRENE actives,Skincare,85.0,4.9231,204,29,0,0,0.0
P505137,Mini Maracuja Juicy Glow Skin Tint,tarte,Mini Size,16.0,4.2,3157,46,0,0,0.0
P505138,Mini Perfume Oil Discovery Sampler Set,NEST New York,Fragrance,25.0,,2150,73,0,0,0.0
P505139,Phyto Nature Oxygen Cream,Dermalogica,Skincare,125.0,4.8646,274,54,0,0,0.0
P505140,Plumping High Performance Lip Filler with Hyaluronic Acid,MACRENE actives,Skincare,95.0,4.7692,422,29,0,0,0.0
P505142,High Performance Eye Cream for Dark Circles with Hyaluronic Acid,MACRENE actives,Skincare,135.0,4.8947,328,47,0,0,0.0
P505145,ZenBubble Bi-Phase Toner Serum,BeautyBio,Skincare,49.0,4.6667,372,26,0,0,0.0
P505154,Rio Radiance Perfume Mist,Sol de Janeiro,Fragrance,38.0,4.2626,3232,12,0,0,0.0
P505158,Max Vitamin D-Fense Sunscreen Serum Broad Spectrum SPF 50,Peter Thomas Roth,Skincare,42.0,4.8514,340,27,0,0,0.0
P505159,Mini Rio Radiance Perfume Mist,Sol de Janeiro,Mini Size,24.0,4.2626,9173,12,0,0,0.0
P505160,The Moisturizing Soft Cream Moisturizer,La Mer,Skincare,380.0,4.5146,295,86,0,0,0.0
P505161,Bloom Eau de Parfum Intense,Gucci,Fragrance,165.0,4.2628,1576,19,0,0,0.0
P505165,Rose Prick Lip Color Satin Matte,TOM FORD,Makeup,60.0,,1417,51,0,0,0.0
P505166,Rose Prick Eye Color Crème Eyeshadow Quad,TOM FORD,Makeup,90.0,3.4286,1656,45,0,0,0.0
P505167,The Essential Eye Shadow Palette,DOMINIQUE COSMETICS,Makeup,49.0,4.7857,3494,170,0,0,0.0
P505174,Soft Clean Moisture Rich Foaming Cleanser,Estée Lauder,Skincare,26.0,5.0,435,25,0,0,0.0
P505208,100% Mineral Sunscreen Starter Kit,Supergoop!,Skincare,30.0,5.0,1702,72,0,0,0.0
P505209,Barrier Culture Moisturizer with Niacinamide & Squalane,The Nue Co.,Skincare,65.0,5.0,48,26,0,0,0.0
P505210,"Barrier Culture Cleanser Pre-, Pro- & Postbiotic Face Wash",The Nue Co.,Skincare,42.0,5.0,27,19,0,0,0.0
P505211,(Glow)Setting 100% Mineral Powder SPF 35,Supergoop!,Skincare,36.0,4.4758,2352,26,0,0,0.0
P505214,Armani Code Eau de Toilette,Armani Beauty,Fragrance,99.0,4.75,213,16,0,0,0.0
P505217,Mini Daisy Perfume Set,Marc Jacobs Fragrances,Fragrance,35.0,5.0,1818,50,0,0,0.0
P505218,FLORIST Eau de Parfum,Ellis Brooklyn,Fragrance,108.0,4.7091,317,18,0,0,0.0
P505233,Honey Infused Lip Oil,Gisou,Skincare,32.0,4.9474,547,27,0,0,0.0
P505234,Lash Extension Kit,Glamnetic,Makeup,45.0,3.9412,1043,14,0,0,0.0
P505235,FLORIST Eau de Parfum Travel Spray,Ellis Brooklyn,Fragrance,32.0,,266,18,0,0,0.0
P505240,Rollaway Glow Highlighter,Iconic London,Makeup,29.0,4.4286,7005,12,0,0,0.0
P505241,Osmanthus Blossom,Jo Malone London,Fragrance,158.0,,1133,12,0,0,0.0
P505242,Mini Blossoms Travel Spray Trio Set,Jo Malone London,Fragrance,80.0,1.0,556,46,0,0,0.0
P505244,tint & plump maracuja juicy lip duo,tarte,Makeup,29.0,4.5,11906,72,0,0,0.0
P505245,Star Magnolia Blossom,Jo Malone London,Fragrance,158.0,,597,20,0,0,0.0
P505250,Love Face Eyeshadow & Cheek Essential Palette,Natasha Denona,Makeup,62.0,3.3,2532,118,0,0,0.0
P505251,The Lavender One Talc-Free Eyeshadow Palette,LAWLESS,Makeup,27.0,,532,125,0,0,0.0
P505254,Nashi Blossom,Jo Malone London,Fragrance,158.0,,1117,11,0,0,0.0
P505256,lashes & splashes mascara duo,tarte,Makeup,32.0,,520,38,0,0,0.0
P505265,Eudermine Activating Essence,Shiseido,Skincare,90.0,,386,39,0,0,0.0
P505269,Bright Crystal Absolu Travel Spray,Versace,Fragrance,30.0,,253,17,0,0,0.0
P505270,First Care Radiance Set,Sulwhasoo,Skincare,95.0,,352,160,0,0,0.0
P505274,Glucoside Foaming Cleanser,The Ordinary,Skincare,12.5,4.3333,1580,8,0,0,0.0
P505280,Wrinkle Smoothing Starter Set,Shiseido,Skincare,39.0,,446,188,0,0,0.0
P505316,Aquarius BHA + Blue Tansy Clarity Cleanser,Herbivore,Skincare,26.0,5.0,518,30,0,0,0.0
P505318,Self-Tanning Firming Body Drops,Isle of Paradise,Bath & Body,38.0,4.6667,968,28,0,0,0.0
P505320,My Way Parfum,Armani Beauty,Fragrance,186.0,4.6471,707,21,0,0,0.0
P505335,Hydra-Essentiel Silky Moisturizer with Double Dose Hyaluronic Acid,Clarins,Skincare,49.0,,282,36,0,0,0.0
P505338,Pore Perfecting Liquid Exfoliator with 2% BHA + Borage,alpyn beauty,Skincare,39.0,4.9231,654,42,3,1,0.07142857142857142
P505339,Ultra Pure High-Potency 5.0% Niacinamide Serum,Kiehl's Since 1851,Skincare,35.0,,80,10,0,0,0.0
P505341,Mini Brazilian Joia Strengthening + Smoothing Shampoo,Sol de Janeiro,Hair,12.0,,581,45,0,0,0.0
P505343,Retinol Youth Renewal Value Duo,Murad,Skincare,126.0,,18,104,0,0,0.0
P505346,First Care Activating Serum 25th Anniversary Limited Edition,Sulwhasoo,Skincare,110.0,4.5825,399,56,0,0,0.0
P505347,Brow Tint Eyebrow Gel,REFY,Makeup,24.0,,1153,17,0,0,0.0
P505352,Mini Brazilian Joia Strengthening + Smoothing Conditioner,Sol de Janeiro,Hair,12.0,5.0,309,43,0,0,0.0
P505355,Brazilian Joia Strengthening + Smoothing Shampoo,Sol de Janeiro,Hair,26.0,5.0,987,45,0,0,0.0
P505364,Afterglow Sensual Shine Hydrating Lipstick,NARS,Makeup,32.0,,688,47,0,0,0.0
P505366,Good Girl Blush Eau de Parfum Rollerball,Carolina Herrera,Fragrance,34.0,,106,17,0,0,0.0
P505369,Discovery Eyeshadow Palette - Give Yourself Grace,Rare Beauty by Selena Gomez,Makeup,29.0,4.0,4072,120,0,0,0.0
P505372,Brazilian Joia Strengthening + Smoothing Conditioner,Sol de Janeiro,Hair,26.0,5.0,963,43,0,0,0.0
P505376,Ultra Pure High-Potency 9.8% Glycolic Acid Serum,Kiehl's Since 1851,Skincare,35.0,,55,7,0,0,0.0
P505377,Terracotta Le Teint Healthy Glow Foundation,GUERLAIN,Makeup,62.0,3.8,67,41,0,0,0.0
P505378,Multi Action Clear Acne Control 30-Day Trial Kit,StriVectin,Skincare,39.0,4.875,43,103,6,1,0.05825242718446602
P505379,Multi Action Clear Gentle Daily Clarifying Cleanser for Acne and Breakouts,StriVectin,Skincare,29.0,,23,31,3,1,0.0967741935483871
P505380,Patch & Protect Summer Essentials 2-Piece Kit,Peter Thomas Roth,Skincare,55.0,,155,90,0,0,0.0
P505381,Multi Action Clear Gentle Daily Brightening & Retexturizing Toner for Acne and Breakouts,StriVectin,Skincare,39.0,5.0,23,30,3,1,0.1
P505385,Anti-Aging Skincare Essentials Set,Clarins,Skincare,100.0,,2,127,0,0,0.0
P505386,Born This Way Healthy Glow Spf 30 Moisturizing Skin Tint,Too Faced,Makeup,42.0,,1020,64,0,0,0.0
P505387,Traceless Soft Matte Concealer,TOM FORD,Makeup,60.0,5.0,430,26,0,0,0.0
P505390,Lip Injection Extreme Lip Shaper Plumping Lip Liner,Too Faced,Makeup,24.0,4.4253,1244,47,0,0,0.0
P505392,Multi Action Clear Acne Clearing Treatment Lotion for Breakouts,StriVectin,Skincare,49.0,5.0,13,39,0,0,0.0
P505393,Eye Color Quad - Cherry Collection,TOM FORD,Makeup,90.0,,299,32,0,0,0.0
P505408,GOOPGLOW Vita-C Brightening Eye Cream,goop,Skincare,58.0,4.2308,10,36,0,0,0.0
P505409,"24-7 Ultra Hydration Triple-Hydra Complex Day & Night Serum with Hyaluronic Acid, Squalane & Collagen",TULA Skincare,Skincare,48.0,,11,49,0,0,0.0
P505421,YUM PISTACHIO GELATO | 33 EDP INTENSE,KAYALI,Fragrance,138.0,4.1625,8236,19,0,0,0.0
P505425,Her Eau de Parfum Travel Spray,BURBERRY,Fragrance,38.0,,250,17,0,0,0.0
P505443,Paradiso Eau de Parfum,The Maker,Fragrance,175.0,,22,10,0,0,0.0
P505452,Clarifique Pro-Solution Brightening & Dark Spot Reducing Serum,Lancôme,Skincare,85.0,4.4,23,24,3,1,0.125
P505453,Naked Eau de Parfum,The Maker,Fragrance,175.0,,44,11,0,0,0.0
P505455,Glam Lashes on the Go Set,Lancôme,Makeup,32.0,,14,58,0,0,0.0
P505456,Her Elixir Eau de Parfum Intense Travel Spray,BURBERRY,Fragrance,38.0,,260,8,0,0,0.0
P505457,Eyes to Idolize Set,Lancôme,Makeup,32.0,,32,53,0,0,0.0
P505459,Fire Eau de Parfum,The Maker,Fragrance,175.0,,37,11,0,0,0.0
P505461,Candy Glaze Lip Gloss Stick Duo with Hyaluronic Acid,Yves Saint Laurent,Makeup,50.0,,193,32,0,0,0.0
P505462,Paint It Up Clean 24-Hr Cream Eyeshadow,GXVE BY GWEN STEFANI,Makeup,20.0,4.7027,96,25,0,0,0.0
P505465,Stag Eau de Parfum,The Maker,Fragrance,175.0,,16,13,0,0,0.0
P505466,Wild Eau de Parfum,The Maker,Fragrance,175.0,,35,7,0,0,0.0
P505467,Libertine Eau de Parfum,The Maker,Fragrance,175.0,,22,7,0,0,0.0
P505471,Maker Perfume Discovery Kit,The Maker,Fragrance,35.0,,113,65,0,0,0.0
P505493,Mini Kombucha Antioxidant Facial Treatment Essence,fresh,Skincare,39.0,,26,32,0,0,0.0
P505499,Deep Pore Cleansing Kit,Kiehl's Since 1851,Skincare,63.0,,13,50,0,0,0.0
P505509,Kombucha Antioxidant Facial Treatment Essence,fresh,Skincare,82.0,,22,32,0,0,0.0
P505614,Ultra Facial Cream Refill Bundle,Kiehl's Since 1851,Skincare,78.0,,25,1,0,0,0.0
P505615,Ultra Facial Cleanser Home & Away Bundle,Kiehl's Since 1851,Skincare,26.0,,9,28,0,0,0.0
P505711,Polyglutamic Acid Dewy Sunscreen SPF 30,The INKEY List,Skincare,14.99,4.8654,164,41,0,0,0.0
P54417,DÉFINICILS WATERPROOF - High Definition Mascara,Lancôme,Makeup,33.0,4.1222,14120,29,0,0,0.0
P54419,DUAL FINISH – Multi-tasking Longwear Powder Foundation,Lancôme,Makeup,50.0,4.3308,44496,30,0,0,0.0
P54433,Le Lip Liner,Lancôme,Makeup,28.0,4.5944,17846,25,0,0,0.0
P54443,ARTLINER Precision Felt-Tip Liquid Eyeliner,Lancôme,Makeup,31.0,4.4306,28437,26,0,0,0.0
P54444,LE STYLO WATERPROOF - Long Lasting Eyeliner,Lancôme,Makeup,28.0,4.7253,16165,14,0,0,0.0
P54450,Dèfinicils High Definition Lengthening Mascara,Lancôme,Makeup,33.0,4.3106,62597,27,0,0,0.0
P54477,Bi-Facil Double-Action Eye Makeup Remover,Lancôme,Makeup,38.0,4.6511,72577,14,0,0,0.0
P54509,Tonique Confort Re-Hydrating Comforting Toner with Acacia Honey,Lancôme,Skincare,39.0,4.5585,55339,23,0,0,0.0
P54654321,Demi Matte Cream Liquid Lipstick,HUDA BEAUTY,Makeup,20.0,4.0,83821,27,0,0,0.0
P54900,Cleopatra,TOCCA,Fragrance,80.0,4.2905,21947,25,0,0,0.0
P55849781,Always An Optimist 4-in-1 Prime & Set Mist,Rare Beauty by Selena Gomez,Makeup,27.0,4.274,113347,36,0,0,0.0
P55978864,Sun Stalk'r Instant Warmth Bronzer,Fenty Beauty by Rihanna,Makeup,35.0,4.532,231534,36,0,0,0.0
P58930227,Soft Glam Eyeshadow Palette,Anastasia Beverly Hills,Makeup,45.0,4.7068,329192,366,0,0,0.0
P6028,Gentle Buffing Cream,Caudalie,Skincare,35.0,4.3051,8817,30,0,0,0.0
P61004,Mineral Veil Talc Free Setting Powder,bareMinerals,Makeup,33.0,4.5216,117617,8,0,0,0.0
P61005,Warmth All-Over Face Color Loose Bronzer,bareMinerals,Makeup,25.0,4.5866,64159,9,0,0,0.0
P6303,Opium,Yves Saint Laurent,Fragrance,77.0,4.2712,7892,23,0,0,0.0
P63087293,Glitter & Glow Liquid Eye Shadow,stila,Makeup,25.0,4.5079,462133,18,0,0,0.0
P64197382,Master Metals Eyeshadow Palette,MAKEUP BY MARIO,Makeup,50.0,4.4203,27304,15,0,0,0.0
P6430,J'adore Eau de Parfum,Dior,Fragrance,160.0,4.5902,92480,26,0,0,0.0
P64546856,Liquid Touch Brightening Concealer,Rare Beauty by Selena Gomez,Makeup,22.0,4.1963,261155,36,0,0,0.0
P6463,Romance,Ralph Lauren,Fragrance,63.0,4.5744,27981,20,0,0,0.0
P64879845,Killawatt Freestyle Highlighter,Fenty Beauty by Rihanna,Makeup,40.0,4.624,472069,34,0,0,0.0
P64888798,Mini Illuminating Primer- Always An Optimist Collection,Rare Beauty by Selena Gomez,Mini Size,15.0,4.1716,41961,19,0,0,0.0
P65300,Hypnôse Volumizing Mascara,Lancôme,Makeup,33.0,4.3747,25684,30,0,0,0.0
P65510,N°5 Eau de Parfum,CHANEL,Fragrance,122.0,4.049,47188,25,0,0,0.0
P66703,Almond Milk Concentrate,L'Occitane,Bath & Body,55.0,4.5764,31626,35,0,0,0.0
P66879899,Mini Pro Filt’r Instant Retouch Primer,Fenty Beauty by Rihanna,Mini Size,20.0,3.8604,55821,29,0,0,0.0
P67339785,Slip Shine Sheer Shiny Lipstick,Fenty Beauty by Rihanna,Makeup,26.0,4.21,155048,27,0,0,0.0
P67617,Amazonian Clay BB Tinted Moisturizer Broad Spectrum SPF 20 Sunscreen,tarte,Makeup,39.0,4.2289,78502,38,0,0,0.0
P67988453,Gloss Bomb Universal Lip Luminizer,Fenty Beauty by Rihanna,Makeup,21.0,4.6357,968317,38,0,0,0.0
P69300,Ombre Effect Long Wearing Brow Powder Duo,Anastasia Beverly Hills,Makeup,23.0,4.695,187062,19,0,0,0.0
P69304,Strong Hold Clear Brow Gel,Anastasia Beverly Hills,Makeup,22.0,4.4206,209498,15,0,0,0.0
P69305,Perfect Brow Pencil,Anastasia Beverly Hills,Makeup,23.0,4.4411,63182,12,0,0,0.0
P6986,Touch,BURBERRY,Fragrance,74.0,4.85,6500,23,0,0,0.0
P70400,ALLURE HOMME SPORT Eau de Toilette,CHANEL,Fragrance,96.0,4.875,7900,12,0,0,0.0
P73124556,Match Stix Shimmer Skinstick,Fenty Beauty by Rihanna,Makeup,32.0,4.3673,253173,30,0,0,0.0
P7365,Pure Skin Clarifying Dietary Supplement,Murad,Skincare,50.0,4.0723,12516,43,0,0,0.0
P74312,Heavy Metal Glitter Eyeliner,Urban Decay,Makeup,25.0,4.584,286897,37,0,0,0.0
P74520,Lip Injection Hydrating & Plumping Lip Gloss,Too Faced,Makeup,26.0,3.7268,73664,15,0,0,0.0
P76000,Pure Poison,Dior,Fragrance,130.0,4.5763,26129,22,0,0,0.0
P76001,Prada Amber,Prada,Fragrance,145.0,4.5586,9714,22,0,0,0.0
P77484859,Perfect Strokes Matte Liquid Liner,Rare Beauty by Selena Gomez,Makeup,21.0,4.2939,72389,14,0,0,0.0
P7827,Sugar Lychee Body Lotion,fresh,Bath & Body,28.0,4.0903,12555,33,0,0,0.0
P78300,Sleek Finish Texture Cream,Jack Black,Hair,16.0,4.2143,1394,28,0,0,0.0
P78301,Body-Building Hair Gel,Jack Black,Hair,16.0,4.0,1361,17,0,0,0.0
P7844,Brown Sugar Body Polish Exfoliator,fresh,Bath & Body,67.0,4.3914,42921,20,0,0,0.0
P7880,Soy Hydrating Gentle Face Cleanser,fresh,Skincare,39.0,4.3628,282865,31,0,0,0.0
P78834,Velvet Matte Lipstick Pencil,NARS,Makeup,27.0,4.4391,422598,32,0,0,0.0
P79502,Brit For Men,BURBERRY,Fragrance,94.0,4.6735,3007,17,0,0,0.0
P79797874,Magnetic Spirit Eyeshadow Palette,Rare Beauty by Selena Gomez,Makeup,25.0,4.3768,24581,85,0,0,0.0
P82858582,Blot & Glow Touch-Up Kit,Rare Beauty by Selena Gomez,Makeup,26.0,3.7402,64971,13,0,0,0.0
P85225585,Diamond Bomb All-Over Diamond Veil,Fenty Beauty by Rihanna,Makeup,42.0,4.454,276524,14,0,0,0.0
P86825294,Mothership V Eyeshadow Palette - Bronze Seduction,PAT McGRATH LABS,Makeup,128.0,4.3811,94600,161,0,0,0.0
P87788965,Gentle Makeup Remover Wipes,MAKEUP BY MARIO,Makeup,15.0,3.0,3877,17,0,0,0.0
P87985432,Pro Filt’r Soft Matte Longwear Liquid Foundation,Fenty Beauty by Rihanna,Makeup,40.0,4.0356,856497,36,0,0,0.0
P87987897,Lip Soufflé Matte Cream Lipstick,Rare Beauty by Selena Gomez,Makeup,20.0,4.2939,222682,29,0,0,0.0
P88779809,Pro Filt’r Instant Retouch Longwear Liquid Concealer,Fenty Beauty by Rihanna,Makeup,30.0,3.8332,259486,33,0,0,0.0
P88779810,Pro Filt'r Instant Retouch Setting Powder,Fenty Beauty by Rihanna,Makeup,36.0,4.1925,181454,15,0,0,0.0
P9009,Ralph,Ralph Lauren,Fragrance,90.0,4.6895,21034,12,0,0,0.0
P91627362,GO OFF Makeup Dissolving Mist,ONE/SIZE by Patrick Starrr,Skincare,24.0,4.1746,18322,10,0,0,0.0
P9214873437,Glow Coco Hydrating Mist,HUDA BEAUTY,Makeup,35.0,4.2143,8686,30,0,0,0.0
P94421,Vinoperfect Radiance Dark Spot Serum Vitamin C Alternative,Caudalie,Skincare,82.0,4.2442,166423,19,0,0,0.0
P94812,One-Step Gentle Exfoliating Cleanser with Orange Extract,Clarins,Skincare,39.0,4.6138,25054,32,0,0,0.0
P94902,Instant Eye Waterproof Make-Up Remover,Clarins,Makeup,33.0,4.4968,6674,15,0,0,0.0
P95070,Tonic Body Firming & Toning Natural Treatment Oil,Clarins,Bath & Body,70.0,4.3969,25953,9,0,0,0.0
P9549,ALLURE Eau de Parfum,CHANEL,Fragrance,122.0,4.3077,7564,27,0,0,0.0
P9550,ALLURE Eau de Toilette,CHANEL,Fragrance,100.0,4.6111,5458,24,0,0,0.0
P9576,COCO Eau de Parfum,CHANEL,Fragrance,122.0,4.7,12834,23,0,0,0.0
P9577,COCO Eau de Toilette,CHANEL,Fragrance,100.0,4.619,4749,22,0,0,0.0
P96809,Cool Moisture Body Lotion,Jack Black,Men,32.0,4.5679,3218,23,0,0,0.0
P96811,Pit Boss Antiperspirant & Deodorant,Jack Black,Bath & Body,22.0,4.2155,3478,12,0,0,0.0
P97832786,Pro Filt'r Amplifying Eye Primer,Fenty Beauty by Rihanna,Makeup,22.0,4.1025,53612,22,0,0,0.0
P97989778,Soft Pinch Liquid Blush,Rare Beauty by Selena Gomez,Makeup,23.0,4.5356,1401068,26,0,0,0.0
P98364786,Master Mattes Eyeshadow Palette,MAKEUP BY MARIO,Makeup,50.0,3.8672,134621,136,0,0,0.0
P98466189,LEGIT LASHES Double-Ended Volumizing and Lengthening Mascara,HUDA BEAUTY,Makeup,31.0,3.8657,50667,86,0,0,0.0
P9864,Angel Eau de Parfum,Mugler,Fragrance,95.0,4.0626,32020,28,0,0,0.0
P9889,Photo Finish Smooth & Blur Oil-Free Foundation Primer,Smashbox,Makeup,42.0,4.319,239217,15,0,0,0.0
P9939,Essential-C Toner,Murad,Skincare,42.0,4.3088,15154,46,0,0,0.0
P9940,Essential-C Day Moisture Broad Spectrum SPF 30 PA+++,Murad,Skincare,68.0,4.2485,24570,45,0,0,0.0
P9941,Essential-C Cleanser,Murad,Skincare,44.0,4.4962,18246,36,0,0,0.0
P99809,Amazonian Clay Waterproof Bronzer,tarte,Makeup,32.0,4.6236,34847,20,0,0,0.0
P99901,Diorshow Waterproof Mascara,Dior,Makeup,29.5,3.8403,45007,33,0,0,0.0
P99902,Crayon Eyeliner - Waterproof,Dior,Makeup,30.0,4.313,19701,23,0,0,0.0
